iso3,country,year,ai_food_papers_full_count,ai_food_papers_fractional_count,n_unique_papers,region,income_group,population,gdp_current_usd,rd_expenditure_pct_gdp,food_system_need_index_main_min4,food_system_need_index_strict_all5,need_food_security_score,need_nutrition_score,need_food_waste_score,need_sustainability_score,need_supply_vulnerability_score,ai_food_papers_per_million_population_full,ai_food_papers_per_million_population_fractional,ai_food_papers_per_billion_gdp_full,ai_food_papers_per_billion_gdp_fractional
AFG,Afghanistan,2018,1.0,0.5,1,Middle East & North Africa,Low income,42647492.0,103317492737.43,,0.5820355855476582,0.5820355855476582,0.9289940828402368,0.5206728886568333,0.9395348837209302,0.0377358490566037,0.4832402234636871,0.023448037694690227,0.011724018847345113,0.009678903092832399,0.0048394515464161994
AFG,Afghanistan,2023,2.0,0.8333333333333333,2,Middle East & North Africa,Low income,42647492.0,103317492737.43,,0.5820355855476582,0.5820355855476582,0.9289940828402368,0.5206728886568333,0.9395348837209302,0.0377358490566037,0.4832402234636871,0.046896075389380454,0.019540031412241855,0.019357806185664798,0.008065752577360332
AFG,Afghanistan,2024,4.0,1.5833333333333333,4,Middle East & North Africa,Low income,42647492.0,103317492737.43,,0.5820355855476582,0.5820355855476582,0.9289940828402368,0.5206728886568333,0.9395348837209302,0.0377358490566037,0.4832402234636871,0.09379215077876091,0.03712605968325953,0.038715612371329595,0.01532492989698463
AFG,Afghanistan,2025,8.0,2.9166666666666665,8,Middle East & North Africa,Low income,42647492.0,103317492737.43,,0.5820355855476582,0.5820355855476582,0.9289940828402368,0.5206728886568333,0.9395348837209302,0.0377358490566037,0.4832402234636871,0.18758430155752182,0.0683901099428465,0.07743122474265919,0.02823013402076116
AGO,Angola,2022,1.0,0.25,1,Sub-Saharan Africa,Lower middle income,37885849.0,80396942241.6233,0.03229,0.6390441922061056,0.6390441922061056,0.893491124260355,0.5574011225688552,0.5720930232558139,0.6415094339622641,0.5307262569832403,0.026395079598189816,0.006598769899547454,0.012438283995859204,0.003109570998964801
AGO,Angola,2023,2.0,0.45,2,Sub-Saharan Africa,Lower middle income,37885849.0,80396942241.6233,0.03229,0.6390441922061056,0.6390441922061056,0.893491124260355,0.5574011225688552,0.5720930232558139,0.6415094339622641,0.5307262569832403,0.05279015919637963,0.011877785819185417,0.024876567991718408,0.005597227798136642
AGO,Angola,2024,4.0,0.6428571428571428,4,Sub-Saharan Africa,Lower middle income,37885849.0,80396942241.6233,0.03229,0.6390441922061056,0.6390441922061056,0.893491124260355,0.5574011225688552,0.5720930232558139,0.6415094339622641,0.5307262569832403,0.10558031839275926,0.016968265455979164,0.049753135983436815,0.007996039711623772
AGO,Angola,2025,7.0,1.0095238095238095,7,Sub-Saharan Africa,Lower middle income,37885849.0,80396942241.6233,0.03229,0.6390441922061056,0.6390441922061056,0.893491124260355,0.5574011225688552,0.5720930232558139,0.6415094339622641,0.5307262569832403,0.1847655571873287,0.026646461308648766,0.08706798797101443,0.012556743843438816
ALB,Albania,2011,1.0,1.0,1,Europe & Central Asia,Upper middle income,2377128.0,27177735527.5667,0.19997,0.4809184845652192,0.4809184845652192,0.5177514792899408,0.490503850672236,0.4,0.5047169811320755,0.4916201117318435,0.42067570614624034,0.42067570614624034,0.03679482416721909,0.03679482416721909
ALB,Albania,2015,1.0,1.0,1,Europe & Central Asia,Upper middle income,2377128.0,27177735527.5667,0.19997,0.4809184845652192,0.4809184845652192,0.5177514792899408,0.490503850672236,0.4,0.5047169811320755,0.4916201117318435,0.42067570614624034,0.42067570614624034,0.03679482416721909,0.03679482416721909
ALB,Albania,2016,1.0,1.0,1,Europe & Central Asia,Upper middle income,2377128.0,27177735527.5667,0.19997,0.4809184845652192,0.4809184845652192,0.5177514792899408,0.490503850672236,0.4,0.5047169811320755,0.4916201117318435,0.42067570614624034,0.42067570614624034,0.03679482416721909,0.03679482416721909
ALB,Albania,2020,1.0,0.5,1,Europe & Central Asia,Upper middle income,2377128.0,27177735527.5667,0.19997,0.4809184845652192,0.4809184845652192,0.5177514792899408,0.490503850672236,0.4,0.5047169811320755,0.4916201117318435,0.42067570614624034,0.21033785307312017,0.03679482416721909,0.018397412083609545
ALB,Albania,2021,1.0,0.5,1,Europe & Central Asia,Upper middle income,2377128.0,27177735527.5667,0.19997,0.4809184845652192,0.4809184845652192,0.5177514792899408,0.490503850672236,0.4,0.5047169811320755,0.4916201117318435,0.42067570614624034,0.21033785307312017,0.03679482416721909,0.018397412083609545
ALB,Albania,2022,2.0,1.5,2,Europe & Central Asia,Upper middle income,2377128.0,27177735527.5667,0.19997,0.4809184845652192,0.4809184845652192,0.5177514792899408,0.490503850672236,0.4,0.5047169811320755,0.4916201117318435,0.8413514122924807,0.6310135592193605,0.07358964833443818,0.05519223625082863
ALB,Albania,2023,3.0,0.9047619047619047,3,Europe & Central Asia,Upper middle income,2377128.0,27177735527.5667,0.19997,0.4809184845652192,0.4809184845652192,0.5177514792899408,0.490503850672236,0.4,0.5047169811320755,0.4916201117318435,1.262027118438721,0.38061135317993167,0.11038447250165725,0.033290555198912504
ALB,Albania,2024,3.0,1.5833333333333333,3,Europe & Central Asia,Upper middle income,2377128.0,27177735527.5667,0.19997,0.4809184845652192,0.4809184845652192,0.5177514792899408,0.490503850672236,0.4,0.5047169811320755,0.4916201117318435,1.262027118438721,0.6660698680648806,0.11038447250165725,0.05825847159809689
ALB,Albania,2025,5.0,2.7066666666666666,5,Europe & Central Asia,Upper middle income,2377128.0,27177735527.5667,0.19997,0.4809184845652192,0.4809184845652192,0.5177514792899408,0.490503850672236,0.4,0.5047169811320755,0.4916201117318435,2.1033785307312014,1.1386289113024903,0.18397412083609543,0.09959132407927299
ARE,United Arab Emirates,2010,1.0,0.2,1,Middle East & North Africa,High income,10986400.0,537078829135.466,1.49469,0.6813891372046333,0.6813891372046333,0.1893491124260355,0.9308510638297872,0.8372093023255814,0.4858490566037736,0.9636871508379888,0.09102162673851306,0.018204325347702614,0.00186192407101523,0.000372384814203046
ARE,United Arab Emirates,2013,3.0,0.7833333333333333,3,Middle East & North Africa,High income,10986400.0,537078829135.466,1.49469,0.6813891372046333,0.6813891372046333,0.1893491124260355,0.9308510638297872,0.8372093023255814,0.4858490566037736,0.9636871508379888,0.27306488021553926,0.0713002742785019,0.00558577221304569,0.0014585071889619303
ARE,United Arab Emirates,2014,2.0,0.8333333333333333,2,Middle East & North Africa,High income,10986400.0,537078829135.466,1.49469,0.6813891372046333,0.6813891372046333,0.1893491124260355,0.9308510638297872,0.8372093023255814,0.4858490566037736,0.9636871508379888,0.18204325347702613,0.07585135561542755,0.00372384814203046,0.0015516033925126915
ARE,United Arab Emirates,2015,1.0,0.3333333333333333,1,Middle East & North Africa,High income,10986400.0,537078829135.466,1.49469,0.6813891372046333,0.6813891372046333,0.1893491124260355,0.9308510638297872,0.8372093023255814,0.4858490566037736,0.9636871508379888,0.09102162673851306,0.030340542246171023,0.00186192407101523,0.0006206413570050766
ARE,United Arab Emirates,2016,2.0,0.8333333333333333,2,Middle East & North Africa,High income,10986400.0,537078829135.466,1.49469,0.6813891372046333,0.6813891372046333,0.1893491124260355,0.9308510638297872,0.8372093023255814,0.4858490566037736,0.9636871508379888,0.18204325347702613,0.07585135561542755,0.00372384814203046,0.0015516033925126915
ARE,United Arab Emirates,2017,1.0,0.5,1,Middle East & North Africa,High income,10986400.0,537078829135.466,1.49469,0.6813891372046333,0.6813891372046333,0.1893491124260355,0.9308510638297872,0.8372093023255814,0.4858490566037736,0.9636871508379888,0.09102162673851306,0.04551081336925653,0.00186192407101523,0.000930962035507615
ARE,United Arab Emirates,2018,4.0,1.6666666666666665,4,Middle East & North Africa,High income,10986400.0,537078829135.466,1.49469,0.6813891372046333,0.6813891372046333,0.1893491124260355,0.9308510638297872,0.8372093023255814,0.4858490566037736,0.9636871508379888,0.36408650695405226,0.1517027112308551,0.00744769628406092,0.003103206785025383
ARE,United Arab Emirates,2019,6.0,2.6166666666666667,6,Middle East & North Africa,High income,10986400.0,537078829135.466,1.49469,0.6813891372046333,0.6813891372046333,0.1893491124260355,0.9308510638297872,0.8372093023255814,0.4858490566037736,0.9636871508379888,0.5461297604310785,0.23817325663244254,0.01117154442609138,0.004872034652489852
ARE,United Arab Emirates,2020,13.0,5.488095238095238,13,Middle East & North Africa,High income,10986400.0,537078829135.466,1.49469,0.6813891372046333,0.6813891372046333,0.1893491124260355,0.9308510638297872,0.8372093023255814,0.4858490566037736,0.9636871508379888,1.18328114760067,0.4995353562673157,0.024205012923197988,0.010218416627833585
ARE,United Arab Emirates,2021,28.0,12.85,28,Middle East & North Africa,High income,10986400.0,537078829135.466,1.49469,0.6813891372046333,0.6813891372046333,0.1893491124260355,0.9308510638297872,0.8372093023255814,0.4858490566037736,0.9636871508379888,2.548605548678366,1.1696279035898929,0.05213387398842644,0.023925724312545704
ARE,United Arab Emirates,2022,53.0,21.376190476190477,53,Middle East & North Africa,High income,10986400.0,537078829135.466,1.49469,0.6813891372046333,0.6813891372046333,0.1893491124260355,0.9308510638297872,0.8372093023255814,0.4858490566037736,0.9636871508379888,4.824146217141193,1.9456956306151678,0.09868197576380719,0.03980084359422556
ARE,United Arab Emirates,2023,60.0,24.978546453546453,60,Middle East & North Africa,High income,10986400.0,537078829135.466,1.49469,0.6813891372046333,0.6813891372046333,0.1893491124260355,0.9308510638297872,0.8372093023255814,0.4858490566037736,0.9636871508379888,5.461297604310784,2.2735879317653147,0.1117154442609138,0.04650815690083025
ARE,United Arab Emirates,2024,76.0,32.30238095238095,76,Middle East & North Africa,High income,10986400.0,537078829135.466,1.49469,0.6813891372046333,0.6813891372046333,0.1893491124260355,0.9308510638297872,0.8372093023255814,0.4858490566037736,0.9636871508379888,6.917643632126993,2.9402152618128734,0.14150622939715748,0.06014458064634197
ARE,United Arab Emirates,2025,118.0,54.36377876509455,118,Middle East & North Africa,High income,10986400.0,537078829135.466,1.49469,0.6813891372046333,0.6813891372046333,0.1893491124260355,0.9308510638297872,0.8372093023255814,0.4858490566037736,0.9636871508379888,10.740551955144543,4.9482795788515395,0.21970704037979713,0.10122122827407616
ARG,Argentina,2010,9.0,6.75,9,Latin America & Caribbean,Upper middle income,45696159.0,633266692533.689,0.60111,0.5351882202448983,0.5351882202448983,0.408284023668639,0.5988447983291998,0.6767441860465117,0.8915094339622641,0.1005586592178771,0.19695309621099663,0.14771482215824747,0.014212021737620775,0.010659016303215581
ARG,Argentina,2011,9.0,7.75,9,Latin America & Caribbean,Upper middle income,45696159.0,633266692533.689,0.60111,0.5351882202448983,0.5351882202448983,0.408284023668639,0.5988447983291998,0.6767441860465117,0.8915094339622641,0.1005586592178771,0.19695309621099663,0.16959849951502487,0.014212021737620775,0.01223812982961789
ARG,Argentina,2012,13.0,8.833333333333334,13,Latin America & Caribbean,Upper middle income,45696159.0,633266692533.689,0.60111,0.5351882202448983,0.5351882202448983,0.408284023668639,0.5988447983291998,0.6767441860465117,0.8915094339622641,0.1005586592178771,0.2844878056381062,0.19330581665153376,0.02052847584323001,0.013948836149887059
ARG,Argentina,2013,13.0,10.583333333333334,13,Latin America & Caribbean,Upper middle income,45696159.0,633266692533.689,0.60111,0.5351882202448983,0.5351882202448983,0.408284023668639,0.5988447983291998,0.6767441860465117,0.8915094339622641,0.1005586592178771,0.2844878056381062,0.2316022520258942,0.02052847584323001,0.0167122848210911
ARG,Argentina,2014,12.0,8.25,12,Latin America & Caribbean,Upper middle income,45696159.0,633266692533.689,0.60111,0.5351882202448983,0.5351882202448983,0.408284023668639,0.5988447983291998,0.6767441860465117,0.8915094339622641,0.1005586592178771,0.26260412828132884,0.18054033819341359,0.0189493623168277,0.013027686592819044
ARG,Argentina,2015,14.0,11.424242424242424,14,Latin America & Caribbean,Upper middle income,45696159.0,633266692533.689,0.60111,0.5351882202448983,0.5351882202448983,0.408284023668639,0.5988447983291998,0.6767441860465117,0.8915094339622641,0.1005586592178771,0.30637148299488365,0.2500044352577297,0.022107589369632318,0.01804017574102031
ARG,Argentina,2016,17.0,12.573333333333334,17,Latin America & Caribbean,Upper middle income,45696159.0,633266692533.689,0.60111,0.5351882202448983,0.5351882202448983,0.408284023668639,0.5988447983291998,0.6767441860465117,0.8915094339622641,0.1005586592178771,0.37202251506521583,0.2751507699658813,0.026844929948839243,0.019854720738631693
ARG,Argentina,2017,16.0,13.7,16,Latin America & Caribbean,Upper middle income,45696159.0,633266692533.689,0.60111,0.5351882202448983,0.5351882202448983,0.408284023668639,0.5988447983291998,0.6767441860465117,0.8915094339622641,0.1005586592178771,0.35013883770843846,0.2998063797878504,0.025265816422436933,0.021633855311711622
ARG,Argentina,2018,21.0,14.866666666666667,21,Latin America & Caribbean,Upper middle income,45696159.0,633266692533.689,0.60111,0.5351882202448983,0.5351882202448983,0.408284023668639,0.5988447983291998,0.6767441860465117,0.8915094339622641,0.1005586592178771,0.45955722449232544,0.32533733670409076,0.033161384054448476,0.02347615442584765
ARG,Argentina,2019,31.0,21.06111111111111,31,Latin America & Caribbean,Upper middle income,45696159.0,633266692533.689,0.60111,0.5351882202448983,0.5351882202448983,0.408284023668639,0.5988447983291998,0.6767441860465117,0.8915094339622641,0.1005586592178771,0.6783939980600995,0.4608945603307952,0.04895251931847156,0.03325788543661751
ARG,Argentina,2020,26.0,15.32202380952381,26,Latin America & Caribbean,Upper middle income,45696159.0,633266692533.689,0.60111,0.5351882202448983,0.5351882202448983,0.408284023668639,0.5988447983291998,0.6767441860465117,0.8915094339622641,0.1005586592178771,0.5689756112762124,0.33530222550048044,0.04105695168646002,0.024195215049477272
ARG,Argentina,2021,23.0,11.404656862745098,23,Latin America & Caribbean,Upper middle income,45696159.0,633266692533.689,0.60111,0.5351882202448983,0.5351882202448983,0.408284023668639,0.5988447983291998,0.6767441860465117,0.8915094339622641,0.1005586592178771,0.5033245792058803,0.24957583114907092,0.0363196111072531,0.0180092479159377
ARG,Argentina,2022,24.0,13.791666666666666,24,Latin America & Caribbean,Upper middle income,45696159.0,633266692533.689,0.60111,0.5351882202448983,0.5351882202448983,0.408284023668639,0.5988447983291998,0.6767441860465117,0.8915094339622641,0.1005586592178771,0.5252082565626577,0.301812383545555,0.0378987246336554,0.02177860738496517
ARG,Argentina,2023,36.0,22.354700854700855,36,Latin America & Caribbean,Upper middle income,45696159.0,633266692533.689,0.60111,0.5351882202448983,0.5351882202448983,0.408284023668639,0.5988447983291998,0.6767441860465117,0.8915094339622641,0.1005586592178771,0.7878123848439865,0.48920306091154964,0.0568480869504831,0.03530061049833537
ARG,Argentina,2024,36.0,18.396428571428572,36,Latin America & Caribbean,Upper middle income,45696159.0,633266692533.689,0.60111,0.5351882202448983,0.5351882202448983,0.408284023668639,0.5988447983291998,0.6767441860465117,0.8915094339622641,0.1005586592178771,0.7878123848439865,0.4025815073741444,0.0568480869504831,0.029050049194636753
ARG,Argentina,2025,50.0,28.772557997557996,50,Latin America & Caribbean,Upper middle income,45696159.0,633266692533.689,0.60111,0.5351882202448983,0.5351882202448983,0.408284023668639,0.5988447983291998,0.6767441860465117,0.8915094339622641,0.1005586592178771,1.0941838678388702,0.6296493759477245,0.07895567632011542,0.04543513552313875
ARM,Armenia,2014,1.0,0.3333333333333333,1,Europe & Central Asia,Upper middle income,3033500.0,25786585949.6346,0.2861,0.4944276088430828,0.4944276088430828,0.1893491124260355,0.4228968150372014,0.872093023255814,0.2783018867924528,0.7094972067039106,0.3296522169111587,0.10988407230371958,0.03877985251530244,0.012926617505100811
ARM,Armenia,2017,1.0,1.0,1,Europe & Central Asia,Upper middle income,3033500.0,25786585949.6346,0.2861,0.4944276088430828,0.4944276088430828,0.1893491124260355,0.4228968150372014,0.872093023255814,0.2783018867924528,0.7094972067039106,0.3296522169111587,0.3296522169111587,0.03877985251530244,0.03877985251530244
ARM,Armenia,2020,1.0,0.3333333333333333,1,Europe & Central Asia,Upper middle income,3033500.0,25786585949.6346,0.2861,0.4944276088430828,0.4944276088430828,0.1893491124260355,0.4228968150372014,0.872093023255814,0.2783018867924528,0.7094972067039106,0.3296522169111587,0.10988407230371958,0.03877985251530244,0.012926617505100811
ARM,Armenia,2021,1.0,0.3333333333333333,1,Europe & Central Asia,Upper middle income,3033500.0,25786585949.6346,0.2861,0.4944276088430828,0.4944276088430828,0.1893491124260355,0.4228968150372014,0.872093023255814,0.2783018867924528,0.7094972067039106,0.3296522169111587,0.10988407230371958,0.03877985251530244,0.012926617505100811
ARM,Armenia,2024,4.0,1.4166666666666665,4,Europe & Central Asia,Upper middle income,3033500.0,25786585949.6346,0.2861,0.4944276088430828,0.4944276088430828,0.1893491124260355,0.4228968150372014,0.872093023255814,0.2783018867924528,0.7094972067039106,1.3186088676446348,0.46700730729080814,0.15511941006120977,0.05493812439667845
ARM,Armenia,2025,3.0,2.0,3,Europe & Central Asia,Upper middle income,3033500.0,25786585949.6346,0.2861,0.4944276088430828,0.4944276088430828,0.1893491124260355,0.4228968150372014,0.872093023255814,0.2783018867924528,0.7094972067039106,0.9889566507334762,0.6593044338223174,0.11633955754590733,0.07755970503060489
AUS,Australia,2010,31.0,21.074242424242424,31,East Asia & Pacific,High income,27196812.0,1752193307380.34,1.85783,0.5018144711056809,0.5018144711056809,0.1893491124260355,0.4714462863855894,0.827906976744186,0.9198113207547168,0.1005586592178771,1.1398394782447296,0.7748791448145623,0.017692111863129596,0.01202735014194866
AUS,Australia,2011,38.0,26.566666666666666,38,East Asia & Pacific,High income,27196812.0,1752193307380.34,1.85783,0.5018144711056809,0.5018144711056809,0.1893491124260355,0.4714462863855894,0.827906976744186,0.9198113207547168,0.1005586592178771,1.3972225862354748,0.9768301765172575,0.02168710486448144,0.015161949628940097
AUS,Australia,2012,42.0,27.75,42,East Asia & Pacific,High income,27196812.0,1752193307380.34,1.85783,0.5018144711056809,0.5018144711056809,0.1893491124260355,0.4714462863855894,0.827906976744186,0.9198113207547168,0.1005586592178771,1.5442986479444722,1.0203401781061692,0.02396995800811107,0.015837293683930526
AUS,Australia,2013,50.0,37.0,50,East Asia & Pacific,High income,27196812.0,1752193307380.34,1.85783,0.5018144711056809,0.5018144711056809,0.1893491124260355,0.4714462863855894,0.827906976744186,0.9198113207547168,0.1005586592178771,1.8384507713624672,1.3604535708082255,0.02853566429537032,0.021116391578574038
AUS,Australia,2014,53.0,39.11666666666667,53,East Asia & Pacific,High income,27196812.0,1752193307380.34,1.85783,0.5018144711056809,0.5018144711056809,0.1893491124260355,0.4714462863855894,0.827906976744186,0.9198113207547168,0.1005586592178771,1.9487578176442153,1.4382813201292368,0.03024780415309254,0.022324401367078046
AUS,Australia,2015,56.0,37.53333333333333,56,East Asia & Pacific,High income,27196812.0,1752193307380.34,1.85783,0.5018144711056809,0.5018144711056809,0.1893491124260355,0.4714462863855894,0.827906976744186,0.9198113207547168,0.1005586592178771,2.059064863925963,1.3800637123694253,0.031959944010814756,0.02142077199772465
AUS,Australia,2016,77.0,49.32928571428571,77,East Asia & Pacific,High income,27196812.0,1752193307380.34,1.85783,0.5018144711056809,0.5018144711056809,0.1893491124260355,0.4714462863855894,0.827906976744186,0.9198113207547168,0.1005586592178771,2.8312141878981993,1.813789267443762,0.04394492301487029,0.028152878741465277
AUS,Australia,2017,70.0,43.95,70,East Asia & Pacific,High income,27196812.0,1752193307380.34,1.85783,0.5018144711056809,0.5018144711056809,0.1893491124260355,0.4714462863855894,0.827906976744186,0.9198113207547168,0.1005586592178771,2.5738310799074537,1.6159982280276086,0.039949930013518445,0.02508284891563051
AUS,Australia,2018,115.0,74.13333333333334,115,East Asia & Pacific,High income,27196812.0,1752193307380.34,1.85783,0.5018144711056809,0.5018144711056809,0.1893491124260355,0.4714462863855894,0.827906976744186,0.9198113207547168,0.1005586592178771,4.228436774133674,2.7258096770067515,0.06563202787935173,0.04230887826193573
AUS,Australia,2019,141.0,85.88806471306471,141,East Asia & Pacific,High income,27196812.0,1752193307380.34,1.85783,0.5018144711056809,0.5018144711056809,0.1893491124260355,0.4714462863855894,0.827906976744186,0.9198113207547168,0.1005586592178771,5.184431175242158,3.158019576451266,0.0804705733129443,0.049017459632621115
AUS,Australia,2020,185.0,110.00053418803418,185,East Asia & Pacific,High income,27196812.0,1752193307380.34,1.85783,0.5018144711056809,0.5018144711056809,0.1893491124260355,0.4714462863855894,0.827906976744186,0.9198113207547168,0.1005586592178771,6.802267854041128,4.044611338565497,0.10558195789287017,0.06277876631802298
AUS,Australia,2021,252.0,153.7942821067821,252,East Asia & Pacific,High income,27196812.0,1752193307380.34,1.85783,0.5018144711056809,0.5018144711056809,0.1893491124260355,0.4714462863855894,0.827906976744186,0.9198113207547168,0.1005586592178771,9.265791887666834,5.654864331407008,0.1438197480486664,0.08777244009493225
AUS,Australia,2022,307.0,175.47268368886014,307,East Asia & Pacific,High income,27196812.0,1752193307380.34,1.85783,0.5018144711056809,0.5018144711056809,0.1893491124260355,0.4714462863855894,0.827906976744186,0.9198113207547168,0.1005586592178771,11.288087736165547,6.451957813616542,0.17520897877357375,0.10014459189506032
AUS,Australia,2023,336.0,184.87759462759462,336,East Asia & Pacific,High income,27196812.0,1752193307380.34,1.85783,0.5018144711056809,0.5018144711056809,0.1893491124260355,0.4714462863855894,0.827906976744186,0.9198113207547168,0.1005586592178771,12.354389183555778,6.797767129014776,0.19175966406488856,0.10551209952057199
AUS,Australia,2024,405.0,212.256311232627,405,East Asia & Pacific,High income,27196812.0,1752193307380.34,1.85783,0.5018144711056809,0.5018144711056809,0.1893491124260355,0.4714462863855894,0.827906976744186,0.9198113207547168,0.1005586592178771,14.891451248035983,7.8044555822435004,0.23113888079249958,0.1211374968381577
AUS,Australia,2025,535.0,282.72927687809266,535,East Asia & Pacific,High income,27196812.0,1752193307380.34,1.85783,0.5018144711056809,0.5018144711056809,0.1893491124260355,0.4714462863855894,0.827906976744186,0.9198113207547168,0.1005586592178771,19.671423253578396,10.39567714326564,0.3053316079604624,0.16135735462932116
AUT,Austria,2010,15.0,7.95,15,Europe & Central Asia,High income,9177982.0,521642466921.745,3.25517,0.3808624637343823,0.3808624637343823,0.1893491124260355,0.4734042553191489,0.3581395348837209,0.5566037735849056,0.3268156424581006,1.6343461994150785,0.8662034856899916,0.02875532754937732,0.015240323601169978
AUT,Austria,2011,4.0,1.9166666666666665,4,Europe & Central Asia,High income,9177982.0,521642466921.745,3.25517,0.3808624637343823,0.3808624637343823,0.1893491124260355,0.4734042553191489,0.3581395348837209,0.5566037735849056,0.3268156424581006,0.4358256531773543,0.20883312548081556,0.007668087346500618,0.0036742918535315463
AUT,Austria,2012,10.0,5.75,10,Europe & Central Asia,High income,9177982.0,521642466921.745,3.25517,0.3808624637343823,0.3808624637343823,0.1893491124260355,0.4734042553191489,0.3581395348837209,0.5566037735849056,0.3268156424581006,1.0895641329433856,0.6264993764424467,0.019170218366251546,0.011022875560594638
AUT,Austria,2013,6.0,2.7992424242424243,6,Europe & Central Asia,High income,9177982.0,521642466921.745,3.25517,0.3808624637343823,0.3808624637343823,0.1893491124260355,0.4734042553191489,0.3581395348837209,0.5566037735849056,0.3268156424581006,0.6537384797660313,0.3049954144868038,0.011502131019750927,0.005366208853280262
AUT,Austria,2014,12.0,7.283333333333333,12,Europe & Central Asia,High income,9177982.0,521642466921.745,3.25517,0.3808624637343823,0.3808624637343823,0.1893491124260355,0.4734042553191489,0.3581395348837209,0.5566037735849056,0.3268156424581006,1.3074769595320626,0.7935658768270992,0.023004262039501854,0.013962309043419874
AUT,Austria,2015,6.0,4.25,6,Europe & Central Asia,High income,9177982.0,521642466921.745,3.25517,0.3808624637343823,0.3808624637343823,0.1893491124260355,0.4734042553191489,0.3581395348837209,0.5566037735849056,0.3268156424581006,0.6537384797660313,0.4630647565009389,0.011502131019750927,0.008147342805656908
AUT,Austria,2016,13.0,6.366666666666666,13,Europe & Central Asia,High income,9177982.0,521642466921.745,3.25517,0.3808624637343823,0.3808624637343823,0.1893491124260355,0.4734042553191489,0.3581395348837209,0.5566037735849056,0.3268156424581006,1.4164333728264011,0.6936891646406221,0.02492128387612701,0.012205039026513483
AUT,Austria,2017,19.0,9.033333333333333,19,Europe & Central Asia,High income,9177982.0,521642466921.745,3.25517,0.3808624637343823,0.3808624637343823,0.1893491124260355,0.4734042553191489,0.3581395348837209,0.5566037735849056,0.3268156424581006,2.070171852592433,0.9842396000921916,0.036423414895877936,0.017317097257513896
AUT,Austria,2018,17.0,11.666666666666666,17,Europe & Central Asia,High income,9177982.0,521642466921.745,3.25517,0.3808624637343823,0.3808624637343823,0.1893491124260355,0.4734042553191489,0.3581395348837209,0.5566037735849056,0.3268156424581006,1.8522590260037557,1.2711581551006164,0.03258937122262763,0.022365254760626802
AUT,Austria,2019,22.0,11.092156862745098,22,Europe & Central Asia,High income,9177982.0,521642466921.745,3.25517,0.3808624637343823,0.3808624637343823,0.1893491124260355,0.4734042553191489,0.3581395348837209,0.5566037735849056,0.3268156424581006,2.397041092475448,1.2085616274628888,0.042174480405753396,0.02126390692115392
AUT,Austria,2020,30.0,16.59583333333333,30,Europe & Central Asia,High income,9177982.0,521642466921.745,3.25517,0.3808624637343823,0.3808624637343823,0.1893491124260355,0.4734042553191489,0.3581395348837209,0.5566037735849056,0.3268156424581006,3.268692398830157,1.8082224756306269,0.05751065509875464,0.03181457489699162
AUT,Austria,2021,49.0,24.520670995670997,49,Europe & Central Asia,High income,9177982.0,521642466921.745,3.25517,0.3808624637343823,0.3808624637343823,0.1893491124260355,0.4734042553191489,0.3581395348837209,0.5566037735849056,0.3268156424581006,5.3388642514225895,2.6716843632588296,0.09393406999463257,0.04700666174740237
AUT,Austria,2022,56.0,27.733823529411765,56,Europe & Central Asia,High income,9177982.0,521642466921.745,3.25517,0.3808624637343823,0.3808624637343823,0.1893491124260355,0.4734042553191489,0.3581395348837209,0.5566037735849056,0.3268156424581006,6.10155914448296,3.0217779387028396,0.10735322285100865,0.053166345318990865
AUT,Austria,2023,67.0,31.320970695970697,67,Europe & Central Asia,High income,9177982.0,521642466921.745,3.25517,0.3808624637343823,0.3808624637343823,0.1893491124260355,0.4734042553191489,0.3581395348837209,0.5566037735849056,0.3268156424581006,7.3000796907206835,3.4126206279300497,0.12844046305388535,0.060042984768472384
AUT,Austria,2024,93.0,42.01852453102453,93,Europe & Central Asia,High income,9177982.0,521642466921.745,3.25517,0.3808624637343823,0.3808624637343823,0.1893491124260355,0.4734042553191489,0.3581395348837209,0.5566037735849056,0.3268156424581006,10.132946436373487,4.578187724820612,0.17828303080613936,0.08055042906874375
AUT,Austria,2025,97.0,45.76683792815372,97,Europe & Central Asia,High income,9177982.0,521642466921.745,3.25517,0.3808624637343823,0.3808624637343823,0.1893491124260355,0.4734042553191489,0.3581395348837209,0.5566037735849056,0.3268156424581006,10.56877208955084,4.986590508474926,0.18595111815263998,0.08773602770155503
AZE,Azerbaijan,2016,1.0,0.5,1,Europe & Central Asia,Upper middle income,10202830.0,74315882352.9412,0.20778,0.4631274998253319,0.4631274998253319,0.1893491124260355,0.3373090980289779,0.872093023255814,0.4811320754716981,0.435754189944134,0.09801202215463749,0.049006011077318744,0.01345607383426866,0.00672803691713433
AZE,Azerbaijan,2021,2.0,0.8333333333333333,2,Europe & Central Asia,Upper middle income,10202830.0,74315882352.9412,0.20778,0.4631274998253319,0.4631274998253319,0.1893491124260355,0.3373090980289779,0.872093023255814,0.4811320754716981,0.435754189944134,0.19602404430927498,0.08167668512886457,0.02691214766853732,0.01121339486189055
AZE,Azerbaijan,2022,3.0,1.25,3,Europe & Central Asia,Upper middle income,10202830.0,74315882352.9412,0.20778,0.4631274998253319,0.4631274998253319,0.1893491124260355,0.3373090980289779,0.872093023255814,0.4811320754716981,0.435754189944134,0.29403606646391245,0.12251502769329686,0.04036822150280598,0.016820092292835827
AZE,Azerbaijan,2024,3.0,0.6761904761904762,3,Europe & Central Asia,Upper middle income,10202830.0,74315882352.9412,0.20778,0.4631274998253319,0.4631274998253319,0.1893491124260355,0.3373090980289779,0.872093023255814,0.4811320754716981,0.435754189944134,0.29403606646391245,0.06627479593313583,0.04036822150280598,0.009098868973648332
AZE,Azerbaijan,2025,30.0,10.466666666666667,30,Europe & Central Asia,Upper middle income,10202830.0,74315882352.9412,0.20778,0.4631274998253319,0.4631274998253319,0.1893491124260355,0.3373090980289779,0.872093023255814,0.4811320754716981,0.435754189944134,2.9403606646391247,1.0258591652185391,0.4036822150280598,0.1408402394653453
BDI,Burundi,2019,1.0,0.5,1,Sub-Saharan Africa,Low income,14047786.0,2162378759.3467,0.21312,0.4261223845821572,,,0.5412234042553191,0.7465116279069768,0.0424528301886792,0.3743016759776536,0.07118559465527166,0.03559279732763583,0.4624536731493427,0.23122683657467136
BDI,Burundi,2020,1.0,0.25,1,Sub-Saharan Africa,Low income,14047786.0,2162378759.3467,0.21312,0.4261223845821572,,,0.5412234042553191,0.7465116279069768,0.0424528301886792,0.3743016759776536,0.07118559465527166,0.017796398663817915,0.4624536731493427,0.11561341828733568
BDI,Burundi,2025,1.0,1.0,1,Sub-Saharan Africa,Low income,14047786.0,2162378759.3467,0.21312,0.4261223845821572,,,0.5412234042553191,0.7465116279069768,0.0424528301886792,0.3743016759776536,0.07118559465527166,0.07118559465527166,0.4624536731493427,0.4624536731493427
BEL,Belgium,2010,13.0,6.833333333333333,13,Europe & Central Asia,High income,11858610.0,664564181486.953,3.27235,0.3938559813845714,0.3938559813845714,0.1893491124260355,0.3278292651089936,0.1976744186046511,0.589622641509434,0.664804469273743,1.0962498977536153,0.5762339206140799,0.01956169225207516,0.010282427978654892
BEL,Belgium,2011,15.0,8.366666666666667,15,Europe & Central Asia,High income,11858610.0,664564181486.953,3.27235,0.3938559813845714,0.3938559813845714,0.1893491124260355,0.3278292651089936,0.1976744186046511,0.589622641509434,0.664804469273743,1.2649037281772484,0.7055351906055319,0.02257118336777903,0.012589704500694528
BEL,Belgium,2012,18.0,11.666666666666666,18,Europe & Central Asia,High income,11858610.0,664564181486.953,3.27235,0.3938559813845714,0.3938559813845714,0.1893491124260355,0.3278292651089936,0.1976744186046511,0.589622641509434,0.664804469273743,1.517884473812698,0.9838140108045265,0.027085420041334837,0.017555364841605914
BEL,Belgium,2013,29.0,17.049242424242426,29,Europe & Central Asia,High income,11858610.0,664564181486.953,3.27235,0.3938559813845714,0.3938559813845714,0.1893491124260355,0.3278292651089936,0.1976744186046511,0.589622641509434,0.664804469273743,2.4454805411426803,1.437710020334797,0.043637621177706136,0.025654771802619554
BEL,Belgium,2014,26.0,15.017857142857142,26,Europe & Central Asia,High income,11858610.0,664564181486.953,3.27235,0.3938559813845714,0.3938559813845714,0.1893491124260355,0.3278292651089936,0.1976744186046511,0.589622641509434,0.664804469273743,2.1924997955072305,1.2664095659488879,0.03912338450415032,0.022598053824169243
BEL,Belgium,2015,27.0,15.850432900432901,27,Europe & Central Asia,High income,11858610.0,664564181486.953,3.27235,0.3938559813845714,0.3938559813845714,0.1893491124260355,0.3278292651089936,0.1976744186046511,0.589622641509434,0.664804469273743,2.276826710719047,1.336618111265393,0.040628130062002256,0.023850868496956577
BEL,Belgium,2016,20.0,11.356666666666667,20,Europe & Central Asia,High income,11858610.0,664564181486.953,3.27235,0.3938559813845714,0.3938559813845714,0.1893491124260355,0.3278292651089936,0.1976744186046511,0.589622641509434,0.664804469273743,1.686538304236331,0.9576726670888636,0.030094911157038707,0.017088893718671817
BEL,Belgium,2017,33.0,23.416666666666668,33,Europe & Central Asia,High income,11858610.0,664564181486.953,3.27235,0.3938559813845714,0.3938559813845714,0.1893491124260355,0.3278292651089936,0.1976744186046511,0.589622641509434,0.664804469273743,2.7827882019899466,1.974655264543371,0.049656603409113875,0.035236125146366155
BEL,Belgium,2018,33.0,20.733333333333334,33,Europe & Central Asia,High income,11858610.0,664564181486.953,3.27235,0.3938559813845714,0.3938559813845714,0.1893491124260355,0.3278292651089936,0.1976744186046511,0.589622641509434,0.664804469273743,2.7827882019899466,1.7483780420583301,0.049656603409113875,0.031198391232796795
BEL,Belgium,2019,42.0,23.63290598290598,42,Europe & Central Asia,High income,11858610.0,664564181486.953,3.27235,0.3938559813845714,0.3938559813845714,0.1893491124260355,0.3278292651089936,0.1976744186046511,0.589622641509434,0.664804469273743,3.5417304388962956,1.992890059029345,0.06319931342978129,0.0355615102969102
BEL,Belgium,2020,63.0,29.52930402930403,63,Europe & Central Asia,High income,11858610.0,664564181486.953,3.27235,0.3938559813845714,0.3938559813845714,0.1893491124260355,0.3278292651089936,0.1976744186046511,0.589622641509434,0.664804469273743,5.312595658344443,2.490115117143074,0.09479897014467194,0.0444340890645545
BEL,Belgium,2021,73.0,39.35528817587641,73,Europe & Central Asia,High income,11858610.0,664564181486.953,3.27235,0.3938559813845714,0.3938559813845714,0.1893491124260355,0.3278292651089936,0.1976744186046511,0.589622641509434,0.664804469273743,6.155864810462609,3.318710049143737,0.1098464257231913,0.059219695060632835
BEL,Belgium,2022,78.0,42.72222222222222,78,Europe & Central Asia,High income,11858610.0,664564181486.953,3.27235,0.3938559813845714,0.3938559813845714,0.1893491124260355,0.3278292651089936,0.1976744186046511,0.589622641509434,0.664804469273743,6.577499386521692,3.602633210993719,0.11737015351245096,0.06428607411045213
BEL,Belgium,2023,83.0,41.18956043956044,83,Europe & Central Asia,High income,11858610.0,664564181486.953,3.27235,0.3938559813845714,0.3938559813845714,0.1893491124260355,0.3278292651089936,0.1976744186046511,0.589622641509434,0.664804469273743,6.999133962580775,3.473388570798807,0.12489388130171064,0.06197980810130239
BEL,Belgium,2024,116.0,62.61136173767753,116,Europe & Central Asia,High income,11858610.0,664564181486.953,3.27235,0.3938559813845714,0.3938559813845714,0.1893491124260355,0.3278292651089936,0.1976744186046511,0.589622641509434,0.664804469273743,9.781922164570721,5.279822992549509,0.17455048471082454,0.0942141684458309
BEL,Belgium,2025,161.0,71.7143887107045,161,Europe & Central Asia,High income,11858610.0,664564181486.953,3.27235,0.3938559813845714,0.3938559813845714,0.1893491124260355,0.3278292651089936,0.1976744186046511,0.589622641509434,0.664804469273743,13.576633349102465,6.047453176274833,0.24226403481416162,0.10791190784649958
BEN,Benin,2015,1.0,0.5,1,Sub-Saharan Africa,Lower middle income,14462724.0,21482643720.2743,,0.5527939116420656,0.5527939116420656,0.7544378698224852,0.5632423965539747,0.5720930232558139,0.3490566037735849,0.5251396648044693,0.06914326789337888,0.03457163394668944,0.04654920562948439,0.023274602814742196
BEN,Benin,2017,1.0,0.07142857142857142,1,Sub-Saharan Africa,Lower middle income,14462724.0,21482643720.2743,,0.5527939116420656,0.5527939116420656,0.7544378698224852,0.5632423965539747,0.5720930232558139,0.3490566037735849,0.5251396648044693,0.06914326789337888,0.004938804849527061,0.04654920562948439,0.003324943259248885
BEN,Benin,2020,2.0,0.47619047619047616,2,Sub-Saharan Africa,Lower middle income,14462724.0,21482643720.2743,,0.5527939116420656,0.5527939116420656,0.7544378698224852,0.5632423965539747,0.5720930232558139,0.3490566037735849,0.5251396648044693,0.13828653578675776,0.03292536566351374,0.09309841125896878,0.02216628839499257
BEN,Benin,2022,2.0,0.75,2,Sub-Saharan Africa,Lower middle income,14462724.0,21482643720.2743,,0.5527939116420656,0.5527939116420656,0.7544378698224852,0.5632423965539747,0.5720930232558139,0.3490566037735849,0.5251396648044693,0.13828653578675776,0.05185745092003415,0.09309841125896878,0.034911904222113294
BEN,Benin,2023,7.0,4.583333333333333,7,Sub-Saharan Africa,Lower middle income,14462724.0,21482643720.2743,,0.5527939116420656,0.5527939116420656,0.7544378698224852,0.5632423965539747,0.5720930232558139,0.3490566037735849,0.5251396648044693,0.48400287525365204,0.3169066445113198,0.32584443940639074,0.21335052580180347
BEN,Benin,2024,14.0,9.5,14,Sub-Saharan Africa,Lower middle income,14462724.0,21482643720.2743,,0.5527939116420656,0.5527939116420656,0.7544378698224852,0.5632423965539747,0.5720930232558139,0.3490566037735849,0.5251396648044693,0.9680057505073041,0.6568610449870992,0.6516888788127815,0.4422174534801017
BEN,Benin,2025,6.0,5.0,6,Sub-Saharan Africa,Lower middle income,14462724.0,21482643720.2743,,0.5527939116420656,0.5527939116420656,0.7544378698224852,0.5632423965539747,0.5720930232558139,0.3490566037735849,0.5251396648044693,0.4148596073602732,0.34571633946689434,0.27929523377690635,0.23274602814742196
BFA,Burkina Faso,2015,1.0,0.5,1,Sub-Saharan Africa,Low income,23548781.0,23250214909.5391,0.10477,0.4987221022198599,0.4987221022198599,0.7396449704142012,0.3633092938258713,0.7465116279069768,0.4150943396226415,0.2290502793296089,0.04246504309501201,0.021232521547506007,0.04301035512535069,0.021505177562675344
BFA,Burkina Faso,2016,1.0,0.5,1,Sub-Saharan Africa,Low income,23548781.0,23250214909.5391,0.10477,0.4987221022198599,0.4987221022198599,0.7396449704142012,0.3633092938258713,0.7465116279069768,0.4150943396226415,0.2290502793296089,0.04246504309501201,0.021232521547506007,0.04301035512535069,0.021505177562675344
BFA,Burkina Faso,2017,5.0,1.9047619047619047,5,Sub-Saharan Africa,Low income,23548781.0,23250214909.5391,0.10477,0.4987221022198599,0.4987221022198599,0.7396449704142012,0.3633092938258713,0.7465116279069768,0.4150943396226415,0.2290502793296089,0.21232521547506006,0.08088579637145143,0.21505177562675343,0.08192448595304892
BFA,Burkina Faso,2018,1.0,0.1,1,Sub-Saharan Africa,Low income,23548781.0,23250214909.5391,0.10477,0.4987221022198599,0.4987221022198599,0.7396449704142012,0.3633092938258713,0.7465116279069768,0.4150943396226415,0.2290502793296089,0.04246504309501201,0.0042465043095012015,0.04301035512535069,0.004301035512535069
BFA,Burkina Faso,2020,3.0,1.75,3,Sub-Saharan Africa,Low income,23548781.0,23250214909.5391,0.10477,0.4987221022198599,0.4987221022198599,0.7396449704142012,0.3633092938258713,0.7465116279069768,0.4150943396226415,0.2290502793296089,0.12739512928503605,0.07431382541627102,0.12903106537605205,0.07526812146936371
BFA,Burkina Faso,2022,2.0,0.34090909090909094,2,Sub-Saharan Africa,Low income,23548781.0,23250214909.5391,0.10477,0.4987221022198599,0.4987221022198599,0.7396449704142012,0.3633092938258713,0.7465116279069768,0.4150943396226415,0.2290502793296089,0.08493008619002403,0.014476719236935913,0.08602071025070138,0.01466262106546046
BFA,Burkina Faso,2023,3.0,0.7666666666666666,3,Sub-Saharan Africa,Low income,23548781.0,23250214909.5391,0.10477,0.4987221022198599,0.4987221022198599,0.7396449704142012,0.3633092938258713,0.7465116279069768,0.4150943396226415,0.2290502793296089,0.12739512928503605,0.0325565330395092,0.12903106537605205,0.032974605596102186
BFA,Burkina Faso,2024,6.0,2.0833333333333335,6,Sub-Saharan Africa,Low income,23548781.0,23250214909.5391,0.10477,0.4987221022198599,0.4987221022198599,0.7396449704142012,0.3633092938258713,0.7465116279069768,0.4150943396226415,0.2290502793296089,0.2547902585700721,0.08846883978127502,0.2580621307521041,0.08960490651114728
BFA,Burkina Faso,2025,10.0,4.059523809523809,10,Sub-Saharan Africa,Low income,23548781.0,23250214909.5391,0.10477,0.4987221022198599,0.4987221022198599,0.7396449704142012,0.3633092938258713,0.7465116279069768,0.4150943396226415,0.2290502793296089,0.4246504309501201,0.1723878535166559,0.43010355125350686,0.17460156068743551
BGD,Bangladesh,2010,2.0,2.0,2,South Asia,Lower middle income,173562364.0,450119424622.389,,0.3542273762355347,0.3542273762355347,0.6686390532544378,0.3580798851324892,0.3441860465116279,0.1320754716981132,0.2681564245810056,0.011523235532790969,0.011523235532790969,0.0044432652549438985,0.0044432652549438985
BGD,Bangladesh,2011,2.0,1.0,2,South Asia,Lower middle income,173562364.0,450119424622.389,,0.3542273762355347,0.3542273762355347,0.6686390532544378,0.3580798851324892,0.3441860465116279,0.1320754716981132,0.2681564245810056,0.011523235532790969,0.0057616177663954845,0.0044432652549438985,0.0022216326274719493
BGD,Bangladesh,2012,2.0,1.5,2,South Asia,Lower middle income,173562364.0,450119424622.389,,0.3542273762355347,0.3542273762355347,0.6686390532544378,0.3580798851324892,0.3441860465116279,0.1320754716981132,0.2681564245810056,0.011523235532790969,0.008642426649593226,0.0044432652549438985,0.0033324489412079237
BGD,Bangladesh,2013,3.0,1.8333333333333333,3,South Asia,Lower middle income,173562364.0,450119424622.389,,0.3542273762355347,0.3542273762355347,0.6686390532544378,0.3580798851324892,0.3441860465116279,0.1320754716981132,0.2681564245810056,0.017284853299186453,0.010562965905058386,0.006664897882415847,0.00407299315036524
BGD,Bangladesh,2014,4.0,1.6111111111111112,4,South Asia,Lower middle income,173562364.0,450119424622.389,,0.3542273762355347,0.3542273762355347,0.6686390532544378,0.3580798851324892,0.3441860465116279,0.1320754716981132,0.2681564245810056,0.023046471065581938,0.009282606401414947,0.008886530509887797,0.0035792970109270296
BGD,Bangladesh,2015,4.0,1.6666666666666665,4,South Asia,Lower middle income,173562364.0,450119424622.389,,0.3542273762355347,0.3542273762355347,0.6686390532544378,0.3580798851324892,0.3441860465116279,0.1320754716981132,0.2681564245810056,0.023046471065581938,0.009602696277325806,0.008886530509887797,0.0037027210457865815
BGD,Bangladesh,2016,6.0,2.6666666666666665,6,South Asia,Lower middle income,173562364.0,450119424622.389,,0.3542273762355347,0.3542273762355347,0.6686390532544378,0.3580798851324892,0.3441860465116279,0.1320754716981132,0.2681564245810056,0.034569706598372905,0.015364314043721291,0.013329795764831695,0.005924353673258531
BGD,Bangladesh,2017,4.0,2.333333333333333,4,South Asia,Lower middle income,173562364.0,450119424622.389,,0.3542273762355347,0.3542273762355347,0.6686390532544378,0.3580798851324892,0.3441860465116279,0.1320754716981132,0.2681564245810056,0.023046471065581938,0.013443774788256129,0.008886530509887797,0.005183809464101214
BGD,Bangladesh,2018,5.0,3.5,5,South Asia,Lower middle income,173562364.0,450119424622.389,,0.3542273762355347,0.3542273762355347,0.6686390532544378,0.3580798851324892,0.3441860465116279,0.1320754716981132,0.2681564245810056,0.02880808883197742,0.020165662182384195,0.011108163137359746,0.007775714196151823
BGD,Bangladesh,2019,13.0,10.166666666666666,13,South Asia,Lower middle income,173562364.0,450119424622.389,,0.3542273762355347,0.3542273762355347,0.6686390532544378,0.3580798851324892,0.3441860465116279,0.1320754716981132,0.2681564245810056,0.0749010309631413,0.058576447291687414,0.02888122415713534,0.022586598379298148
BGD,Bangladesh,2020,15.0,9.166666666666666,15,South Asia,Lower middle income,173562364.0,450119424622.389,,0.3542273762355347,0.3542273762355347,0.6686390532544378,0.3580798851324892,0.3441860465116279,0.1320754716981132,0.2681564245810056,0.08642426649593227,0.052814829525291936,0.03332448941207924,0.020364965751826197
BGD,Bangladesh,2021,42.0,23.817857142857143,42,South Asia,Lower middle income,173562364.0,450119424622.389,,0.3542273762355347,0.3542273762355347,0.6686390532544378,0.3580798851324892,0.3441860465116279,0.1320754716981132,0.2681564245810056,0.24198794618861033,0.1372293888717553,0.09330857035382187,0.05291452854503725
BGD,Bangladesh,2022,58.0,33.58535353535353,58,South Asia,Lower middle income,173562364.0,450119424622.389,,0.3542273762355347,0.3542273762355347,0.6686390532544378,0.3580798851324892,0.3441860465116279,0.1320754716981132,0.2681564245810056,0.3341738304509381,0.19350596961996633,0.12885469239337305,0.07461431721932178
BGD,Bangladesh,2023,68.0,42.554761904761904,68,South Asia,Lower middle income,173562364.0,450119424622.389,,0.3542273762355347,0.3542273762355347,0.6686390532544378,0.3580798851324892,0.3441860465116279,0.1320754716981132,0.2681564245810056,0.39179000811489295,0.24518427223520592,0.15107101866809253,0.0945410475019194
BGD,Bangladesh,2024,108.0,64.36020733652313,108,South Asia,Lower middle income,173562364.0,450119424622.389,,0.3542273762355347,0.3542273762355347,0.6686390532544378,0.3580798851324892,0.3441860465116279,0.1320754716981132,0.2681564245810056,0.6222547187707124,0.3708189140390087,0.23993632376697052,0.14298473652967933
BGD,Bangladesh,2025,200.0,125.67662337662337,200,South Asia,Lower middle income,173562364.0,450119424622.389,,0.3542273762355347,0.3542273762355347,0.6686390532544378,0.3580798851324892,0.3441860465116279,0.1320754716981132,0.2681564245810056,1.152323553279097,0.7241006660673472,0.44432652549438983,0.2792072870040104
BGR,Bulgaria,2010,2.0,1.3333333333333333,2,Europe & Central Asia,High income,6441421.0,112211952703.831,0.79224,0.2947006582119071,0.2947006582119071,0.1893491124260355,0.4927881477613888,0.0162790697674418,0.6745283018867925,0.1005586592178771,0.3104904958083007,0.20699366387220045,0.01782341320874027,0.011882275472493514
BGR,Bulgaria,2011,3.0,2.125,3,Europe & Central Asia,High income,6441421.0,112211952703.831,0.79224,0.2947006582119071,0.2947006582119071,0.1893491124260355,0.4927881477613888,0.0162790697674418,0.6745283018867925,0.1005586592178771,0.465735743712451,0.3298961517963195,0.02673511981311041,0.018937376534286537
BGR,Bulgaria,2013,3.0,2.5,3,Europe & Central Asia,High income,6441421.0,112211952703.831,0.79224,0.2947006582119071,0.2947006582119071,0.1893491124260355,0.4927881477613888,0.0162790697674418,0.6745283018867925,0.1005586592178771,0.465735743712451,0.3881131197603758,0.02673511981311041,0.02227926651092534
BGR,Bulgaria,2014,4.0,3.0,4,Europe & Central Asia,High income,6441421.0,112211952703.831,0.79224,0.2947006582119071,0.2947006582119071,0.1893491124260355,0.4927881477613888,0.0162790697674418,0.6745283018867925,0.1005586592178771,0.6209809916166014,0.465735743712451,0.03564682641748054,0.02673511981311041
BGR,Bulgaria,2015,2.0,1.5,2,Europe & Central Asia,High income,6441421.0,112211952703.831,0.79224,0.2947006582119071,0.2947006582119071,0.1893491124260355,0.4927881477613888,0.0162790697674418,0.6745283018867925,0.1005586592178771,0.3104904958083007,0.2328678718562255,0.01782341320874027,0.013367559906555205
BGR,Bulgaria,2016,2.0,0.8333333333333333,2,Europe & Central Asia,High income,6441421.0,112211952703.831,0.79224,0.2947006582119071,0.2947006582119071,0.1893491124260355,0.4927881477613888,0.0162790697674418,0.6745283018867925,0.1005586592178771,0.3104904958083007,0.12937103992012527,0.01782341320874027,0.0074264221703084455
BGR,Bulgaria,2017,1.0,0.25,1,Europe & Central Asia,High income,6441421.0,112211952703.831,0.79224,0.2947006582119071,0.2947006582119071,0.1893491124260355,0.4927881477613888,0.0162790697674418,0.6745283018867925,0.1005586592178771,0.15524524790415034,0.038811311976037585,0.008911706604370136,0.002227926651092534
BGR,Bulgaria,2018,3.0,1.8333333333333333,3,Europe & Central Asia,High income,6441421.0,112211952703.831,0.79224,0.2947006582119071,0.2947006582119071,0.1893491124260355,0.4927881477613888,0.0162790697674418,0.6745283018867925,0.1005586592178771,0.465735743712451,0.2846162878242756,0.02673511981311041,0.016338128774678582
BGR,Bulgaria,2019,7.0,2.4306184012066367,7,Europe & Central Asia,High income,6441421.0,112211952703.831,0.79224,0.2947006582119071,0.2947006582119071,0.1893491124260355,0.4927881477613888,0.0162790697674418,0.6745283018867925,0.1005586592178771,1.0867167353290523,0.3773419562557139,0.06238194623059095,0.021660958058736763
BGR,Bulgaria,2020,4.0,2.25,4,Europe & Central Asia,High income,6441421.0,112211952703.831,0.79224,0.2947006582119071,0.2947006582119071,0.1893491124260355,0.4927881477613888,0.0162790697674418,0.6745283018867925,0.1005586592178771,0.6209809916166014,0.3493018077843382,0.03564682641748054,0.020051339859832807
BGR,Bulgaria,2021,14.0,8.778899286987523,14,Europe & Central Asia,High income,6441421.0,112211952703.831,0.79224,0.2947006582119071,0.2947006582119071,0.1893491124260355,0.4927881477613888,0.0162790697674418,0.6745283018867925,0.1005586592178771,2.1734334706581047,1.3628823961339467,0.1247638924611819,0.07823497475494699
BGR,Bulgaria,2022,13.0,9.416666666666666,13,Europe & Central Asia,High income,6441421.0,112211952703.831,0.79224,0.2947006582119071,0.2947006582119071,0.1893491124260355,0.4927881477613888,0.0162790697674418,0.6745283018867925,0.1005586592178771,2.0181882227539543,1.4618927510974156,0.11585218585681177,0.08391857052448544
BGR,Bulgaria,2023,12.0,7.642857142857142,12,Europe & Central Asia,High income,6441421.0,112211952703.831,0.79224,0.2947006582119071,0.2947006582119071,0.1893491124260355,0.4927881477613888,0.0162790697674418,0.6745283018867925,0.1005586592178771,1.862942974849804,1.1865172518388634,0.10694047925244164,0.06811090047625745
BGR,Bulgaria,2024,7.0,3.2958333333333334,7,Europe & Central Asia,High income,6441421.0,112211952703.831,0.79224,0.2947006582119071,0.2947006582119071,0.1893491124260355,0.4927881477613888,0.0162790697674418,0.6745283018867925,0.1005586592178771,1.0867167353290523,0.5116624628840956,0.06238194623059095,0.029371499683569908
BGR,Bulgaria,2025,27.0,19.52777777777778,27,Europe & Central Asia,High income,6441421.0,112211952703.831,0.79224,0.2947006582119071,0.2947006582119071,0.1893491124260355,0.4927881477613888,0.0162790697674418,0.6745283018867925,0.1005586592178771,4.191621693412059,3.031594702128269,0.24061607831799367,0.1740258261908946
BHR,Bahrain,2020,1.0,0.5,1,Middle East & North Africa,High income,1588670.0,47736702127.6596,0.19327,,,,0.6933331157812296,0.9534883720930232,0.6886792452830188,,0.6294573448230281,0.31472867241151403,0.020948242241907614,0.010474121120953807
BHR,Bahrain,2021,2.0,1.2,2,Middle East & North Africa,High income,1588670.0,47736702127.6596,0.19327,,,,0.6933331157812296,0.9534883720930232,0.6886792452830188,,1.2589146896460561,0.7553488137876336,0.04189648448381523,0.025137890690289138
BHR,Bahrain,2022,2.0,0.24285714285714285,2,Middle East & North Africa,High income,1588670.0,47736702127.6596,0.19327,,,,0.6933331157812296,0.9534883720930232,0.6886792452830188,,1.2589146896460561,0.15286821231416395,0.04189648448381523,0.005087430258748992
BHR,Bahrain,2023,5.0,1.5075757575757576,5,Middle East & North Africa,High income,1588670.0,47736702127.6596,0.19327,,,,0.6933331157812296,0.9534883720930232,0.6886792452830188,,3.14728672411514,0.9489546334832014,0.10474121120953808,0.031581062167724355
BHR,Bahrain,2024,5.0,3.75,5,Middle East & North Africa,High income,1588670.0,47736702127.6596,0.19327,,,,0.6933331157812296,0.9534883720930232,0.6886792452830188,,3.14728672411514,2.3604650430863554,0.10474121120953808,0.07855590840715357
BHR,Bahrain,2025,15.0,8.957575757575757,15,Middle East & North Africa,High income,1588670.0,47736702127.6596,0.19327,,,,0.6933331157812296,0.9534883720930232,0.6886792452830188,,9.441860172345422,5.63841185241476,0.3142236336286143,0.1876454668699361
BHS,"Bahamas, The",2024,1.0,0.25,1,Latin America & Caribbean,High income,401283.0,15832800000.0,,0.7591913531300704,,,0.9042553191489362,0.4860465116279069,0.7358490566037735,0.9106145251396648,2.492006887907038,0.6230017219767595,0.06316002223232783,0.01579000555808196
BIH,Bosnia and Herzegovina,2019,1.0,0.5,1,Europe & Central Asia,Upper middle income,3164253.0,28343394203.4694,0.21437,0.3748818041461082,0.3748818041461082,0.1893491124260355,0.3751305312622373,0.4,0.5188679245283019,0.3910614525139664,0.31603035534769186,0.15801517767384593,0.035281589523868465,0.017640794761934232
BIH,Bosnia and Herzegovina,2020,2.0,1.5,2,Europe & Central Asia,Upper middle income,3164253.0,28343394203.4694,0.21437,0.3748818041461082,0.3748818041461082,0.1893491124260355,0.3751305312622373,0.4,0.5188679245283019,0.3910614525139664,0.6320607106953837,0.4740455330215378,0.07056317904773693,0.05292238428580269
BIH,Bosnia and Herzegovina,2021,4.0,1.892156862745098,4,Europe & Central Asia,Upper middle income,3164253.0,28343394203.4694,0.21437,0.3748818041461082,0.3748818041461082,0.1893491124260355,0.3751305312622373,0.4,0.5188679245283019,0.3910614525139664,1.2641214213907674,0.5979790057069071,0.14112635809547386,0.06675830174614326
BIH,Bosnia and Herzegovina,2022,2.0,1.5,2,Europe & Central Asia,Upper middle income,3164253.0,28343394203.4694,0.21437,0.3748818041461082,0.3748818041461082,0.1893491124260355,0.3751305312622373,0.4,0.5188679245283019,0.3910614525139664,0.6320607106953837,0.4740455330215378,0.07056317904773693,0.05292238428580269
BIH,Bosnia and Herzegovina,2023,1.0,0.5,1,Europe & Central Asia,Upper middle income,3164253.0,28343394203.4694,0.21437,0.3748818041461082,0.3748818041461082,0.1893491124260355,0.3751305312622373,0.4,0.5188679245283019,0.3910614525139664,0.31603035534769186,0.15801517767384593,0.035281589523868465,0.017640794761934232
BIH,Bosnia and Herzegovina,2024,4.0,2.2,4,Europe & Central Asia,Upper middle income,3164253.0,28343394203.4694,0.21437,0.3748818041461082,0.3748818041461082,0.1893491124260355,0.3751305312622373,0.4,0.5188679245283019,0.3910614525139664,1.2641214213907674,0.6952667817649222,0.14112635809547386,0.07761949695251062
BIH,Bosnia and Herzegovina,2025,9.0,3.1566666666666667,9,Europe & Central Asia,Upper middle income,3164253.0,28343394203.4694,0.21437,0.3748818041461082,0.3748818041461082,0.1893491124260355,0.3751305312622373,0.4,0.5188679245283019,0.3910614525139664,2.8442731981292266,0.9976024883808805,0.31753430571481617,0.11137221759701145
BLR,Belarus,2018,1.0,0.5,1,Europe & Central Asia,Upper middle income,9132629.0,75961865471.9129,0.5872,0.390656117287332,0.390656117287332,0.1893491124260355,0.3705945698994909,0.1976744186046511,0.9386792452830188,0.2569832402234637,0.10949749519004878,0.05474874759502439,0.013164500289553217,0.006582250144776609
BLR,Belarus,2019,1.0,1.0,1,Europe & Central Asia,Upper middle income,9132629.0,75961865471.9129,0.5872,0.390656117287332,0.390656117287332,0.1893491124260355,0.3705945698994909,0.1976744186046511,0.9386792452830188,0.2569832402234637,0.10949749519004878,0.10949749519004878,0.013164500289553217,0.013164500289553217
BLR,Belarus,2022,1.0,0.5,1,Europe & Central Asia,Upper middle income,9132629.0,75961865471.9129,0.5872,0.390656117287332,0.390656117287332,0.1893491124260355,0.3705945698994909,0.1976744186046511,0.9386792452830188,0.2569832402234637,0.10949749519004878,0.05474874759502439,0.013164500289553217,0.006582250144776609
BLR,Belarus,2024,2.0,2.0,2,Europe & Central Asia,Upper middle income,9132629.0,75961865471.9129,0.5872,0.390656117287332,0.390656117287332,0.1893491124260355,0.3705945698994909,0.1976744186046511,0.9386792452830188,0.2569832402234637,0.21899499038009757,0.21899499038009757,0.026329000579106435,0.026329000579106435
BLR,Belarus,2025,1.0,1.0,1,Europe & Central Asia,Upper middle income,9132629.0,75961865471.9129,0.5872,0.390656117287332,0.390656117287332,0.1893491124260355,0.3705945698994909,0.1976744186046511,0.9386792452830188,0.2569832402234637,0.10949749519004878,0.10949749519004878,0.013164500289553217,0.013164500289553217
BOL,Bolivia,2023,2.0,1.125,2,Latin America & Caribbean,Lower middle income,12413315.0,49668296743.8495,0.06308,0.6535174243759796,0.6535174243759796,0.8668639053254438,0.5118538702519253,0.627906976744186,0.9481132075471698,0.3128491620111732,0.16111731636553167,0.09062849045561157,0.040267134794544024,0.022650263321931013
BOL,Bolivia,2024,2.0,1.0,2,Latin America & Caribbean,Lower middle income,12413315.0,49668296743.8495,0.06308,0.6535174243759796,0.6535174243759796,0.8668639053254438,0.5118538702519253,0.627906976744186,0.9481132075471698,0.3128491620111732,0.16111731636553167,0.08055865818276584,0.040267134794544024,0.020133567397272012
BRA,Brazil,2010,30.0,26.233333333333334,30,Latin America & Caribbean,Upper middle income,211998573.0,2179412080828.59,1.1938,0.4905479103455549,0.4905479103455549,0.1893491124260355,0.4478690771439759,0.8093023255813954,0.9056603773584906,0.1005586592178771,0.14151038648736566,0.12374297129506308,0.01376518018960155,0.0120368853435738
BRA,Brazil,2011,31.0,27.25,31,Latin America & Caribbean,Upper middle income,211998573.0,2179412080828.59,1.1938,0.4905479103455549,0.4905479103455549,0.1893491124260355,0.4478690771439759,0.8093023255813954,0.9056603773584906,0.1005586592178771,0.14622739937027782,0.12853860105935713,0.014224019529254934,0.012503372005554741
BRA,Brazil,2012,24.0,21.0,24,Latin America & Caribbean,Upper middle income,211998573.0,2179412080828.59,1.1938,0.4905479103455549,0.4905479103455549,0.1893491124260355,0.4478690771439759,0.8093023255813954,0.9056603773584906,0.1005586592178771,0.11320830918989251,0.09905727054115596,0.011012144151681239,0.009635626132721084
BRA,Brazil,2013,67.0,60.333333333333336,67,Latin America & Caribbean,Upper middle income,211998573.0,2179412080828.59,1.1938,0.4905479103455549,0.4905479103455549,0.1893491124260355,0.4478690771439759,0.8093023255813954,0.9056603773584906,0.1005586592178771,0.3160398631551166,0.2845931106023687,0.030742235756776794,0.02768330682575423
BRA,Brazil,2014,67.0,51.94444444444444,67,Latin America & Caribbean,Upper middle income,211998573.0,2179412080828.59,1.1938,0.4905479103455549,0.4905479103455549,0.1893491124260355,0.4478690771439759,0.8093023255813954,0.9056603773584906,0.1005586592178771,0.3160398631551166,0.24502261364016087,0.030742235756776794,0.023834154587550834
BRA,Brazil,2015,57.0,44.2,57,Latin America & Caribbean,Upper middle income,211998573.0,2179412080828.59,1.1938,0.4905479103455549,0.4905479103455549,0.1893491124260355,0.4478690771439759,0.8093023255813954,0.9056603773584906,0.1005586592178771,0.26886973432599476,0.20849196942471873,0.026153842360242943,0.020280698812679618
BRA,Brazil,2016,79.0,64.54,79,Latin America & Caribbean,Upper middle income,211998573.0,2179412080828.59,1.1938,0.4905479103455549,0.4905479103455549,0.1893491124260355,0.4478690771439759,0.8093023255813954,0.9056603773584906,0.1005586592178771,0.37264401775006284,0.3044360114631527,0.03624830783261741,0.02961349098122947
BRA,Brazil,2017,81.0,64.4,81,Latin America & Caribbean,Upper middle income,211998573.0,2179412080828.59,1.1938,0.4905479103455549,0.4905479103455549,0.1893491124260355,0.4478690771439759,0.8093023255813954,0.9056603773584906,0.1005586592178771,0.38207804351588726,0.30377562965954497,0.03716598651192418,0.029549253473677997
BRA,Brazil,2018,101.0,82.75,101,Latin America & Caribbean,Upper middle income,211998573.0,2179412080828.59,1.1938,0.4905479103455549,0.4905479103455549,0.1893491124260355,0.4478690771439759,0.8093023255813954,0.9056603773584906,0.1005586592178771,0.47641830117413103,0.3903328160609836,0.04634277330499189,0.03796895535631761
BRA,Brazil,2019,124.0,96.68290598290598,124,Latin America & Caribbean,Upper middle income,211998573.0,2179412080828.59,1.1938,0.4905479103455549,0.4905479103455549,0.1893491124260355,0.4478690771439759,0.8093023255813954,0.9056603773584906,0.1005586592178771,0.5849095974811113,0.4560545130787554,0.05689607811701974,0.04436192073696688
BRA,Brazil,2020,175.0,132.3625,175,Latin America & Caribbean,Upper middle income,211998573.0,2179412080828.59,1.1938,0.4905479103455549,0.4905479103455549,0.1893491124260355,0.4478690771439759,0.8093023255813954,0.9056603773584906,0.1005586592178771,0.8254772545096329,0.6243556177144646,0.08029688443934237,0.06073312209487118
BRA,Brazil,2021,201.0,158.2421568627451,201,Latin America & Caribbean,Upper middle income,211998573.0,2179412080828.59,1.1938,0.4905479103455549,0.4905479103455549,0.1893491124260355,0.4478690771439759,0.8093023255813954,0.9056603773584906,0.1005586592178771,0.9481195894653498,0.7464302925413799,0.09222670727033039,0.07260772676022932
BRA,Brazil,2022,235.0,178.10470085470087,235,Latin America & Caribbean,Upper middle income,211998573.0,2179412080828.59,1.1938,0.4905479103455549,0.4905479103455549,0.1893491124260355,0.4478690771439759,0.8093023255813954,0.9056603773584906,0.1005586592178771,1.108498027484364,0.8401221684388454,0.10782724481854547,0.08172144332933462
BRA,Brazil,2023,268.0,210.39243534243533,268,Latin America & Caribbean,Upper middle income,211998573.0,2179412080828.59,1.1938,0.4905479103455549,0.4905479103455549,0.1893491124260355,0.4478690771439759,0.8093023255813954,0.9056603773584906,0.1005586592178771,1.2641594526204665,0.9924238279775371,0.12296894302710717,0.09653632610059053
BRA,Brazil,2024,290.0,221.2177470190628,290,Latin America & Caribbean,Upper middle income,211998573.0,2179412080828.59,1.1938,0.4905479103455549,0.4905479103455549,0.1893491124260355,0.4478690771439759,0.8093023255813954,0.9056603773584906,0.1005586592178771,1.3679337360445345,1.0434869626177286,0.13306340849948164,0.10150340496183637
BRA,Brazil,2025,371.0,272.95070544952125,371,Latin America & Caribbean,Upper middle income,211998573.0,2179412080828.59,1.1938,0.4905479103455549,0.4905479103455549,0.1893491124260355,0.4478690771439759,0.8093023255813954,0.9056603773584906,0.1005586592178771,1.7500117795604218,1.2875119940053619,0.17022939501140583,0.12524052144638392
BRB,Barbados,2012,1.0,0.25,1,Latin America & Caribbean,High income,282467.0,7165000000.0,,0.5693406039389328,0.5693406039389328,0.4556213017751479,0.4743669233781491,0.4860465116279069,0.4669811320754717,0.9636871508379888,3.540236558606846,0.8850591396517115,0.13956734124214934,0.034891835310537335
BRB,Barbados,2018,1.0,0.2,1,Latin America & Caribbean,High income,282467.0,7165000000.0,,0.5693406039389328,0.5693406039389328,0.4556213017751479,0.4743669233781491,0.4860465116279069,0.4669811320754717,0.9636871508379888,3.540236558606846,0.7080473117213693,0.13956734124214934,0.02791346824842987
BRB,Barbados,2020,1.0,0.5,1,Latin America & Caribbean,High income,282467.0,7165000000.0,,0.5693406039389328,0.5693406039389328,0.4556213017751479,0.4743669233781491,0.4860465116279069,0.4669811320754717,0.9636871508379888,3.540236558606846,1.770118279303423,0.13956734124214934,0.06978367062107467
BRB,Barbados,2023,2.0,1.25,2,Latin America & Caribbean,High income,282467.0,7165000000.0,,0.5693406039389328,0.5693406039389328,0.4556213017751479,0.4743669233781491,0.4860465116279069,0.4669811320754717,0.9636871508379888,7.080473117213692,4.425295698258558,0.2791346824842987,0.17445917655268667
BRB,Barbados,2025,2.0,0.41666666666666663,2,Latin America & Caribbean,High income,282467.0,7165000000.0,,0.5693406039389328,0.5693406039389328,0.4556213017751479,0.4743669233781491,0.4860465116279069,0.4669811320754717,0.9636871508379888,7.080473117213692,1.4750985660861857,0.2791346824842987,0.058153058850895556
BRN,Brunei Darussalam,2018,1.0,1.0,1,East Asia & Pacific,High income,462721.0,15463134387.2013,0.27764,0.5772057119639267,,,0.4808445372666753,0.241860465116279,0.8207547169811321,0.7653631284916201,2.161129492718074,2.161129492718074,0.06466994174400316,0.06466994174400316
BRN,Brunei Darussalam,2019,1.0,0.125,1,East Asia & Pacific,High income,462721.0,15463134387.2013,0.27764,0.5772057119639267,,,0.4808445372666753,0.241860465116279,0.8207547169811321,0.7653631284916201,2.161129492718074,0.2701411865897593,0.06466994174400316,0.008083742718000395
BRN,Brunei Darussalam,2021,5.0,2.111111111111111,5,East Asia & Pacific,High income,462721.0,15463134387.2013,0.27764,0.5772057119639267,,,0.4808445372666753,0.241860465116279,0.8207547169811321,0.7653631284916201,10.80564746359037,4.562384484627046,0.3233497087200158,0.13652543257067334
BRN,Brunei Darussalam,2022,4.0,2.6666666666666665,4,East Asia & Pacific,High income,462721.0,15463134387.2013,0.27764,0.5772057119639267,,,0.4808445372666753,0.241860465116279,0.8207547169811321,0.7653631284916201,8.644517970872297,5.763011980581531,0.25867976697601264,0.1724531779840084
BRN,Brunei Darussalam,2023,7.0,3.333333333333333,7,East Asia & Pacific,High income,462721.0,15463134387.2013,0.27764,0.5772057119639267,,,0.4808445372666753,0.241860465116279,0.8207547169811321,0.7653631284916201,15.127906449026518,7.203764975726914,0.45268959220802213,0.21556647248001048
BRN,Brunei Darussalam,2024,3.0,2.125,3,East Asia & Pacific,High income,462721.0,15463134387.2013,0.27764,0.5772057119639267,,,0.4808445372666753,0.241860465116279,0.8207547169811321,0.7653631284916201,6.483388478154223,4.592400172025908,0.19400982523200946,0.1374236262060067
BRN,Brunei Darussalam,2025,11.0,5.1761904761904765,11,East Asia & Pacific,High income,462721.0,15463134387.2013,0.27764,0.5772057119639267,,,0.4808445372666753,0.241860465116279,0.8207547169811321,0.7653631284916201,23.772424419898815,11.18641789802165,0.7113693591840348,0.3347439365511021
BTN,Bhutan,2022,1.0,0.25,1,South Asia,Lower middle income,791524.0,3019253885.46989,0.09979,,,,0.3697624331027281,0.0093023255813953,0.1886792452830188,,1.2633855701153724,0.3158463925288431,0.33120765524637846,0.08280191381159462
BTN,Bhutan,2023,2.0,0.75,2,South Asia,Lower middle income,791524.0,3019253885.46989,0.09979,,,,0.3697624331027281,0.0093023255813953,0.1886792452830188,,2.526771140230745,0.9475391775865293,0.6624153104927569,0.24840574143478383
BTN,Bhutan,2025,1.0,0.5,1,South Asia,Lower middle income,791524.0,3019253885.46989,0.09979,,,,0.3697624331027281,0.0093023255813953,0.1886792452830188,,1.2633855701153724,0.6316927850576862,0.33120765524637846,0.16560382762318923
BWA,Botswana,2014,1.0,0.5,1,Sub-Saharan Africa,Upper middle income,2521139.0,19400774882.4495,0.561,0.6615868413582505,0.6615868413582505,0.8994082840236687,0.6096952095026759,0.055813953488372,1.0,0.7430167597765364,0.3966461190755448,0.1983230595377724,0.05154433294850654,0.02577216647425327
BWA,Botswana,2015,1.0,0.5,1,Sub-Saharan Africa,Upper middle income,2521139.0,19400774882.4495,0.561,0.6615868413582505,0.6615868413582505,0.8994082840236687,0.6096952095026759,0.055813953488372,1.0,0.7430167597765364,0.3966461190755448,0.1983230595377724,0.05154433294850654,0.02577216647425327
BWA,Botswana,2018,1.0,1.0,1,Sub-Saharan Africa,Upper middle income,2521139.0,19400774882.4495,0.561,0.6615868413582505,0.6615868413582505,0.8994082840236687,0.6096952095026759,0.055813953488372,1.0,0.7430167597765364,0.3966461190755448,0.3966461190755448,0.05154433294850654,0.05154433294850654
BWA,Botswana,2019,1.0,0.5,1,Sub-Saharan Africa,Upper middle income,2521139.0,19400774882.4495,0.561,0.6615868413582505,0.6615868413582505,0.8994082840236687,0.6096952095026759,0.055813953488372,1.0,0.7430167597765364,0.3966461190755448,0.1983230595377724,0.05154433294850654,0.02577216647425327
BWA,Botswana,2022,2.0,0.45,2,Sub-Saharan Africa,Upper middle income,2521139.0,19400774882.4495,0.561,0.6615868413582505,0.6615868413582505,0.8994082840236687,0.6096952095026759,0.055813953488372,1.0,0.7430167597765364,0.7932922381510896,0.1784907535839952,0.10308866589701308,0.023194949826827946
BWA,Botswana,2023,3.0,0.8666666666666667,3,Sub-Saharan Africa,Upper middle income,2521139.0,19400774882.4495,0.561,0.6615868413582505,0.6615868413582505,0.8994082840236687,0.6096952095026759,0.055813953488372,1.0,0.7430167597765364,1.1899383572266344,0.3437599698654722,0.15463299884551965,0.044671755222039006
BWA,Botswana,2025,7.0,4.166666666666667,7,Sub-Saharan Africa,Upper middle income,2521139.0,19400774882.4495,0.561,0.6615868413582505,0.6615868413582505,0.8994082840236687,0.6096952095026759,0.055813953488372,1.0,0.7430167597765364,2.776522833528814,1.6526921628147702,0.3608103306395458,0.2147680539521106
CAF,Central African Republic,2017,1.0,0.3333333333333333,1,Sub-Saharan Africa,Low income,5330690.0,2751544520.37918,,0.7154018261957322,0.7154018261957322,0.940828402366864,0.5513640516903798,0.7465116279069768,0.9528301886792452,0.3854748603351955,0.1875929757686153,0.06253099192287176,0.3634322441790598,0.12114408139301991
CAF,Central African Republic,2025,1.0,0.3333333333333333,1,Sub-Saharan Africa,Low income,5330690.0,2751544520.37918,,0.7154018261957322,0.7154018261957322,0.940828402366864,0.5513640516903798,0.7465116279069768,0.9528301886792452,0.3854748603351955,0.1875929757686153,0.06253099192287176,0.3634322441790598,0.12114408139301991
CAN,Canada,2010,45.0,32.307575757575755,45,North America,High income,41288599.0,2241253230970.34,1.7908,0.4746718720306487,0.4746718720306487,0.1893491124260355,0.8776595744680851,0.2906976744186046,0.9150943396226416,0.1005586592178771,1.089889245212704,0.7824817634905886,0.02007805248339451,0.014414960037152225
CAN,Canada,2011,43.0,30.733333333333334,43,North America,High income,41288599.0,2241253230970.34,1.7908,0.4746718720306487,0.4746718720306487,0.1893491124260355,0.8776595744680851,0.2906976744186046,0.9150943396226416,0.1005586592178771,1.0414497232032505,0.7443539882119355,0.019185694595243642,0.013712566214584991
CAN,Canada,2012,51.0,39.916666666666664,51,North America,High income,41288599.0,2241253230970.34,1.7908,0.4746718720306487,0.4746718720306487,0.1893491124260355,0.8776595744680851,0.2906976744186046,0.9150943396226416,0.1005586592178771,1.2352078112410645,0.9667721267720094,0.02275512614784711,0.01780997618434439
CAN,Canada,2013,52.0,37.95,52,North America,High income,41288599.0,2241253230970.34,1.7908,0.4746718720306487,0.4746718720306487,0.1893491124260355,0.8776595744680851,0.2906976744186046,0.9150943396226416,0.1005586592178771,1.2594275722457913,0.9191399301293803,0.023201305091922544,0.0169324909276627
CAN,Canada,2014,53.0,36.642857142857146,53,North America,High income,41288599.0,2241253230970.34,1.7908,0.4746718720306487,0.4746718720306487,0.1893491124260355,0.8776595744680851,0.2906976744186046,0.9150943396226416,0.1005586592178771,1.283647333250518,0.8874812425303447,0.02364748403599798,0.01634927130790696
CAN,Canada,2015,61.0,44.333333333333336,61,North America,High income,41288599.0,2241253230970.34,1.7908,0.4746718720306487,0.4746718720306487,0.1893491124260355,0.8776595744680851,0.2906976744186046,0.9150943396226416,0.1005586592178771,1.4774054212883319,1.0737427378762194,0.027216915588601447,0.01978059985401089
CAN,Canada,2016,63.0,37.33166666666666,63,North America,High income,41288599.0,2241253230970.34,1.7908,0.4746718720306487,0.4746718720306487,0.1893491124260355,0.8776595744680851,0.2906976744186046,0.9150943396226416,0.1005586592178771,1.5258449432977854,0.9041640445747908,0.028109273476752312,0.01665660361390939
CAN,Canada,2017,84.0,53.233333333333334,84,North America,High income,41288599.0,2241253230970.34,1.7908,0.4746718720306487,0.4746718720306487,0.1893491124260355,0.8776595744680851,0.2906976744186046,0.9150943396226416,0.1005586592178771,2.0344599243970474,1.2892986108182876,0.03747903130233642,0.023751592456282247
CAN,Canada,2018,91.0,59.77777777777778,91,North America,High income,41288599.0,2241253230970.34,1.7908,0.4746718720306487,0.4746718720306487,0.1893491124260355,0.8776595744680851,0.2906976744186046,0.9150943396226416,0.1005586592178771,2.2039982514301344,1.4478034911714437,0.04060228391086445,0.026671585768064807
CAN,Canada,2019,105.0,66.45,105,North America,High income,41288599.0,2241253230970.34,1.7908,0.4746718720306487,0.4746718720306487,0.1893491124260355,0.8776595744680851,0.2906976744186046,0.9150943396226416,0.1005586592178771,2.543074905496309,1.609403118764093,0.046848789127920516,0.029648590833812563
CAN,Canada,2020,183.0,107.62275641025641,183,North America,High income,41288599.0,2241253230970.34,1.7908,0.4746718720306487,0.4746718720306487,0.1893491124260355,0.8776595744680851,0.2906976744186046,0.9150943396226416,0.1005586592178771,4.432216263864996,2.606597438926334,0.08165074676580435,0.0480190078136158
CAN,Canada,2021,221.0,136.928373015873,221,North America,High income,41288599.0,2241253230970.34,1.7908,0.4746718720306487,0.4746718720306487,0.1893491124260355,0.8776595744680851,0.2906976744186046,0.9150943396226416,0.1005586592178771,5.352567182044612,3.31637246921052,0.09860554664067081,0.06109455688618931
CAN,Canada,2022,292.0,173.82808857808857,292,North America,High income,41288599.0,2241253230970.34,1.7908,0.4746718720306487,0.4746718720306487,0.1893491124260355,0.8776595744680851,0.2906976744186046,0.9150943396226416,0.1005586592178771,7.072170213380212,4.2100747612697775,0.1302842516700266,0.07755843301242249
CAN,Canada,2023,286.0,169.06297313797313,286,North America,High income,41288599.0,2241253230970.34,1.7908,0.4746718720306487,0.4746718720306487,0.1893491124260355,0.8776595744680851,0.2906976744186046,0.9150943396226416,0.1005586592178771,6.92685164735185,4.0946648041502485,0.12760717800557397,0.07543233883695424
CAN,Canada,2024,388.0,229.58199665831245,388,North America,High income,41288599.0,2241253230970.34,1.7908,0.4746718720306487,0.4746718720306487,0.1893491124260355,0.8776595744680851,0.2906976744186046,0.9150943396226416,0.1005586592178771,9.39726726983398,5.560421090052303,0.17311743030126822,0.10243465284773556
CAN,Canada,2025,509.0,306.7877417903734,509,North America,High income,41288599.0,2241253230970.34,1.7908,0.4746718720306487,0.4746718720306487,0.1893491124260355,0.8776595744680851,0.2906976744186046,0.9150943396226416,0.1005586592178771,12.327858351405917,7.430325785342665,0.22710508253439565,0.13688223068731553
CHE,Switzerland,2010,10.0,6.25,10,Europe & Central Asia,High income,9005582.0,936564198048.516,3.22178,0.5318276079951788,0.5318276079951788,0.1893491124260355,0.425531914893617,0.9302325581395348,0.5330188679245284,0.5810055865921788,1.1104224024610514,0.6940140015381571,0.010677324651995697,0.0066733279074973105
CHE,Switzerland,2011,21.0,10.083333333333334,21,Europe & Central Asia,High income,9005582.0,936564198048.516,3.22178,0.5318276079951788,0.5318276079951788,0.1893491124260355,0.425531914893617,0.9302325581395348,0.5330188679245284,0.5810055865921788,2.331887045168208,1.1196759224815602,0.022422381769190963,0.010766302357428995
CHE,Switzerland,2012,16.0,10.666666666666666,16,Europe & Central Asia,High income,9005582.0,936564198048.516,3.22178,0.5318276079951788,0.5318276079951788,0.1893491124260355,0.425531914893617,0.9302325581395348,0.5330188679245284,0.5810055865921788,1.7766758439376822,1.1844505626251214,0.017083719443193115,0.011389146295462076
CHE,Switzerland,2013,15.0,8.25,15,Europe & Central Asia,High income,9005582.0,936564198048.516,3.22178,0.5318276079951788,0.5318276079951788,0.1893491124260355,0.425531914893617,0.9302325581395348,0.5330188679245284,0.5810055865921788,1.665633603691577,0.9160984820303674,0.016015986977993547,0.00880879283789645
CHE,Switzerland,2014,26.0,14.642857142857142,26,Europe & Central Asia,High income,9005582.0,936564198048.516,3.22178,0.5318276079951788,0.5318276079951788,0.1893491124260355,0.425531914893617,0.9302325581395348,0.5330188679245284,0.5810055865921788,2.887098246398734,1.6259756607465394,0.02776104409518881,0.015634653954707985
CHE,Switzerland,2015,21.0,9.666666666666666,21,Europe & Central Asia,High income,9005582.0,936564198048.516,3.22178,0.5318276079951788,0.5318276079951788,0.1893491124260355,0.425531914893617,0.9302325581395348,0.5330188679245284,0.5810055865921788,2.331887045168208,1.0734083223790163,0.022422381769190963,0.010321413830262506
CHE,Switzerland,2016,23.0,12.09,23,Europe & Central Asia,High income,9005582.0,936564198048.516,3.22178,0.5318276079951788,0.5318276079951788,0.1893491124260355,0.425531914893617,0.9302325581395348,0.5330188679245284,0.5810055865921788,2.553971525660418,1.342500684575411,0.024557846699590106,0.012908885504262798
CHE,Switzerland,2017,25.0,10.55,25,Europe & Central Asia,High income,9005582.0,936564198048.516,3.22178,0.5318276079951788,0.5318276079951788,0.1893491124260355,0.425531914893617,0.9302325581395348,0.5330188679245284,0.5810055865921788,2.7760560061526283,1.1714956345964092,0.026693311629989242,0.01126457750785546
CHE,Switzerland,2018,30.0,15.794444444444444,30,Europe & Central Asia,High income,9005582.0,936564198048.516,3.22178,0.5318276079951788,0.5318276079951788,0.1893491124260355,0.425531914893617,0.9302325581395348,0.5330188679245284,0.5810055865921788,3.331267207383154,1.7538504945537605,0.03203197395598709,0.016864241103124317
CHE,Switzerland,2019,49.0,24.630618401206636,49,Europe & Central Asia,High income,9005582.0,936564198048.516,3.22178,0.5318276079951788,0.5318276079951788,0.1893491124260355,0.425531914893617,0.9302325581395348,0.5330188679245284,0.5810055865921788,5.441069772059152,2.7350390459169254,0.052318890794778916,0.026298910904910246
CHE,Switzerland,2020,63.0,30.8125,63,Europe & Central Asia,High income,9005582.0,936564198048.516,3.22178,0.5318276079951788,0.5318276079951788,0.1893491124260355,0.425531914893617,0.9302325581395348,0.5330188679245284,0.5810055865921788,6.995661135504624,3.4214890275831147,0.06726714530757288,0.03289950658396174
CHE,Switzerland,2021,88.0,47.157575757575756,88,Europe & Central Asia,High income,9005582.0,936564198048.516,3.22178,0.5318276079951788,0.5318276079951788,0.1893491124260355,0.425531914893617,0.9302325581395348,0.5330188679245284,0.5810055865921788,9.771717141657254,5.236482856696631,0.09396045693756214,0.050351674616471824
CHE,Switzerland,2022,90.0,39.13379479997127,90,Europe & Central Asia,High income,9005582.0,936564198048.516,3.22178,0.5318276079951788,0.5318276079951788,0.1893491124260355,0.425531914893617,0.9302325581395348,0.5330188679245284,0.5810055865921788,9.993801622149462,4.34550424392019,0.09609592186796127,0.041784423194387424
CHE,Switzerland,2023,114.0,53.55226995226995,114,Europe & Central Asia,High income,9005582.0,936564198048.516,3.22178,0.5318276079951788,0.5318276079951788,0.1893491124260355,0.425531914893617,0.9302325581395348,0.5330188679245284,0.5810055865921788,12.658815388055986,5.946564025764237,0.12172150103275095,0.05717949721317004
CHE,Switzerland,2024,158.0,75.30586219336219,158,Europe & Central Asia,High income,9005582.0,936564198048.516,3.22178,0.5318276079951788,0.5318276079951788,0.1893491124260355,0.425531914893617,0.9302325581395348,0.5330188679245284,0.5810055865921788,17.544673958884612,8.36213164161541,0.168701729501532,0.08040651388369768
CHE,Switzerland,2025,176.0,83.03308279439858,176,Europe & Central Asia,High income,9005582.0,936564198048.516,3.22178,0.5318276079951788,0.5318276079951788,0.1893491124260355,0.425531914893617,0.9302325581395348,0.5330188679245284,0.5810055865921788,19.543434283314507,9.220179528030345,0.18792091387512427,0.08865711818518317
CHL,Chile,2010,6.0,3.8333333333333335,6,Latin America & Caribbean,High income,19764771.0,330267137371.592,0.39205,0.4377944650354258,0.4377944650354258,0.1893491124260355,0.4535471870512987,0.4860465116279069,0.4622641509433962,0.5977653631284916,0.3035704284152849,0.1939477737097654,0.01816711177427637,0.01160676585578768
CHL,Chile,2011,6.0,5.25,6,Latin America & Caribbean,High income,19764771.0,330267137371.592,0.39205,0.4377944650354258,0.4377944650354258,0.1893491124260355,0.4535471870512987,0.4860465116279069,0.4622641509433962,0.5977653631284916,0.3035704284152849,0.26562412486337433,0.01816711177427637,0.015896222802491825
CHL,Chile,2012,7.0,5.333333333333333,7,Latin America & Caribbean,High income,19764771.0,330267137371.592,0.39205,0.4377944650354258,0.4377944650354258,0.1893491124260355,0.4535471870512987,0.4860465116279069,0.4622641509433962,0.5977653631284916,0.35416549981783246,0.26984038081358663,0.021194963736655765,0.016148543799356773
CHL,Chile,2013,14.0,10.5,14,Latin America & Caribbean,High income,19764771.0,330267137371.592,0.39205,0.4377944650354258,0.4377944650354258,0.1893491124260355,0.4535471870512987,0.4860465116279069,0.4622641509433962,0.5977653631284916,0.7083309996356649,0.5312482497267487,0.04238992747331153,0.03179244560498365
CHL,Chile,2014,14.0,9.833333333333334,14,Latin America & Caribbean,High income,19764771.0,330267137371.592,0.39205,0.4377944650354258,0.4377944650354258,0.1893491124260355,0.4535471870512987,0.4860465116279069,0.4622641509433962,0.5977653631284916,0.7083309996356649,0.4975182021250504,0.04238992747331153,0.029773877630064054
CHL,Chile,2015,7.0,4.833333333333333,7,Latin America & Caribbean,High income,19764771.0,330267137371.592,0.39205,0.4377944650354258,0.4377944650354258,0.1893491124260355,0.4535471870512987,0.4860465116279069,0.4622641509433962,0.5977653631284916,0.35416549981783246,0.24454284511231286,0.021194963736655765,0.014634617818167077
CHL,Chile,2016,9.0,5.166666666666667,9,Latin America & Caribbean,High income,19764771.0,330267137371.592,0.39205,0.4377944650354258,0.4377944650354258,0.1893491124260355,0.4535471870512987,0.4860465116279069,0.4622641509433962,0.5977653631284916,0.45535564262292744,0.26140786891316203,0.027250667661414554,0.015643901805626872
CHL,Chile,2017,9.0,4.833333333333333,9,Latin America & Caribbean,High income,19764771.0,330267137371.592,0.39205,0.4377944650354258,0.4377944650354258,0.1893491124260355,0.4535471870512987,0.4860465116279069,0.4622641509433962,0.5977653631284916,0.45535564262292744,0.24454284511231286,0.027250667661414554,0.014634617818167077
CHL,Chile,2018,13.0,8.0,13,Latin America & Caribbean,High income,19764771.0,330267137371.592,0.39205,0.4377944650354258,0.4377944650354258,0.1893491124260355,0.4535471870512987,0.4860465116279069,0.4622641509433962,0.5977653631284916,0.6577359282331174,0.40476057122037995,0.03936207551093213,0.02422281569903516
CHL,Chile,2019,21.0,12.4,21,Latin America & Caribbean,High income,19764771.0,330267137371.592,0.39205,0.4377944650354258,0.4377944650354258,0.1893491124260355,0.4535471870512987,0.4860465116279069,0.4622641509433962,0.5977653631284916,1.0624964994534973,0.6273788853915889,0.0635848912099673,0.0375453643335045
CHL,Chile,2020,29.0,21.166666666666668,29,Latin America & Caribbean,High income,19764771.0,330267137371.592,0.39205,0.4377944650354258,0.4377944650354258,0.1893491124260355,0.4535471870512987,0.4860465116279069,0.4622641509433962,0.5977653631284916,1.4672570706738772,1.070929011353922,0.08780770690900246,0.0640895332036972
CHL,Chile,2021,24.0,13.9,24,Latin America & Caribbean,High income,19764771.0,330267137371.592,0.39205,0.4377944650354258,0.4377944650354258,0.1893491124260355,0.4535471870512987,0.4860465116279069,0.4622641509433962,0.5977653631284916,1.2142817136611397,0.7032714924954101,0.07266844709710547,0.042087142277073594
CHL,Chile,2022,31.0,18.044444444444444,31,Latin America & Caribbean,High income,19764771.0,330267137371.592,0.39205,0.4377944650354258,0.4377944650354258,0.1893491124260355,0.4535471870512987,0.4860465116279069,0.4622641509433962,0.5977653631284916,1.5684472134789722,0.9129599550859682,0.09386341083376125,0.05463590652115708
CHL,Chile,2023,33.0,19.347557997558,33,Latin America & Caribbean,High income,19764771.0,330267137371.592,0.39205,0.4377944650354258,0.4377944650354258,0.1893491124260355,0.4535471870512987,0.4860465116279069,0.4622641509433962,0.5977653631284916,1.6696373562840672,0.9788910783513758,0.09991911475852004,0.05858154145015515
CHL,Chile,2024,45.0,25.491666666666667,45,Latin America & Caribbean,High income,19764771.0,330267137371.592,0.39205,0.4377944650354258,0.4377944650354258,0.1893491124260355,0.4535471870512987,0.4860465116279069,0.4622641509433962,0.5977653631284916,2.2767782131146372,1.2897526951699398,0.13625333830707279,0.07718499294098807
CHL,Chile,2025,65.0,36.63715538847118,65,Latin America & Caribbean,High income,19764771.0,330267137371.592,0.39205,0.4377944650354258,0.4377944650354258,0.1893491124260355,0.4535471870512987,0.4860465116279069,0.4622641509433962,0.5977653631284916,3.288679641165587,1.853659492865927,0.1968103775546607,0.11093188283898128
CHN,China,2010,63.0,56.00757575757576,63,East Asia & Pacific,Upper middle income,1408975000.0,18743803170827.2,2.57729,0.2477858584581972,0.2477858584581972,0.1893491124260355,0.1481856154549014,0.241860465116279,0.4528301886792453,0.2067039106145251,0.04471335545343246,0.039750581633865585,0.0033611108389173133,0.0029880582530201656
CHN,China,2011,102.0,87.5,102,East Asia & Pacific,Upper middle income,1408975000.0,18743803170827.2,2.57729,0.2477858584581972,0.2477858584581972,0.1893491124260355,0.1481856154549014,0.241860465116279,0.4528301886792453,0.2067039106145251,0.0723930516865097,0.06210188257421175,0.005441798501104221,0.004668209498496268
CHN,China,2012,133.0,113.58333333333333,133,East Asia & Pacific,Upper middle income,1408975000.0,18743803170827.2,2.57729,0.2477858584581972,0.2477858584581972,0.1893491124260355,0.1481856154549014,0.241860465116279,0.4528301886792453,0.2067039106145251,0.09439486151280187,0.08061415804633391,0.007095678437714327,0.0060597805204289645
CHN,China,2013,161.0,134.25,161,East Asia & Pacific,Upper middle income,1408975000.0,18743803170827.2,2.57729,0.2477858584581972,0.2477858584581972,0.1893491124260355,0.1481856154549014,0.241860465116279,0.4528301886792453,0.2067039106145251,0.11426746393654963,0.09528203126386202,0.008589505477233134,0.007162367144835703
CHN,China,2014,213.0,179.41666666666666,213,East Asia & Pacific,Upper middle income,1408975000.0,18743803170827.2,2.57729,0.2477858584581972,0.2477858584581972,0.1893491124260355,0.1481856154549014,0.241860465116279,0.4528301886792453,0.2067039106145251,0.15117372558065262,0.1273384316021694,0.011363755693482344,0.009572052428821396
CHN,China,2015,274.0,223.14487734487736,274,East Asia & Pacific,Upper middle income,1408975000.0,18743803170827.2,2.57729,0.2477858584581972,0.2477858584581972,0.1893491124260355,0.1481856154549014,0.241860465116279,0.4528301886792453,0.2067039106145251,0.1944676094323888,0.15837390822752523,0.014618164601005458,0.011904994696710185
CHN,China,2016,297.0,242.20666666666668,297,East Asia & Pacific,Upper middle income,1408975000.0,18743803170827.2,2.57729,0.2477858584581972,0.2477858584581972,0.1893491124260355,0.1481856154549014,0.241860465116279,0.4528301886792453,0.2067039106145251,0.2107915328518959,0.1719027425374238,0.015845236812038765,0.012921959564942317
CHN,China,2017,341.0,283.75,341,East Asia & Pacific,Upper middle income,1408975000.0,18743803170827.2,2.57729,0.2477858584581972,0.2477858584581972,0.1893491124260355,0.1481856154549014,0.241860465116279,0.4528301886792453,0.2067039106145251,0.24201990808921378,0.2013875334906581,0.018192679302711172,0.015138336516552183
CHN,China,2018,498.0,410.9428571428571,498,East Asia & Pacific,Upper middle income,1408975000.0,18743803170827.2,2.57729,0.2477858584581972,0.2477858584581972,0.1893491124260355,0.1481856154549014,0.241860465116279,0.4528301886792453,0.2067039106145251,0.3534484288223709,0.29166085781710616,0.026568780917155903,0.02192419827489692
CHN,China,2019,779.0,642.2717948717949,779,East Asia & Pacific,Upper middle income,1408975000.0,18743803170827.2,2.57729,0.2477858584581972,0.2477858584581972,0.1893491124260355,0.1481856154549014,0.241860465116279,0.4528301886792453,0.2067039106145251,0.5528841888606966,0.45584328669550195,0.04156040227804106,0.03426582049642011
CHN,China,2020,1231.0,985.2106532356532,1231,East Asia & Pacific,Upper middle income,1408975000.0,18743803170827.2,2.57729,0.2477858584581972,0.2477858584581972,0.1893491124260355,0.1481856154549014,0.241860465116279,0.4528301886792453,0.2067039106145251,0.8736847708440533,0.6992392719783198,0.06567503877313036,0.05256193976519302
CHN,China,2021,1605.0,1312.8238095238096,1605,East Asia & Pacific,Upper middle income,1408975000.0,18743803170827.2,2.57729,0.2477858584581972,0.2477858584581972,0.1893491124260355,0.1481856154549014,0.241860465116279,0.4528301886792453,0.2067039106145251,1.1391259603612556,0.9317580578248794,0.08562829994384583,0.07004041802824118
CHN,China,2022,2694.0,2296.491034782211,2694,East Asia & Pacific,Upper middle income,1408975000.0,18743803170827.2,2.57729,0.2477858584581972,0.2477858584581972,0.1893491124260355,0.1481856154549014,0.241860465116279,0.4528301886792453,0.2067039106145251,1.9120282474848735,1.629901903711713,0.14372750158798794,0.1225200144203639
CHN,China,2023,3510.0,3044.5430708180706,3510,East Asia & Pacific,Upper middle income,1408975000.0,18743803170827.2,2.57729,0.2477858584581972,0.2477858584581972,0.1893491124260355,0.1481856154549014,0.241860465116279,0.4528301886792453,0.2067039106145251,2.491172660976951,2.1608212145837014,0.18726188959682172,0.162429312934559
CHN,China,2024,5096.0,4469.232465633781,5096,East Asia & Pacific,Upper middle income,1408975000.0,18743803170827.2,2.57729,0.2477858584581972,0.2477858584581972,0.1893491124260355,0.1481856154549014,0.241860465116279,0.4528301886792453,0.2067039106145251,3.6168136411220924,3.1719742831730735,0.27187652119242267,0.23843786796639443
CHN,China,2025,8840.0,7836.1134649122805,8840,East Asia & Pacific,Upper middle income,1408975000.0,18743803170827.2,2.57729,0.2477858584581972,0.2477858584581972,0.1893491124260355,0.1481856154549014,0.241860465116279,0.4528301886792453,0.2067039106145251,6.274064479497507,5.561570265556365,0.4716225367623659,0.41806422066512017
CIV,Côte d'Ivoire,2011,1.0,0.5,1,Sub-Saharan Africa,Lower middle income,31934230.0,86538413923.3943,0.06975,0.5243522836381327,0.5243522836381327,0.6804733727810651,0.4906506983422529,0.5720930232558139,0.3254716981132075,0.553072625698324,0.03131436079717595,0.015657180398587975,0.011555561913640131,0.005777780956820066
CIV,Côte d'Ivoire,2015,1.0,0.5,1,Sub-Saharan Africa,Lower middle income,31934230.0,86538413923.3943,0.06975,0.5243522836381327,0.5243522836381327,0.6804733727810651,0.4906506983422529,0.5720930232558139,0.3254716981132075,0.553072625698324,0.03131436079717595,0.015657180398587975,0.011555561913640131,0.005777780956820066
CIV,Côte d'Ivoire,2016,1.0,1.0,1,Sub-Saharan Africa,Lower middle income,31934230.0,86538413923.3943,0.06975,0.5243522836381327,0.5243522836381327,0.6804733727810651,0.4906506983422529,0.5720930232558139,0.3254716981132075,0.553072625698324,0.03131436079717595,0.03131436079717595,0.011555561913640131,0.011555561913640131
CIV,Côte d'Ivoire,2019,1.0,0.5,1,Sub-Saharan Africa,Lower middle income,31934230.0,86538413923.3943,0.06975,0.5243522836381327,0.5243522836381327,0.6804733727810651,0.4906506983422529,0.5720930232558139,0.3254716981132075,0.553072625698324,0.03131436079717595,0.015657180398587975,0.011555561913640131,0.005777780956820066
CIV,Côte d'Ivoire,2020,1.0,0.25,1,Sub-Saharan Africa,Lower middle income,31934230.0,86538413923.3943,0.06975,0.5243522836381327,0.5243522836381327,0.6804733727810651,0.4906506983422529,0.5720930232558139,0.3254716981132075,0.553072625698324,0.03131436079717595,0.007828590199293987,0.011555561913640131,0.002888890478410033
CIV,Côte d'Ivoire,2021,3.0,1.4444444444444444,3,Sub-Saharan Africa,Lower middle income,31934230.0,86538413923.3943,0.06975,0.5243522836381327,0.5243522836381327,0.6804733727810651,0.4906506983422529,0.5720930232558139,0.3254716981132075,0.553072625698324,0.09394308239152784,0.0452318544848097,0.03466668574092039,0.0166913672085913
CIV,Côte d'Ivoire,2022,3.0,0.6666666666666666,3,Sub-Saharan Africa,Lower middle income,31934230.0,86538413923.3943,0.06975,0.5243522836381327,0.5243522836381327,0.6804733727810651,0.4906506983422529,0.5720930232558139,0.3254716981132075,0.553072625698324,0.09394308239152784,0.020876240531450627,0.03466668574092039,0.007703707942426754
CIV,Côte d'Ivoire,2023,5.0,1.9083333333333332,5,Sub-Saharan Africa,Lower middle income,31934230.0,86538413923.3943,0.06975,0.5243522836381327,0.5243522836381327,0.6804733727810651,0.4906506983422529,0.5720930232558139,0.3254716981132075,0.553072625698324,0.15657180398587972,0.05975823852127743,0.05777780956820065,0.022051863985196582
CIV,Côte d'Ivoire,2024,7.0,3.5416666666666665,7,Sub-Saharan Africa,Lower middle income,31934230.0,86538413923.3943,0.06975,0.5243522836381327,0.5243522836381327,0.6804733727810651,0.4906506983422529,0.5720930232558139,0.3254716981132075,0.553072625698324,0.21920052558023162,0.11090502782333148,0.08088893339548092,0.04092594844414213
CIV,Côte d'Ivoire,2025,9.0,4.090909090909091,9,Sub-Saharan Africa,Lower middle income,31934230.0,86538413923.3943,0.06975,0.5243522836381327,0.5243522836381327,0.6804733727810651,0.4906506983422529,0.5720930232558139,0.3254716981132075,0.553072625698324,0.2818292471745835,0.1281042032611743,0.10400005722276118,0.04727275328307326
CMR,Cameroon,2014,1.0,0.5,1,Sub-Saharan Africa,Lower middle income,29123744.0,51326764684.8595,,0.503768681372753,0.503768681372753,0.4674556213017751,0.5538441456728886,0.5720930232558139,0.4952830188679245,0.4301675977653631,0.03433624468062897,0.017168122340314486,0.019483012540141315,0.009741506270070657
CMR,Cameroon,2017,2.0,1.3333333333333333,2,Sub-Saharan Africa,Lower middle income,29123744.0,51326764684.8595,,0.503768681372753,0.503768681372753,0.4674556213017751,0.5538441456728886,0.5720930232558139,0.4952830188679245,0.4301675977653631,0.06867248936125794,0.04578165957417196,0.03896602508028263,0.025977350053521753
CMR,Cameroon,2018,2.0,0.8333333333333333,2,Sub-Saharan Africa,Lower middle income,29123744.0,51326764684.8595,,0.503768681372753,0.503768681372753,0.4674556213017751,0.5538441456728886,0.5720930232558139,0.4952830188679245,0.4301675977653631,0.06867248936125794,0.028613537233857476,0.03896602508028263,0.016235843783451092
CMR,Cameroon,2019,1.0,0.3333333333333333,1,Sub-Saharan Africa,Lower middle income,29123744.0,51326764684.8595,,0.503768681372753,0.503768681372753,0.4674556213017751,0.5538441456728886,0.5720930232558139,0.4952830188679245,0.4301675977653631,0.03433624468062897,0.01144541489354299,0.019483012540141315,0.006494337513380438
CMR,Cameroon,2020,5.0,2.333333333333333,5,Sub-Saharan Africa,Lower middle income,29123744.0,51326764684.8595,,0.503768681372753,0.503768681372753,0.4674556213017751,0.5538441456728886,0.5720930232558139,0.4952830188679245,0.4301675977653631,0.17168122340314487,0.08011790425480093,0.09741506270070657,0.04546036259366307
CMR,Cameroon,2021,7.0,4.361111111111111,7,Sub-Saharan Africa,Lower middle income,29123744.0,51326764684.8595,,0.503768681372753,0.503768681372753,0.4674556213017751,0.5538441456728886,0.5720930232558139,0.4952830188679245,0.4301675977653631,0.24035371276440284,0.1497441781905208,0.1363810877809892,0.08496758246672739
CMR,Cameroon,2022,6.0,3.1666666666666665,6,Sub-Saharan Africa,Lower middle income,29123744.0,51326764684.8595,,0.503768681372753,0.503768681372753,0.4674556213017751,0.5538441456728886,0.5720930232558139,0.4952830188679245,0.4301675977653631,0.20601746808377386,0.1087314414886584,0.11689807524084789,0.06169620637711416
CMR,Cameroon,2023,6.0,2.75,6,Sub-Saharan Africa,Lower middle income,29123744.0,51326764684.8595,,0.503768681372753,0.503768681372753,0.4674556213017751,0.5538441456728886,0.5720930232558139,0.4952830188679245,0.4301675977653631,0.20601746808377386,0.09442467287172968,0.11689807524084789,0.053578284485388615
CMR,Cameroon,2024,13.0,6.9,13,Sub-Saharan Africa,Lower middle income,29123744.0,51326764684.8595,,0.503768681372753,0.503768681372753,0.4674556213017751,0.5538441456728886,0.5720930232558139,0.4952830188679245,0.4301675977653631,0.4463711808481766,0.23692008829633993,0.2532791630218371,0.1344327865269751
CMR,Cameroon,2025,11.0,6.2,11,Sub-Saharan Africa,Lower middle income,29123744.0,51326764684.8595,,0.503768681372753,0.503768681372753,0.4674556213017751,0.5538441456728886,0.5720930232558139,0.4952830188679245,0.4301675977653631,0.3776986914869187,0.21288471701989967,0.21431313794155446,0.12079467774887616
COG,"Congo, Rep.",2016,2.0,1.3333333333333333,2,Sub-Saharan Africa,Lower middle income,6332961.0,15719985776.3966,0.38339,0.6851068983169126,0.6851068983169126,0.9230769230769232,0.4570062655005874,0.5720930232558139,0.5990566037735849,0.8743016759776536,0.3158080398726599,0.2105386932484399,0.12722657822012662,0.08481771881341775
COG,"Congo, Rep.",2017,1.0,0.25,1,Sub-Saharan Africa,Lower middle income,6332961.0,15719985776.3966,0.38339,0.6851068983169126,0.6851068983169126,0.9230769230769232,0.4570062655005874,0.5720930232558139,0.5990566037735849,0.8743016759776536,0.15790401993632994,0.039476004984082484,0.06361328911006331,0.015903322277515827
COG,"Congo, Rep.",2019,2.0,1.1666666666666667,2,Sub-Saharan Africa,Lower middle income,6332961.0,15719985776.3966,0.38339,0.6851068983169126,0.6851068983169126,0.9230769230769232,0.4570062655005874,0.5720930232558139,0.5990566037735849,0.8743016759776536,0.3158080398726599,0.18422135659238495,0.12722657822012662,0.07421550396174054
COG,"Congo, Rep.",2020,1.0,0.14285714285714285,1,Sub-Saharan Africa,Lower middle income,6332961.0,15719985776.3966,0.38339,0.6851068983169126,0.6851068983169126,0.9230769230769232,0.4570062655005874,0.5720930232558139,0.5990566037735849,0.8743016759776536,0.15790401993632994,0.02255771713376142,0.06361328911006331,0.009087612730009045
COG,"Congo, Rep.",2021,2.0,0.45,2,Sub-Saharan Africa,Lower middle income,6332961.0,15719985776.3966,0.38339,0.6851068983169126,0.6851068983169126,0.9230769230769232,0.4570062655005874,0.5720930232558139,0.5990566037735849,0.8743016759776536,0.3158080398726599,0.07105680897134847,0.12722657822012662,0.02862598009952849
COG,"Congo, Rep.",2022,2.0,0.3333333333333333,2,Sub-Saharan Africa,Lower middle income,6332961.0,15719985776.3966,0.38339,0.6851068983169126,0.6851068983169126,0.9230769230769232,0.4570062655005874,0.5720930232558139,0.5990566037735849,0.8743016759776536,0.3158080398726599,0.05263467331210998,0.12722657822012662,0.021204429703354438
COG,"Congo, Rep.",2023,1.0,0.5,1,Sub-Saharan Africa,Lower middle income,6332961.0,15719985776.3966,0.38339,0.6851068983169126,0.6851068983169126,0.9230769230769232,0.4570062655005874,0.5720930232558139,0.5990566037735849,0.8743016759776536,0.15790401993632994,0.07895200996816497,0.06361328911006331,0.031806644555031655
COG,"Congo, Rep.",2024,2.0,0.75,2,Sub-Saharan Africa,Lower middle income,6332961.0,15719985776.3966,0.38339,0.6851068983169126,0.6851068983169126,0.9230769230769232,0.4570062655005874,0.5720930232558139,0.5990566037735849,0.8743016759776536,0.3158080398726599,0.11842801495224746,0.12722657822012662,0.04770996683254748
COG,"Congo, Rep.",2025,6.0,2.0,6,Sub-Saharan Africa,Lower middle income,6332961.0,15719985776.3966,0.38339,0.6851068983169126,0.6851068983169126,0.9230769230769232,0.4570062655005874,0.5720930232558139,0.5990566037735849,0.8743016759776536,0.9474241196179797,0.3158080398726599,0.38167973466037985,0.12722657822012662
COL,Colombia,2010,1.0,0.3333333333333333,1,Latin America & Caribbean,Upper middle income,52886363.0,418542042920.189,0.2894,0.5284888752378895,0.5284888752378895,0.4378698224852071,0.5252741156506984,0.1860465116279069,0.839622641509434,0.6536312849162011,0.018908466063359282,0.00630282202111976,0.0023892462344354925,0.0007964154114784975
COL,Colombia,2011,4.0,2.833333333333333,4,Latin America & Caribbean,Upper middle income,52886363.0,418542042920.189,0.2894,0.5284888752378895,0.5284888752378895,0.4378698224852071,0.5252741156506984,0.1860465116279069,0.839622641509434,0.6536312849162011,0.07563386425343713,0.05357398717951796,0.00955698493774197,0.006769530997567229
COL,Colombia,2012,4.0,2.5,4,Latin America & Caribbean,Upper middle income,52886363.0,418542042920.189,0.2894,0.5284888752378895,0.5284888752378895,0.4378698224852071,0.5252741156506984,0.1860465116279069,0.839622641509434,0.6536312849162011,0.07563386425343713,0.04727116515839821,0.00955698493774197,0.0059731155860887316
COL,Colombia,2013,4.0,1.8666666666666667,4,Latin America & Caribbean,Upper middle income,52886363.0,418542042920.189,0.2894,0.5284888752378895,0.5284888752378895,0.4378698224852071,0.5252741156506984,0.1860465116279069,0.839622641509434,0.6536312849162011,0.07563386425343713,0.03529580331827066,0.00955698493774197,0.004459926304279586
COL,Colombia,2014,6.0,3.0,6,Latin America & Caribbean,Upper middle income,52886363.0,418542042920.189,0.2894,0.5284888752378895,0.5284888752378895,0.4378698224852071,0.5252741156506984,0.1860465116279069,0.839622641509434,0.6536312849162011,0.11345079638015569,0.056725398190077846,0.014335477406612956,0.007167738703306478
COL,Colombia,2015,10.0,5.166666666666667,10,Latin America & Caribbean,Upper middle income,52886363.0,418542042920.189,0.2894,0.5284888752378895,0.5284888752378895,0.4378698224852071,0.5252741156506984,0.1860465116279069,0.839622641509434,0.6536312849162011,0.18908466063359283,0.0976937413273563,0.023892462344354926,0.012344438877916714
COL,Colombia,2016,10.0,6.833333333333333,10,Latin America & Caribbean,Upper middle income,52886363.0,418542042920.189,0.2894,0.5284888752378895,0.5284888752378895,0.4378698224852071,0.5252741156506984,0.1860465116279069,0.839622641509434,0.6536312849162011,0.18908466063359283,0.12920785143295507,0.023892462344354926,0.016326515935309198
COL,Colombia,2017,11.0,8.666666666666666,11,Latin America & Caribbean,Upper middle income,52886363.0,418542042920.189,0.2894,0.5284888752378895,0.5284888752378895,0.4378698224852071,0.5252741156506984,0.1860465116279069,0.839622641509434,0.6536312849162011,0.2079931266969521,0.16387337254911377,0.02628170857879042,0.020706800698440934
COL,Colombia,2018,10.0,7.833333333333333,10,Latin America & Caribbean,Upper middle income,52886363.0,418542042920.189,0.2894,0.5284888752378895,0.5284888752378895,0.4378698224852071,0.5252741156506984,0.1860465116279069,0.839622641509434,0.6536312849162011,0.18908466063359283,0.14811631749631438,0.023892462344354926,0.018715762169744694
COL,Colombia,2019,12.0,6.166666666666666,12,Latin America & Caribbean,Upper middle income,52886363.0,418542042920.189,0.2894,0.5284888752378895,0.5284888752378895,0.4378698224852071,0.5252741156506984,0.1860465116279069,0.839622641509434,0.6536312849162011,0.22690159276031138,0.11660220739071556,0.028670954813225912,0.014733685112352202
COL,Colombia,2020,34.0,21.50952380952381,34,Latin America & Caribbean,Upper middle income,52886363.0,418542042920.189,0.2894,0.5284888752378895,0.5284888752378895,0.4378698224852071,0.5252741156506984,0.1860465116279069,0.839622641509434,0.6536312849162011,0.6428878461542156,0.40671210099139943,0.08123437197080675,0.05139154876640534
COL,Colombia,2021,39.0,26.674242424242422,39,Latin America & Caribbean,Upper middle income,52886363.0,418542042920.189,0.2894,0.5284888752378895,0.5284888752378895,0.4378698224852071,0.5252741156506984,0.1860465116279069,0.839622641509434,0.6536312849162011,0.737430176471012,0.5043690076446062,0.09318060314298422,0.06373133326854068
COL,Colombia,2022,34.0,22.083333333333332,34,Latin America & Caribbean,Upper middle income,52886363.0,418542042920.189,0.2894,0.5284888752378895,0.5284888752378895,0.4378698224852071,0.5252741156506984,0.1860465116279069,0.839622641509434,0.6536312849162011,0.6428878461542156,0.4175619588991841,0.08123437197080675,0.05276252101045046
COL,Colombia,2023,36.0,24.02777777777778,36,Latin America & Caribbean,Upper middle income,52886363.0,418542042920.189,0.2894,0.5284888752378895,0.5284888752378895,0.4378698224852071,0.5252741156506984,0.1860465116279069,0.839622641509434,0.6536312849162011,0.6807047782809341,0.45432842068904944,0.08601286443967775,0.057408277577408365
COL,Colombia,2024,61.0,37.875,61,Latin America & Caribbean,Upper middle income,52886363.0,418542042920.189,0.2894,0.5284888752378895,0.5284888752378895,0.4378698224852071,0.5252741156506984,0.1860465116279069,0.839622641509434,0.6536312849162011,1.153416429864916,0.7161581521497328,0.14574402030056505,0.09049270112924429
COL,Colombia,2025,92.0,55.51624486624487,92,Latin America & Caribbean,Upper middle income,52886363.0,418542042920.189,0.2894,0.5284888752378895,0.5284888752378895,0.4378698224852071,0.5252741156506984,0.1860465116279069,0.839622641509434,0.6536312849162011,1.739578877829054,1.049727032018535,0.21981065356806534,0.1326419789966743
COM,Comoros,2025,1.0,0.5,1,Sub-Saharan Africa,Lower middle income,866628.0,1546164420.32442,,0.5018625511929059,0.5018625511929059,0.7810650887573964,0.395640255841274,0.5720930232558139,0.0566037735849056,0.7039106145251397,1.1538976354329653,0.5769488177164827,0.6467617459404333,0.32338087297021667
CRI,Costa Rica,2011,1.0,0.5,1,Latin America & Caribbean,High income,5129910.0,95350423176.664,0.33738,0.5178329123998685,0.5178329123998685,0.1893491124260355,0.565698015924814,0.6767441860465117,0.3584905660377358,0.7988826815642458,0.1949351937948229,0.09746759689741145,0.010487630433975246,0.005243815216987623
CRI,Costa Rica,2016,1.0,0.5,1,Latin America & Caribbean,High income,5129910.0,95350423176.664,0.33738,0.5178329123998685,0.5178329123998685,0.1893491124260355,0.565698015924814,0.6767441860465117,0.3584905660377358,0.7988826815642458,0.1949351937948229,0.09746759689741145,0.010487630433975246,0.005243815216987623
CRI,Costa Rica,2017,1.0,0.16666666666666666,1,Latin America & Caribbean,High income,5129910.0,95350423176.664,0.33738,0.5178329123998685,0.5178329123998685,0.1893491124260355,0.565698015924814,0.6767441860465117,0.3584905660377358,0.7988826815642458,0.1949351937948229,0.032489198965803816,0.010487630433975246,0.0017479384056625408
CRI,Costa Rica,2018,1.0,0.3333333333333333,1,Latin America & Caribbean,High income,5129910.0,95350423176.664,0.33738,0.5178329123998685,0.5178329123998685,0.1893491124260355,0.565698015924814,0.6767441860465117,0.3584905660377358,0.7988826815642458,0.1949351937948229,0.06497839793160763,0.010487630433975246,0.0034958768113250815
CRI,Costa Rica,2019,2.0,0.5,2,Latin America & Caribbean,High income,5129910.0,95350423176.664,0.33738,0.5178329123998685,0.5178329123998685,0.1893491124260355,0.565698015924814,0.6767441860465117,0.3584905660377358,0.7988826815642458,0.3898703875896458,0.09746759689741145,0.020975260867950492,0.005243815216987623
CRI,Costa Rica,2020,4.0,1.4166666666666665,4,Latin America & Caribbean,High income,5129910.0,95350423176.664,0.33738,0.5178329123998685,0.5178329123998685,0.1893491124260355,0.565698015924814,0.6767441860465117,0.3584905660377358,0.7988826815642458,0.7797407751792916,0.27615819120933244,0.041950521735900984,0.014857476448131596
CRI,Costa Rica,2021,1.0,0.3333333333333333,1,Latin America & Caribbean,High income,5129910.0,95350423176.664,0.33738,0.5178329123998685,0.5178329123998685,0.1893491124260355,0.565698015924814,0.6767441860465117,0.3584905660377358,0.7988826815642458,0.1949351937948229,0.06497839793160763,0.010487630433975246,0.0034958768113250815
CRI,Costa Rica,2022,8.0,2.9754901960784315,8,Latin America & Caribbean,High income,5129910.0,95350423176.664,0.33738,0.5178329123998685,0.5178329123998685,0.1893491124260355,0.565698015924814,0.6767441860465117,0.3584905660377358,0.7988826815642458,1.5594815503585833,0.5800277580071447,0.08390104347180197,0.031205841536387127
CRI,Costa Rica,2023,4.0,2.1666666666666665,4,Latin America & Caribbean,High income,5129910.0,95350423176.664,0.33738,0.5178329123998685,0.5178329123998685,0.1893491124260355,0.565698015924814,0.6767441860465117,0.3584905660377358,0.7988826815642458,0.7797407751792916,0.4223595865554496,0.041950521735900984,0.02272319927361303
CRI,Costa Rica,2024,3.0,1.25,3,Latin America & Caribbean,High income,5129910.0,95350423176.664,0.33738,0.5178329123998685,0.5178329123998685,0.1893491124260355,0.565698015924814,0.6767441860465117,0.3584905660377358,0.7988826815642458,0.5848055813844687,0.24366899224352864,0.03146289130192574,0.013109538042469056
CRI,Costa Rica,2025,3.0,1.8333333333333333,3,Latin America & Caribbean,High income,5129910.0,95350423176.664,0.33738,0.5178329123998685,0.5178329123998685,0.1893491124260355,0.565698015924814,0.6767441860465117,0.3584905660377358,0.7988826815642458,0.5848055813844687,0.357381188623842,0.03146289130192574,0.01922732246228795
CUB,Cuba,2010,1.0,0.5,1,Latin America & Caribbean,Upper middle income,10979783.0,633442300000.0,0.43839,0.5238357195099547,0.5238357195099547,0.1893491124260355,0.4920702258190836,0.6767441860465117,0.5235849056603774,0.7374301675977654,0.09107648120185982,0.04553824060092991,0.0015786757531033213,0.0007893378765516607
CUB,Cuba,2012,1.0,1.0,1,Latin America & Caribbean,Upper middle income,10979783.0,633442300000.0,0.43839,0.5238357195099547,0.5238357195099547,0.1893491124260355,0.4920702258190836,0.6767441860465117,0.5235849056603774,0.7374301675977654,0.09107648120185982,0.09107648120185982,0.0015786757531033213,0.0015786757531033213
CUB,Cuba,2013,1.0,0.3333333333333333,1,Latin America & Caribbean,Upper middle income,10979783.0,633442300000.0,0.43839,0.5238357195099547,0.5238357195099547,0.1893491124260355,0.4920702258190836,0.6767441860465117,0.5235849056603774,0.7374301675977654,0.09107648120185982,0.030358827067286605,0.0015786757531033213,0.0005262252510344404
CUB,Cuba,2014,1.0,0.16666666666666666,1,Latin America & Caribbean,Upper middle income,10979783.0,633442300000.0,0.43839,0.5238357195099547,0.5238357195099547,0.1893491124260355,0.4920702258190836,0.6767441860465117,0.5235849056603774,0.7374301675977654,0.09107648120185982,0.015179413533643302,0.0015786757531033213,0.0002631126255172202
CUB,Cuba,2016,4.0,2.6666666666666665,4,Latin America & Caribbean,Upper middle income,10979783.0,633442300000.0,0.43839,0.5238357195099547,0.5238357195099547,0.1893491124260355,0.4920702258190836,0.6767441860465117,0.5235849056603774,0.7374301675977654,0.3643059248074393,0.24287061653829284,0.006314703012413285,0.004209802008275523
CUB,Cuba,2017,1.0,0.5,1,Latin America & Caribbean,Upper middle income,10979783.0,633442300000.0,0.43839,0.5238357195099547,0.5238357195099547,0.1893491124260355,0.4920702258190836,0.6767441860465117,0.5235849056603774,0.7374301675977654,0.09107648120185982,0.04553824060092991,0.0015786757531033213,0.0007893378765516607
CUB,Cuba,2018,2.0,0.34285714285714286,2,Latin America & Caribbean,Upper middle income,10979783.0,633442300000.0,0.43839,0.5238357195099547,0.5238357195099547,0.1893491124260355,0.4920702258190836,0.6767441860465117,0.5235849056603774,0.7374301675977654,0.18215296240371964,0.03122622212635194,0.0031573515062066427,0.000541260258206853
CUB,Cuba,2019,2.0,0.45,2,Latin America & Caribbean,Upper middle income,10979783.0,633442300000.0,0.43839,0.5238357195099547,0.5238357195099547,0.1893491124260355,0.4920702258190836,0.6767441860465117,0.5235849056603774,0.7374301675977654,0.18215296240371964,0.04098441654083692,0.0031573515062066427,0.0007104040888964946
CUB,Cuba,2020,2.0,0.6666666666666666,2,Latin America & Caribbean,Upper middle income,10979783.0,633442300000.0,0.43839,0.5238357195099547,0.5238357195099547,0.1893491124260355,0.4920702258190836,0.6767441860465117,0.5235849056603774,0.7374301675977654,0.18215296240371964,0.06071765413457321,0.0031573515062066427,0.0010524505020688807
CUB,Cuba,2021,4.0,1.9166666666666665,4,Latin America & Caribbean,Upper middle income,10979783.0,633442300000.0,0.43839,0.5238357195099547,0.5238357195099547,0.1893491124260355,0.4920702258190836,0.6767441860465117,0.5235849056603774,0.7374301675977654,0.3643059248074393,0.17456325563689798,0.006314703012413285,0.0030257951934480323
CUB,Cuba,2022,2.0,0.6666666666666666,2,Latin America & Caribbean,Upper middle income,10979783.0,633442300000.0,0.43839,0.5238357195099547,0.5238357195099547,0.1893491124260355,0.4920702258190836,0.6767441860465117,0.5235849056603774,0.7374301675977654,0.18215296240371964,0.06071765413457321,0.0031573515062066427,0.0010524505020688807
CUB,Cuba,2023,4.0,1.4166666666666665,4,Latin America & Caribbean,Upper middle income,10979783.0,633442300000.0,0.43839,0.5238357195099547,0.5238357195099547,0.1893491124260355,0.4920702258190836,0.6767441860465117,0.5235849056603774,0.7374301675977654,0.3643059248074393,0.12902501503596808,0.006314703012413285,0.002236457316896372
CUB,Cuba,2024,7.0,4.25,7,Latin America & Caribbean,Upper middle income,10979783.0,633442300000.0,0.43839,0.5238357195099547,0.5238357195099547,0.1893491124260355,0.4920702258190836,0.6767441860465117,0.5235849056603774,0.7374301675977654,0.6375353684130188,0.38707504510790425,0.01105073027172325,0.0067093719506891155
CUB,Cuba,2025,9.0,5.233333333333333,9,Latin America & Caribbean,Upper middle income,10979783.0,633442300000.0,0.43839,0.5238357195099547,0.5238357195099547,0.1893491124260355,0.4920702258190836,0.6767441860465117,0.5235849056603774,0.7374301675977654,0.8196883308167384,0.4766335849563997,0.014208081777929892,0.008261736441240715
CYP,Cyprus,2010,2.0,2.0,2,Europe & Central Asia,High income,1358282.0,36333022329.4981,0.68145,0.4369865752363219,0.4369865752363219,0.1893491124260355,0.5691489361702128,0.1976744186046511,0.3349056603773584,0.8938547486033519,1.4724482839351474,1.4724482839351474,0.05504634274193693,0.05504634274193693
CYP,Cyprus,2012,1.0,0.2,1,Europe & Central Asia,High income,1358282.0,36333022329.4981,0.68145,0.4369865752363219,0.4369865752363219,0.1893491124260355,0.5691489361702128,0.1976744186046511,0.3349056603773584,0.8938547486033519,0.7362241419675737,0.14724482839351474,0.027523171370968463,0.005504634274193693
CYP,Cyprus,2014,1.0,1.0,1,Europe & Central Asia,High income,1358282.0,36333022329.4981,0.68145,0.4369865752363219,0.4369865752363219,0.1893491124260355,0.5691489361702128,0.1976744186046511,0.3349056603773584,0.8938547486033519,0.7362241419675737,0.7362241419675737,0.027523171370968463,0.027523171370968463
CYP,Cyprus,2015,2.0,0.8333333333333333,2,Europe & Central Asia,High income,1358282.0,36333022329.4981,0.68145,0.4369865752363219,0.4369865752363219,0.1893491124260355,0.5691489361702128,0.1976744186046511,0.3349056603773584,0.8938547486033519,1.4724482839351474,0.6135201183063114,0.05504634274193693,0.022935976142473717
CYP,Cyprus,2016,2.0,1.5,2,Europe & Central Asia,High income,1358282.0,36333022329.4981,0.68145,0.4369865752363219,0.4369865752363219,0.1893491124260355,0.5691489361702128,0.1976744186046511,0.3349056603773584,0.8938547486033519,1.4724482839351474,1.1043362129513605,0.05504634274193693,0.041284757056452695
CYP,Cyprus,2017,1.0,0.25,1,Europe & Central Asia,High income,1358282.0,36333022329.4981,0.68145,0.4369865752363219,0.4369865752363219,0.1893491124260355,0.5691489361702128,0.1976744186046511,0.3349056603773584,0.8938547486033519,0.7362241419675737,0.18405603549189342,0.027523171370968463,0.006880792842742116
CYP,Cyprus,2018,3.0,1.8333333333333333,3,Europe & Central Asia,High income,1358282.0,36333022329.4981,0.68145,0.4369865752363219,0.4369865752363219,0.1893491124260355,0.5691489361702128,0.1976744186046511,0.3349056603773584,0.8938547486033519,2.208672425902721,1.3497442602738852,0.08256951411290539,0.05045914751344218
CYP,Cyprus,2019,3.0,1.5,3,Europe & Central Asia,High income,1358282.0,36333022329.4981,0.68145,0.4369865752363219,0.4369865752363219,0.1893491124260355,0.5691489361702128,0.1976744186046511,0.3349056603773584,0.8938547486033519,2.208672425902721,1.1043362129513605,0.08256951411290539,0.041284757056452695
CYP,Cyprus,2020,3.0,1.75,3,Europe & Central Asia,High income,1358282.0,36333022329.4981,0.68145,0.4369865752363219,0.4369865752363219,0.1893491124260355,0.5691489361702128,0.1976744186046511,0.3349056603773584,0.8938547486033519,2.208672425902721,1.2883922484432542,0.08256951411290539,0.04816554989919481
CYP,Cyprus,2021,6.0,1.8833333333333333,6,Europe & Central Asia,High income,1358282.0,36333022329.4981,0.68145,0.4369865752363219,0.4369865752363219,0.1893491124260355,0.5691489361702128,0.1976744186046511,0.3349056603773584,0.8938547486033519,4.417344851805442,1.386555467372264,0.16513902822581078,0.051835306081990606
CYP,Cyprus,2022,10.0,5.233333333333333,10,Europe & Central Asia,High income,1358282.0,36333022329.4981,0.68145,0.4369865752363219,0.4369865752363219,0.1893491124260355,0.5691489361702128,0.1976744186046511,0.3349056603773584,0.8938547486033519,7.362241419675738,3.8529063429636357,0.27523171370968463,0.14403793017473496
CYP,Cyprus,2023,6.0,4.25,6,Europe & Central Asia,High income,1358282.0,36333022329.4981,0.68145,0.4369865752363219,0.4369865752363219,0.1893491124260355,0.5691489361702128,0.1976744186046511,0.3349056603773584,0.8938547486033519,4.417344851805442,3.1289526033621886,0.16513902822581078,0.11697347832661598
CYP,Cyprus,2024,21.0,9.826190476190476,21,Europe & Central Asia,High income,1358282.0,36333022329.4981,0.68145,0.4369865752363219,0.4369865752363219,0.1893491124260355,0.5691489361702128,0.1976744186046511,0.3349056603773584,0.8938547486033519,15.46070698131905,7.234278652143278,0.5779865987903378,0.2704479243999687
CYP,Cyprus,2025,18.0,7.017777777777778,18,Europe & Central Asia,High income,1358282.0,36333022329.4981,0.68145,0.4369865752363219,0.4369865752363219,0.1893491124260355,0.5691489361702128,0.1976744186046511,0.3349056603773584,0.8938547486033519,13.252034555416328,5.166657422963551,0.4954170846774323,0.193151500421152
CZE,Czechia,2010,8.0,5.033333333333333,8,Europe & Central Asia,High income,10905028.0,345036675975.047,1.83369,0.29870729440066,0.29870729440066,0.1893491124260355,0.4419788539355175,0.1767441860465116,0.5849056603773585,0.1005586592178771,0.7336065528671728,0.46156078951226287,0.023185940965239762,0.014587821190630016
CZE,Czechia,2011,11.0,8.125,11,Europe & Central Asia,High income,10905028.0,345036675975.047,1.83369,0.29870729440066,0.29870729440066,0.1893491124260355,0.4419788539355175,0.1767441860465116,0.5849056603773585,0.1005586592178771,1.0087090101923628,0.7450691552557224,0.031880668827204674,0.023548221292821633
CZE,Czechia,2012,9.0,5.666666666666666,9,Europe & Central Asia,High income,10905028.0,345036675975.047,1.83369,0.29870729440066,0.29870729440066,0.1893491124260355,0.4419788539355175,0.1767441860465116,0.5849056603773585,0.1005586592178771,0.8253073719755695,0.5196379749475807,0.026084183585894732,0.01642337485037816
CZE,Czechia,2013,11.0,9.125,11,Europe & Central Asia,High income,10905028.0,345036675975.047,1.83369,0.29870729440066,0.29870729440066,0.1893491124260355,0.4419788539355175,0.1767441860465116,0.5849056603773585,0.1005586592178771,1.0087090101923628,0.836769974364119,0.031880668827204674,0.026446463913476603
CZE,Czechia,2014,10.0,7.333333333333333,10,Europe & Central Asia,High income,10905028.0,345036675975.047,1.83369,0.29870729440066,0.29870729440066,0.1893491124260355,0.4419788539355175,0.1767441860465116,0.5849056603773585,0.1005586592178771,0.9170081910839661,0.672472673461575,0.0289824262065497,0.021253779218136447
CZE,Czechia,2015,17.0,14.5,17,Europe & Central Asia,High income,10905028.0,345036675975.047,1.83369,0.29870729440066,0.29870729440066,0.1893491124260355,0.4419788539355175,0.1767441860465116,0.5849056603773585,0.1005586592178771,1.5589139248427422,1.3296618770717508,0.0492701245511345,0.042024517999497066
CZE,Czechia,2016,15.0,11.29,15,Europe & Central Asia,High income,10905028.0,345036675975.047,1.83369,0.29870729440066,0.29870729440066,0.1893491124260355,0.4419788539355175,0.1767441860465116,0.5849056603773585,0.1005586592178771,1.375512286625949,1.0353022477337976,0.04347363930982455,0.032721159187194614
CZE,Czechia,2017,16.0,10.916666666666666,16,Europe & Central Asia,High income,10905028.0,345036675975.047,1.83369,0.29870729440066,0.29870729440066,0.1893491124260355,0.4419788539355175,0.1767441860465116,0.5849056603773585,0.1005586592178771,1.4672131057343456,1.001067275266663,0.046371881930479524,0.03163914860881676
CZE,Czechia,2018,13.0,7.666666666666666,13,Europe & Central Asia,High income,10905028.0,345036675975.047,1.83369,0.29870729440066,0.29870729440066,0.1893491124260355,0.4419788539355175,0.1767441860465116,0.5849056603773585,0.1005586592178771,1.192110648409156,0.7030396131643739,0.037677154068514615,0.022219860091688103
CZE,Czechia,2019,24.0,15.203267973856208,24,Europe & Central Asia,High income,10905028.0,345036675975.047,1.83369,0.29870729440066,0.29870729440066,0.1893491124260355,0.4419788539355175,0.1767441860465116,0.5849056603773585,0.1005586592178771,2.2008196586015183,1.3941521263270675,0.06955782289571928,0.044062759215068796
CZE,Czechia,2020,24.0,16.033333333333335,24,Europe & Central Asia,High income,10905028.0,345036675975.047,1.83369,0.29870729440066,0.29870729440066,0.1893491124260355,0.4419788539355175,0.1767441860465116,0.5849056603773585,0.1005586592178771,2.2008196586015183,1.4702697997046257,0.06955782289571928,0.04646849001783469
CZE,Czechia,2021,33.0,20.601190476190474,33,Europe & Central Asia,High income,10905028.0,345036675975.047,1.83369,0.29870729440066,0.29870729440066,0.1893491124260355,0.4419788539355175,0.1767441860465116,0.5849056603773585,0.1005586592178771,3.0261270305770878,1.8891460412747656,0.09564200648161401,0.059707248274326497
CZE,Czechia,2022,34.0,18.501190476190477,34,Europe & Central Asia,High income,10905028.0,345036675975.047,1.83369,0.29870729440066,0.29870729440066,0.1893491124260355,0.4419788539355175,0.1767441860465116,0.5849056603773585,0.1005586592178771,3.1178278496854843,1.696574321147133,0.098540249102269,0.05362093877095106
CZE,Czechia,2023,43.0,21.468589743589742,43,Europe & Central Asia,High income,10905028.0,345036675975.047,1.83369,0.29870729440066,0.29870729440066,0.1893491124260355,0.4419788539355175,0.1767441860465116,0.5849056603773585,0.1005586592178771,3.9431352216610542,1.9686872645893014,0.12462443268816371,0.06222118180022795
CZE,Czechia,2024,47.0,26.187373737373736,47,Europe & Central Asia,High income,10905028.0,345036675975.047,1.83369,0.29870729440066,0.29870729440066,0.1893491124260355,0.4419788539355175,0.1767441860465116,0.5849056603773585,0.1005586592178771,4.30993849809464,2.4014036220148847,0.1362174031707836,0.0758973626886772
CZE,Czechia,2025,61.0,28.615631313131313,61,Europe & Central Asia,High income,10905028.0,345036675975.047,1.83369,0.29870729440066,0.29870729440066,0.1893491124260355,0.4419788539355175,0.1767441860465116,0.5849056603773585,0.1005586592178771,5.593749965612193,2.6240768307180242,0.1767927998599532,0.08293504228866612
DEU,Germany,2010,44.0,30.94090909090909,44,Europe & Central Asia,High income,83516593.0,4659929336890.62,3.1539,0.2970906211883384,0.2970906211883384,0.1893491124260355,0.3220043075316538,0.2697674418604651,0.6037735849056604,0.1005586592178771,0.5268414146156561,0.3704761889761127,0.009442203265116331,0.006639780746451124
DEU,Germany,2011,44.0,30.0,44,Europe & Central Asia,High income,83516593.0,4659929336890.62,3.1539,0.2970906211883384,0.2970906211883384,0.1893491124260355,0.3220043075316538,0.2697674418604651,0.6037735849056604,0.1005586592178771,0.5268414146156561,0.35921005541976553,0.009442203265116331,0.006437865862579318
DEU,Germany,2012,68.0,47.95,68,Europe & Central Asia,High income,83516593.0,4659929336890.62,3.1539,0.2970906211883384,0.2970906211883384,0.1893491124260355,0.3220043075316538,0.2697674418604651,0.6037735849056604,0.1005586592178771,0.8142094589514685,0.5741374052459252,0.014592495955179785,0.010289855603689278
DEU,Germany,2013,68.0,41.41590909090909,68,Europe & Central Asia,High income,83516593.0,4659929336890.62,3.1539,0.2970906211883384,0.2970906211883384,0.1893491124260355,0.3220043075316538,0.2697674418604651,0.6037735849056604,0.1005586592178771,0.8142094589514685,0.4959003666601808,0.014592495955179785,0.00888766891013507
DEU,Germany,2014,90.0,58.86666666666667,90,Europe & Central Asia,High income,83516593.0,4659929336890.62,3.1539,0.2970906211883384,0.2970906211883384,0.1893491124260355,0.3220043075316538,0.2697674418604651,0.6037735849056604,0.1005586592178771,1.0776301662592964,0.7048499531903399,0.019313597587737954,0.012632523459238973
DEU,Germany,2015,89.0,59.452777777777776,89,Europe & Central Asia,High income,83516593.0,4659929336890.62,3.1539,0.2970906211883384,0.2970906211883384,0.1893491124260355,0.3220043075316538,0.2697674418604651,0.6037735849056604,0.1005586592178771,1.0656564977453045,0.711867853347152,0.01909900205898531,0.012758300283035661
DEU,Germany,2016,99.0,66.6697619047619,99,Europe & Central Asia,High income,83516593.0,4659929336890.62,3.1539,0.2970906211883384,0.2970906211883384,0.1893491124260355,0.3220043075316538,0.2697674418604651,0.6037735849056604,0.1005586592178771,1.1853931828852262,0.798281628954403,0.02124495734651175,0.014307032807765257
DEU,Germany,2017,96.0,60.7047619047619,96,Europe & Central Asia,High income,83516593.0,4659929336890.62,3.1539,0.2970906211883384,0.2970906211883384,0.1893491124260355,0.3220043075316538,0.2697674418604651,0.6037735849056604,0.1005586592178771,1.1494721773432497,0.7268586962684398,0.020601170760253817,0.013026970478755737
DEU,Germany,2018,111.0,73.07777777777778,111,Europe & Central Asia,High income,83516593.0,4659929336890.62,3.1539,0.2970906211883384,0.2970906211883384,0.1893491124260355,0.3220043075316538,0.2697674418604651,0.6037735849056604,0.1005586592178771,1.3290772050531323,0.8750090868502955,0.023820103691543474,0.015682164362290436
DEU,Germany,2019,170.0,114.47347554406377,170,Europe & Central Asia,High income,83516593.0,4659929336890.62,3.1539,0.2970906211883384,0.2970906211883384,0.1893491124260355,0.3220043075316538,0.2697674418604651,0.6037735849056604,0.1005586592178771,2.0355236473786715,1.3706674498092106,0.03648123988794947,0.02456549601253122
DEU,Germany,2020,227.0,134.08862942612942,227,Europe & Central Asia,High income,83516593.0,4659929336890.62,3.1539,0.2970906211883384,0.2970906211883384,0.1893491124260355,0.3220043075316538,0.2697674418604651,0.6037735849056604,0.1005586592178771,2.7180227526762257,1.6055328002440117,0.04871318502685017,0.028774820331417574
DEU,Germany,2021,292.0,177.46491702741702,292,Europe & Central Asia,High income,83516593.0,4659929336890.62,3.1539,0.2970906211883384,0.2970906211883384,0.1893491124260355,0.3220043075316538,0.2697674418604651,0.6037735849056604,0.1005586592178771,3.4963112060857178,2.1249060893494187,0.06266189439577202,0.038083177704542635
DEU,Germany,2022,363.0,223.9106855562738,363,Europe & Central Asia,High income,83516593.0,4659929336890.62,3.1539,0.2970906211883384,0.2970906211883384,0.1893491124260355,0.3220043075316538,0.2697674418604651,0.6037735849056604,0.1005586592178771,4.346441670579162,2.68103232559156,0.07789817693720974,0.04805023196031557
DEU,Germany,2023,349.0,204.4656648906649,349,Europe & Central Asia,High income,83516593.0,4659929336890.62,3.1539,0.2970906211883384,0.2970906211883384,0.1893491124260355,0.3220043075316538,0.2697674418604651,0.6037735849056604,0.1005586592178771,4.1788103113832715,2.448204093893831,0.07489383953467273,0.04387741746897313
DEU,Germany,2024,463.0,255.41821599453178,463,Europe & Central Asia,High income,83516593.0,4659929336890.62,3.1539,0.2970906211883384,0.2970906211883384,0.1893491124260355,0.3220043075316538,0.2697674418604651,0.6037735849056604,0.1005586592178771,5.543808521978381,3.0582930507537798,0.09935772981247414,0.05481160711440356
DEU,Germany,2025,572.0,319.45784109165686,572,Europe & Central Asia,High income,83516593.0,4659929336890.62,3.1539,0.2970906211883384,0.2970906211883384,0.1893491124260355,0.3220043075316538,0.2697674418604651,0.6037735849056604,0.1005586592178771,6.848938390003529,3.8250822934270903,0.12274864244651232,0.06855422432324221
DMA,Dominica,2024,1.0,0.2,1,Latin America & Caribbean,Upper middle income,66205.0,688881481.481481,,0.6403315337678602,0.6403315337678602,0.4201183431952662,0.8297872340425532,0.6767441860465117,0.3113207547169811,0.9636871508379888,15.104599350502228,3.020919870100446,1.4516285121345402,0.290325702426908
DNK,Denmark,2010,16.0,8.9,16,Europe & Central Asia,High income,5976992.0,429457372071.869,3.04841,0.3654988491482722,0.3654988491482722,0.1893491124260355,0.4308510638297872,0.2906976744186046,0.8160377358490566,0.1005586592178771,2.6769318078391273,1.4890433181105145,0.03725631701886916,0.020723826341745973
DNK,Denmark,2011,22.0,12.041666666666666,22,Europe & Central Asia,High income,5976992.0,429457372071.869,3.04841,0.3654988491482722,0.3654988491482722,0.1893491124260355,0.4308510638297872,0.2906976744186046,0.8160377358490566,0.1005586592178771,3.6807812357787997,2.0146700324622593,0.0512274359009451,0.028039259423055175
DNK,Denmark,2012,20.0,13.333333333333334,20,Europe & Central Asia,High income,5976992.0,429457372071.869,3.04841,0.3654988491482722,0.3654988491482722,0.1893491124260355,0.4308510638297872,0.2906976744186046,0.8160377358490566,0.1005586592178771,3.3461647597989086,2.2307765065326057,0.04657039627358646,0.031046930849057637
DNK,Denmark,2013,20.0,12.74090909090909,20,Europe & Central Asia,High income,5976992.0,429457372071.869,3.04841,0.3654988491482722,0.3654988491482722,0.1893491124260355,0.4308510638297872,0.2906976744186046,0.8160377358490566,0.1005586592178771,3.3461647597989086,2.1316590503900774,0.04657039627358646,0.02966745926246882
DNK,Denmark,2014,18.0,11.791666666666666,18,Europe & Central Asia,High income,5976992.0,429457372071.869,3.04841,0.3654988491482722,0.3654988491482722,0.1893491124260355,0.4308510638297872,0.2906976744186046,0.8160377358490566,0.1005586592178771,3.011548283819018,1.9728429729647732,0.041913356646227806,0.027457129469635345
DNK,Denmark,2015,30.0,17.2,30,Europe & Central Asia,High income,5976992.0,429457372071.869,3.04841,0.3654988491482722,0.3654988491482722,0.1893491124260355,0.4308510638297872,0.2906976744186046,0.8160377358490566,0.1005586592178771,5.019247139698364,2.8777016934270616,0.06985559441037968,0.04005054079528435
DNK,Denmark,2016,24.0,16.111428571428572,24,Europe & Central Asia,High income,5976992.0,429457372071.869,3.04841,0.3654988491482722,0.3654988491482722,0.1893491124260355,0.4308510638297872,0.2906976744186046,0.8160377358490566,0.1005586592178771,4.01539771175869,2.695574725786578,0.055884475528303744,0.037515780655250575
DNK,Denmark,2017,20.0,9.833333333333334,20,Europe & Central Asia,High income,5976992.0,429457372071.869,3.04841,0.3654988491482722,0.3654988491482722,0.1893491124260355,0.4308510638297872,0.2906976744186046,0.8160377358490566,0.1005586592178771,3.3461647597989086,1.645197673567797,0.04657039627358646,0.02289711150118001
DNK,Denmark,2018,33.0,19.0,33,Europe & Central Asia,High income,5976992.0,429457372071.869,3.04841,0.3654988491482722,0.3654988491482722,0.1893491124260355,0.4308510638297872,0.2906976744186046,0.8160377358490566,0.1005586592178771,5.5211718536682,3.1788565218089633,0.07684115385141765,0.04424187645990713
DNK,Denmark,2019,44.0,23.130618401206636,44,Europe & Central Asia,High income,5976992.0,429457372071.869,3.04841,0.3654988491482722,0.3654988491482722,0.1893491124260355,0.4308510638297872,0.2906976744186046,0.8160377358490566,0.1005586592178771,7.361562471557599,3.869943008323691,0.1024548718018902,0.05386010324986519
DNK,Denmark,2020,38.0,18.638690476190476,38,Europe & Central Asia,High income,5976992.0,429457372071.869,3.04841,0.3654988491482722,0.3654988491482722,0.1893491124260355,0.4308510638297872,0.2906976744186046,0.8160377358490566,0.1005586592178771,6.3577130436179266,3.118406462011406,0.08848375291981427,0.043400560074845614
DNK,Denmark,2021,58.0,31.267893217893217,58,Europe & Central Asia,High income,5976992.0,429457372071.869,3.04841,0.3654988491482722,0.3654988491482722,0.1893491124260355,0.4308510638297872,0.2906976744186046,0.8160377358490566,0.1005586592178771,9.703877803416836,5.231376119943479,0.13505414919340072,0.07280790888987368
DNK,Denmark,2022,78.0,37.81242727860375,78,Europe & Central Asia,High income,5976992.0,429457372071.869,3.04841,0.3654988491482722,0.3654988491482722,0.1893491124260355,0.4308510638297872,0.2906976744186046,0.8160377358490566,0.1005586592178771,13.050042563215744,6.326330582106141,0.18162454546698717,0.08804698612153734
DNK,Denmark,2023,69.0,31.392099567099567,69,Europe & Central Asia,High income,5976992.0,429457372071.869,3.04841,0.3654988491482722,0.3654988491482722,0.1893491124260355,0.4308510638297872,0.2906976744186046,0.8160377358490566,0.1005586592178771,11.544268421306235,5.2521568653763575,0.16066786714387327,0.07309712583498544
DNK,Denmark,2024,98.0,43.69444444444444,98,Europe & Central Asia,High income,5976992.0,429457372071.869,3.04841,0.3654988491482722,0.3654988491482722,0.1893491124260355,0.4308510638297872,0.2906976744186046,0.8160377358490566,0.1005586592178771,16.396207323014654,7.31044050994956,0.22819494174057364,0.1017433796365993
DNK,Denmark,2025,142.0,66.59730167493325,142,Europe & Central Asia,High income,5976992.0,429457372071.869,3.04841,0.3654988491482722,0.3654988491482722,0.1893491124260355,0.4308510638297872,0.2906976744186046,0.8160377358490566,0.1005586592178771,23.757769794572255,11.142277198117924,0.3306498135424638,0.15507313648766122
DOM,Dominican Republic,2013,1.0,0.5,1,Latin America & Caribbean,Upper middle income,11427557.0,124282245638.568,,0.6337907799388824,0.6337907799388824,0.4201183431952662,0.5292063699255972,0.9767441860465116,0.5613207547169812,0.6815642458100558,0.08750776740820457,0.043753883704102284,0.008046201570159546,0.004023100785079773
DOM,Dominican Republic,2018,1.0,0.14285714285714285,1,Latin America & Caribbean,Upper middle income,11427557.0,124282245638.568,,0.6337907799388824,0.6337907799388824,0.4201183431952662,0.5292063699255972,0.9767441860465116,0.5613207547169812,0.6815642458100558,0.08750776740820457,0.012501109629743509,0.008046201570159546,0.0011494573671656492
DOM,Dominican Republic,2021,1.0,0.5,1,Latin America & Caribbean,Upper middle income,11427557.0,124282245638.568,,0.6337907799388824,0.6337907799388824,0.4201183431952662,0.5292063699255972,0.9767441860465116,0.5613207547169812,0.6815642458100558,0.08750776740820457,0.043753883704102284,0.008046201570159546,0.004023100785079773
DOM,Dominican Republic,2024,5.0,1.3928571428571428,5,Latin America & Caribbean,Upper middle income,11427557.0,124282245638.568,,0.6337907799388824,0.6337907799388824,0.4201183431952662,0.5292063699255972,0.9767441860465116,0.5613207547169812,0.6815642458100558,0.43753883704102287,0.1218858188899992,0.04023100785079772,0.011207209329865079
DOM,Dominican Republic,2025,10.0,1.6975579975579975,10,Latin America & Caribbean,Upper middle income,11427557.0,124282245638.568,,0.6337907799388824,0.6337907799388824,0.4201183431952662,0.5292063699255972,0.9767441860465116,0.5613207547169812,0.6815642458100558,0.8750776740820457,0.14854951041224274,0.08046201570159545,0.013658893825388053
DZA,Algeria,2010,1.0,0.5,1,Middle East & North Africa,Upper middle income,46814308.0,263619794506.723,0.44395,0.5448085444259056,0.5448085444259056,0.1893491124260355,0.6005743375538442,0.916279069767442,0.2971698113207547,0.7206703910614525,0.021360990746675138,0.010680495373337569,0.003793341853828421,0.0018966709269142106
DZA,Algeria,2012,3.0,2.5,3,Middle East & North Africa,Upper middle income,46814308.0,263619794506.723,0.44395,0.5448085444259056,0.5448085444259056,0.1893491124260355,0.6005743375538442,0.916279069767442,0.2971698113207547,0.7206703910614525,0.06408297224002542,0.05340247686668785,0.011380025561485263,0.009483354634571053
DZA,Algeria,2013,2.0,2.0,2,Middle East & North Africa,Upper middle income,46814308.0,263619794506.723,0.44395,0.5448085444259056,0.5448085444259056,0.1893491124260355,0.6005743375538442,0.916279069767442,0.2971698113207547,0.7206703910614525,0.042721981493350276,0.042721981493350276,0.007586683707656842,0.007586683707656842
DZA,Algeria,2014,2.0,1.0,2,Middle East & North Africa,Upper middle income,46814308.0,263619794506.723,0.44395,0.5448085444259056,0.5448085444259056,0.1893491124260355,0.6005743375538442,0.916279069767442,0.2971698113207547,0.7206703910614525,0.042721981493350276,0.021360990746675138,0.007586683707656842,0.003793341853828421
DZA,Algeria,2015,2.0,0.8333333333333333,2,Middle East & North Africa,Upper middle income,46814308.0,263619794506.723,0.44395,0.5448085444259056,0.5448085444259056,0.1893491124260355,0.6005743375538442,0.916279069767442,0.2971698113207547,0.7206703910614525,0.042721981493350276,0.017800825622229285,0.007586683707656842,0.003161118211523684
DZA,Algeria,2016,2.0,0.5833333333333333,2,Middle East & North Africa,Upper middle income,46814308.0,263619794506.723,0.44395,0.5448085444259056,0.5448085444259056,0.1893491124260355,0.6005743375538442,0.916279069767442,0.2971698113207547,0.7206703910614525,0.042721981493350276,0.012460577935560498,0.007586683707656842,0.0022127827480665787
DZA,Algeria,2017,9.0,7.5,9,Middle East & North Africa,Upper middle income,46814308.0,263619794506.723,0.44395,0.5448085444259056,0.5448085444259056,0.1893491124260355,0.6005743375538442,0.916279069767442,0.2971698113207547,0.7206703910614525,0.19224891672007627,0.16020743060006354,0.03414007668445579,0.028450063903713158
DZA,Algeria,2018,5.0,3.3333333333333335,5,Middle East & North Africa,Upper middle income,46814308.0,263619794506.723,0.44395,0.5448085444259056,0.5448085444259056,0.1893491124260355,0.6005743375538442,0.916279069767442,0.2971698113207547,0.7206703910614525,0.1068049537333757,0.07120330248891714,0.018966709269142106,0.012644472846094738
DZA,Algeria,2019,9.0,6.75,9,Middle East & North Africa,Upper middle income,46814308.0,263619794506.723,0.44395,0.5448085444259056,0.5448085444259056,0.1893491124260355,0.6005743375538442,0.916279069767442,0.2971698113207547,0.7206703910614525,0.19224891672007627,0.1441866875400572,0.03414007668445579,0.025605057513341842
DZA,Algeria,2020,11.0,8.166666666666666,11,Middle East & North Africa,Upper middle income,46814308.0,263619794506.723,0.44395,0.5448085444259056,0.5448085444259056,0.1893491124260355,0.6005743375538442,0.916279069767442,0.2971698113207547,0.7206703910614525,0.23497089821342654,0.17444809109784695,0.04172676039211263,0.0309789584729321
DZA,Algeria,2021,15.0,9.666666666666666,15,Middle East & North Africa,Upper middle income,46814308.0,263619794506.723,0.44395,0.5448085444259056,0.5448085444259056,0.1893491124260355,0.6005743375538442,0.916279069767442,0.2971698113207547,0.7206703910614525,0.3204148612001271,0.20648957721785968,0.056900127807426315,0.036668971253674736
DZA,Algeria,2022,22.0,15.516666666666666,22,Middle East & North Africa,Upper middle income,46814308.0,263619794506.723,0.44395,0.5448085444259056,0.5448085444259056,0.1893491124260355,0.6005743375538442,0.916279069767442,0.2971698113207547,0.7206703910614525,0.4699417964268531,0.3314513730859092,0.08345352078422526,0.058860021098571
DZA,Algeria,2023,18.0,8.91978021978022,18,Middle East & North Africa,Upper middle income,46814308.0,263619794506.723,0.44395,0.5448085444259056,0.5448085444259056,0.1893491124260355,0.6005743375538442,0.916279069767442,0.2971698113207547,0.7206703910614525,0.38449783344015254,0.19053534273710124,0.06828015336891158,0.033835775634643184
DZA,Algeria,2024,39.0,27.09583333333333,39,Middle East & North Africa,Upper middle income,46814308.0,263619794506.723,0.44395,0.5448085444259056,0.5448085444259056,0.1893491124260355,0.6005743375538442,0.916279069767442,0.2971698113207547,0.7206703910614525,0.8330786391203305,0.5787938451067851,0.14794033229930842,0.10278375864769258
DZA,Algeria,2025,56.0,38.907575757575756,56,Middle East & North Africa,Upper middle income,46814308.0,263619794506.723,0.44395,0.5448085444259056,0.5448085444259056,0.1893491124260355,0.6005743375538442,0.916279069767442,0.2971698113207547,0.7206703910614525,1.196215481813808,0.8311043657331377,0.21242714381439157,0.14758973555221214
ECU,Ecuador,2015,1.0,0.5,1,Latin America & Caribbean,Upper middle income,18135478.0,124676074700.0,0.43839,0.6489582874845832,0.6489582874845832,0.7159763313609467,0.5115438585041118,0.8186046511627907,0.7405660377358491,0.4581005586592179,0.05514053723866556,0.02757026861933278,0.008020785081710629,0.004010392540855314
ECU,Ecuador,2016,4.0,2.0,4,Latin America & Caribbean,Upper middle income,18135478.0,124676074700.0,0.43839,0.6489582874845832,0.6489582874845832,0.7159763313609467,0.5115438585041118,0.8186046511627907,0.7405660377358491,0.4581005586592179,0.22056214895466225,0.11028107447733113,0.032083140326842514,0.016041570163421257
ECU,Ecuador,2017,3.0,1.0833333333333333,3,Latin America & Caribbean,Upper middle income,18135478.0,124676074700.0,0.43839,0.6489582874845832,0.6489582874845832,0.7159763313609467,0.5115438585041118,0.8186046511627907,0.7405660377358491,0.4581005586592179,0.16542161171599667,0.05973558200855435,0.024062355245131888,0.008689183838519849
ECU,Ecuador,2018,3.0,1.5,3,Latin America & Caribbean,Upper middle income,18135478.0,124676074700.0,0.43839,0.6489582874845832,0.6489582874845832,0.7159763313609467,0.5115438585041118,0.8186046511627907,0.7405660377358491,0.4581005586592179,0.16542161171599667,0.08271080585799834,0.024062355245131888,0.012031177622565944
ECU,Ecuador,2019,3.0,1.2,3,Latin America & Caribbean,Upper middle income,18135478.0,124676074700.0,0.43839,0.6489582874845832,0.6489582874845832,0.7159763313609467,0.5115438585041118,0.8186046511627907,0.7405660377358491,0.4581005586592179,0.16542161171599667,0.06616864468639867,0.024062355245131888,0.009624942098052754
ECU,Ecuador,2020,6.0,3.833333333333333,6,Latin America & Caribbean,Upper middle income,18135478.0,124676074700.0,0.43839,0.6489582874845832,0.6489582874845832,0.7159763313609467,0.5115438585041118,0.8186046511627907,0.7405660377358491,0.4581005586592179,0.33084322343199335,0.21137205941488463,0.048124710490263775,0.030746342813224078
ECU,Ecuador,2021,8.0,4.0,8,Latin America & Caribbean,Upper middle income,18135478.0,124676074700.0,0.43839,0.6489582874845832,0.6489582874845832,0.7159763313609467,0.5115438585041118,0.8186046511627907,0.7405660377358491,0.4581005586592179,0.4411242979093245,0.22056214895466225,0.06416628065368503,0.032083140326842514
ECU,Ecuador,2022,10.0,5.366666666666666,10,Latin America & Caribbean,Upper middle income,18135478.0,124676074700.0,0.43839,0.6489582874845832,0.6489582874845832,0.7159763313609467,0.5115438585041118,0.8186046511627907,0.7405660377358491,0.4581005586592179,0.5514053723866557,0.2959208831808385,0.08020785081710628,0.043044879938513705
ECU,Ecuador,2023,12.0,6.016666666666667,12,Latin America & Caribbean,Upper middle income,18135478.0,124676074700.0,0.43839,0.6489582874845832,0.6489582874845832,0.7159763313609467,0.5115438585041118,0.8186046511627907,0.7405660377358491,0.4581005586592179,0.6616864468639867,0.3317622323859711,0.09624942098052755,0.04825839024162562
ECU,Ecuador,2024,23.0,9.275,23,Latin America & Caribbean,Upper middle income,18135478.0,124676074700.0,0.43839,0.6489582874845832,0.6489582874845832,0.7159763313609467,0.5115438585041118,0.8186046511627907,0.7405660377358491,0.4581005586592179,1.2682323564893079,0.5114284828886231,0.18447805687934446,0.07439278163286608
ECU,Ecuador,2025,39.0,25.553113553113555,39,Latin America & Caribbean,Upper middle income,18135478.0,124676074700.0,0.43839,0.6489582874845832,0.6489582874845832,0.7159763313609467,0.5115438585041118,0.8186046511627907,0.7405660377358491,0.4581005586592179,2.150480952307957,1.4090124094393075,0.3128106181867145,0.20495603197807089
EGY,"Egypt, Arab Rep.",2010,3.0,2.0,3,Middle East & North Africa,Lower middle income,116538258.0,389059911003.566,1.01757,0.6031993217242729,0.6031993217242729,0.650887573964497,0.6921093851977549,0.9813953488372092,0.1273584905660377,0.5642458100558659,0.025742619217802278,0.01716174614520152,0.0077108946852468266,0.005140596456831218
EGY,"Egypt, Arab Rep.",2011,10.0,6.666666666666666,10,Middle East & North Africa,Lower middle income,116538258.0,389059911003.566,1.01757,0.6031993217242729,0.6031993217242729,0.650887573964497,0.6921093851977549,0.9813953488372092,0.1273584905660377,0.5642458100558659,0.08580873072600759,0.057205820484005056,0.025702982284156087,0.017135321522770725
EGY,"Egypt, Arab Rep.",2012,9.0,7.0,9,Middle East & North Africa,Lower middle income,116538258.0,389059911003.566,1.01757,0.6031993217242729,0.6031993217242729,0.650887573964497,0.6921093851977549,0.9813953488372092,0.1273584905660377,0.5642458100558659,0.07722785765340684,0.06006611150820531,0.023132684055740475,0.01799208759890926
EGY,"Egypt, Arab Rep.",2013,8.0,6.333333333333333,8,Middle East & North Africa,Lower middle income,116538258.0,389059911003.566,1.01757,0.6031993217242729,0.6031993217242729,0.650887573964497,0.6921093851977549,0.9813953488372092,0.1273584905660377,0.5642458100558659,0.06864698458080608,0.0543455294598048,0.02056238582732487,0.01627855544663219
EGY,"Egypt, Arab Rep.",2014,11.0,7.916666666666666,11,Middle East & North Africa,Lower middle income,116538258.0,389059911003.566,1.01757,0.6031993217242729,0.6031993217242729,0.650887573964497,0.6921093851977549,0.9813953488372092,0.1273584905660377,0.5642458100558659,0.09438960379860835,0.06793191182475601,0.028273280512571695,0.020348194308290234
EGY,"Egypt, Arab Rep.",2015,14.0,9.25,14,Middle East & North Africa,Lower middle income,116538258.0,389059911003.566,1.01757,0.6031993217242729,0.6031993217242729,0.650887573964497,0.6921093851977549,0.9813953488372092,0.1273584905660377,0.5642458100558659,0.12013222301641062,0.07937307592155703,0.03598417519781852,0.02377525861284438
EGY,"Egypt, Arab Rep.",2016,13.0,10.333333333333334,13,Middle East & North Africa,Lower middle income,116538258.0,389059911003.566,1.01757,0.6031993217242729,0.6031993217242729,0.650887573964497,0.6921093851977549,0.9813953488372092,0.1273584905660377,0.5642458100558659,0.11155134994380986,0.08866902175020785,0.033413876969402914,0.02655974836029462
EGY,"Egypt, Arab Rep.",2017,11.0,7.666666666666666,11,Middle East & North Africa,Lower middle income,116538258.0,389059911003.566,1.01757,0.6031993217242729,0.6031993217242729,0.650887573964497,0.6921093851977549,0.9813953488372092,0.1273584905660377,0.5642458100558659,0.09438960379860835,0.06578669355660581,0.028273280512571695,0.019705619751186332
EGY,"Egypt, Arab Rep.",2018,16.0,11.166666666666666,16,Middle East & North Africa,Lower middle income,116538258.0,389059911003.566,1.01757,0.6031993217242729,0.6031993217242729,0.650887573964497,0.6921093851977549,0.9813953488372092,0.1273584905660377,0.5642458100558659,0.13729396916161216,0.09581974931070848,0.04112477165464974,0.028701663550640962
EGY,"Egypt, Arab Rep.",2019,31.0,21.5,31,Middle East & North Africa,Lower middle income,116538258.0,389059911003.566,1.01757,0.6031993217242729,0.6031993217242729,0.650887573964497,0.6921093851977549,0.9813953488372092,0.1273584905660377,0.5642458100558659,0.2660070652506235,0.18448877106091632,0.07967924508088386,0.05526141191093559
EGY,"Egypt, Arab Rep.",2020,49.0,29.1875,49,Middle East & North Africa,Lower middle income,116538258.0,389059911003.566,1.01757,0.6031993217242729,0.6031993217242729,0.650887573964497,0.6921093851977549,0.9813953488372092,0.1273584905660377,0.5642458100558659,0.42046278055743724,0.25045423280653467,0.12594461319236483,0.07502057954188057
EGY,"Egypt, Arab Rep.",2021,69.0,38.81785714285714,69,Middle East & North Africa,Lower middle income,116538258.0,389059911003.566,1.01757,0.6031993217242729,0.6031993217242729,0.650887573964497,0.6921093851977549,0.9813953488372092,0.1273584905660377,0.5642458100558659,0.5920802420094524,0.3330911050932059,0.177350577760677,0.09977346944517589
EGY,"Egypt, Arab Rep.",2022,119.0,61.60634920634921,119,Middle East & North Africa,Lower middle income,116538258.0,389059911003.566,1.01757,0.6031993217242729,0.6031993217242729,0.650887573964497,0.6921093851977549,0.9813953488372092,0.1273584905660377,0.5642458100558659,1.0211238956394904,0.5286362630060011,0.30586548918145745,0.1583466902242327
EGY,"Egypt, Arab Rep.",2023,151.0,74.28926073926074,151,Middle East & North Africa,Lower middle income,116538258.0,389059911003.566,1.01757,0.6031993217242729,0.6031993217242729,0.650887573964497,0.6921093851977549,0.9813953488372092,0.1273584905660377,0.5642458100558659,1.2957118339627145,0.6374667170609393,0.3881150324907569,0.1909455552684271
EGY,"Egypt, Arab Rep.",2024,148.0,76.66230158730158,148,Middle East & North Africa,Lower middle income,116538258.0,389059911003.566,1.01757,0.6031993217242729,0.6031993217242729,0.650887573964497,0.6921093851977549,0.9813953488372092,0.1273584905660377,0.5642458100558659,1.2699692147449124,0.6578294793740747,0.3804041378055101,0.19704497795610437
EGY,"Egypt, Arab Rep.",2025,239.0,119.62169913419913,239,Middle East & North Africa,Lower middle income,116538258.0,389059911003.566,1.01757,0.6031993217242729,0.6031993217242729,0.650887573964497,0.6921093851977549,0.9813953488372092,0.1273584905660377,0.5642458100558659,2.0508286643515814,1.026458616999399,0.6143012765913305,0.30746344136469694
ERI,Eritrea,2023,1.0,0.3333333333333333,1,Sub-Saharan Africa,Low income,3535603.0,11573463414.6341,,,,,0.5235282600182743,0.7465116279069768,0.4339622641509434,,0.28283718505725897,0.09427906168575298,0.08640455878881917,0.028801519596273056
ERI,Eritrea,2024,1.0,0.3333333333333333,1,Sub-Saharan Africa,Low income,3535603.0,11573463414.6341,,,,,0.5235282600182743,0.7465116279069768,0.4339622641509434,,0.28283718505725897,0.09427906168575298,0.08640455878881917,0.028801519596273056
ERI,Eritrea,2025,3.0,1.5,3,Sub-Saharan Africa,Low income,3535603.0,11573463414.6341,,,,,0.5235282600182743,0.7465116279069768,0.4339622641509434,,0.8485115551717769,0.42425577758588845,0.25921367636645753,0.12960683818322877
ESP,Spain,2010,48.0,39.916666666666664,48,Europe & Central Asia,High income,48848840.0,1722745978335.16,1.49362,0.4035755072924646,0.4035755072924646,0.1893491124260355,0.6808510638297872,0.1209302325581395,0.5518867924528302,0.4748603351955307,0.9826231288194357,0.8171466644175515,0.027862494299006633,0.023170372863236418
ESP,Spain,2011,66.0,54.833333333333336,66,Europe & Central Asia,High income,48848840.0,1722745978335.16,1.49362,0.4035755072924646,0.4035755072924646,0.1893491124260355,0.6808510638297872,0.1209302325581395,0.5518867924528302,0.4748603351955307,1.3511068021267238,1.1225104492416471,0.03831092966113412,0.03182902994574022
ESP,Spain,2012,67.0,53.916666666666664,67,Europe & Central Asia,High income,48848840.0,1722745978335.16,1.49362,0.4035755072924646,0.4035755072924646,0.1893491124260355,0.6808510638297872,0.1209302325581395,0.5518867924528302,0.4748603351955307,1.3715781173104622,1.1037450769898869,0.038891398292363426,0.031296933700446686
ESP,Spain,2013,104.0,79.45833333333333,104,Europe & Central Asia,High income,48848840.0,1722745978335.16,1.49362,0.4035755072924646,0.4035755072924646,0.1893491124260355,0.6808510638297872,0.1209302325581395,0.5518867924528302,0.4748603351955307,2.129016779108777,1.6266165856412012,0.06036873764784771,0.04612306998976185
ESP,Spain,2014,89.0,65.325,89,Europe & Central Asia,High income,48848840.0,1722745978335.16,1.49362,0.4035755072924646,0.4035755072924646,0.1893491124260355,0.6808510638297872,0.1209302325581395,0.5518867924528302,0.4748603351955307,1.8219470513527036,1.3372886643777007,0.051661708179408135,0.03791911333505434
ESP,Spain,2015,90.0,68.39368686868687,90,Europe & Central Asia,High income,48848840.0,1722745978335.16,1.49362,0.4035755072924646,0.4035755072924646,0.1893491124260355,0.6808510638297872,0.1209302325581395,0.5518867924528302,0.4748603351955307,1.842418366536442,1.4001087204667884,0.05224217681063744,0.03970038980139235
ESP,Spain,2016,86.0,55.6197619047619,86,Europe & Central Asia,High income,48848840.0,1722745978335.16,1.49362,0.4035755072924646,0.4035755072924646,0.1893491124260355,0.6808510638297872,0.1209302325581395,0.5518867924528302,0.4748603351955307,1.7605331058014888,1.138609676396858,0.04992030228572022,0.032285527062156975
ESP,Spain,2017,99.0,67.96666666666667,99,Europe & Central Asia,High income,48848840.0,1722745978335.16,1.49362,0.4035755072924646,0.4035755072924646,0.1893491124260355,0.6808510638297872,0.1209302325581395,0.5518867924528302,0.4748603351955307,2.0266602031900858,1.3913670553214093,0.057466394491701184,0.03945251796921842
ESP,Spain,2018,131.0,91.23333333333333,131,Europe & Central Asia,High income,48848840.0,1722745978335.16,1.49362,0.4035755072924646,0.4035755072924646,0.1893491124260355,0.6808510638297872,0.1209302325581395,0.5518867924528302,0.4748603351955307,2.68174228906971,1.8676663219297192,0.07604139069103893,0.05295808812248691
ESP,Spain,2019,187.0,128.55561840120663,187,Europe & Central Asia,High income,48848840.0,1722745978335.16,1.49362,0.4035755072924646,0.4035755072924646,0.1893491124260355,0.6808510638297872,0.1209302325581395,0.5518867924528302,0.4748603351955307,3.828135939359051,2.6317025829314806,0.10854763403988,0.07462250385018526
ESP,Spain,2020,254.0,170.22480158730158,254,Europe & Central Asia,High income,48848840.0,1722745978335.16,1.49362,0.4035755072924646,0.4035755072924646,0.1893491124260355,0.6808510638297872,0.1209302325581395,0.5518867924528302,0.4748603351955307,5.199714056669513,3.4847255653829565,0.14743903233224345,0.09881015757866096
ESP,Spain,2021,241.0,163.57175642984467,241,Europe & Central Asia,High income,48848840.0,1722745978335.16,1.49362,0.4035755072924646,0.4035755072924646,0.1893491124260355,0.6808510638297872,0.1209302325581395,0.5518867924528302,0.4748603351955307,4.933586959280916,3.3485289810330126,0.1398929401262625,0.09494827356260518
ESP,Spain,2022,288.0,178.54719349278173,288,Europe & Central Asia,High income,48848840.0,1722745978335.16,1.49362,0.4035755072924646,0.4035755072924646,0.1893491124260355,0.6808510638297872,0.1209302325581395,0.5518867924528302,0.4748603351955307,5.895738772916614,3.6550958731626326,0.1671749657940398,0.10364104501658887
ESP,Spain,2023,335.0,212.7623126873127,335,Europe & Central Asia,High income,48848840.0,1722745978335.16,1.49362,0.4035755072924646,0.4035755072924646,0.1893491124260355,0.6808510638297872,0.1209302325581395,0.5518867924528302,0.4748603351955307,6.857890586552311,4.355524362243048,0.19445699146181714,0.12350184842278576
ESP,Spain,2024,363.0,215.82725468975468,363,Europe & Central Asia,High income,48848840.0,1722745978335.16,1.49362,0.4035755072924646,0.4035755072924646,0.1893491124260355,0.6808510638297872,0.1209302325581395,0.5518867924528302,0.4748603351955307,7.431087411696982,4.418267755994916,0.21071011313623766,0.12528095111174045
ESP,Spain,2025,508.0,315.44725838488995,508,Europe & Central Asia,High income,48848840.0,1722745978335.16,1.49362,0.4035755072924646,0.4035755072924646,0.1893491124260355,0.6808510638297872,0.1209302325581395,0.5518867924528302,0.4748603351955307,10.399428113339026,6.457620250243198,0.2948780646644869,0.18310723829971393
EST,Estonia,2011,2.0,0.29166666666666663,2,Europe & Central Asia,High income,1372341.0,42764929169.3258,1.83878,0.3202768801354431,0.3202768801354431,0.1893491124260355,0.2801690379845973,0.1209302325581395,0.910377358490566,0.1005586592178771,1.457363731026035,0.21253221077463008,0.04676729364103681,0.006820230322651201
EST,Estonia,2012,6.0,4.5,6,Europe & Central Asia,High income,1372341.0,42764929169.3258,1.83878,0.3202768801354431,0.3202768801354431,0.1893491124260355,0.2801690379845973,0.1209302325581395,0.910377358490566,0.1005586592178771,4.372091193078106,3.279068394808579,0.1403018809231104,0.10522641069233282
EST,Estonia,2013,1.0,0.5,1,Europe & Central Asia,High income,1372341.0,42764929169.3258,1.83878,0.3202768801354431,0.3202768801354431,0.1893491124260355,0.2801690379845973,0.1209302325581395,0.910377358490566,0.1005586592178771,0.7286818655130175,0.36434093275650875,0.023383646820518404,0.011691823410259202
EST,Estonia,2014,2.0,2.0,2,Europe & Central Asia,High income,1372341.0,42764929169.3258,1.83878,0.3202768801354431,0.3202768801354431,0.1893491124260355,0.2801690379845973,0.1209302325581395,0.910377358490566,0.1005586592178771,1.457363731026035,1.457363731026035,0.04676729364103681,0.04676729364103681
EST,Estonia,2015,1.0,1.0,1,Europe & Central Asia,High income,1372341.0,42764929169.3258,1.83878,0.3202768801354431,0.3202768801354431,0.1893491124260355,0.2801690379845973,0.1209302325581395,0.910377358490566,0.1005586592178771,0.7286818655130175,0.7286818655130175,0.023383646820518404,0.023383646820518404
EST,Estonia,2016,1.0,0.5,1,Europe & Central Asia,High income,1372341.0,42764929169.3258,1.83878,0.3202768801354431,0.3202768801354431,0.1893491124260355,0.2801690379845973,0.1209302325581395,0.910377358490566,0.1005586592178771,0.7286818655130175,0.36434093275650875,0.023383646820518404,0.011691823410259202
EST,Estonia,2017,1.0,0.25,1,Europe & Central Asia,High income,1372341.0,42764929169.3258,1.83878,0.3202768801354431,0.3202768801354431,0.1893491124260355,0.2801690379845973,0.1209302325581395,0.910377358490566,0.1005586592178771,0.7286818655130175,0.18217046637825438,0.023383646820518404,0.005845911705129601
EST,Estonia,2018,2.0,0.5333333333333333,2,Europe & Central Asia,High income,1372341.0,42764929169.3258,1.83878,0.3202768801354431,0.3202768801354431,0.1893491124260355,0.2801690379845973,0.1209302325581395,0.910377358490566,0.1005586592178771,1.457363731026035,0.3886303282736094,0.04676729364103681,0.012471278304276483
EST,Estonia,2019,1.0,1.0,1,Europe & Central Asia,High income,1372341.0,42764929169.3258,1.83878,0.3202768801354431,0.3202768801354431,0.1893491124260355,0.2801690379845973,0.1209302325581395,0.910377358490566,0.1005586592178771,0.7286818655130175,0.7286818655130175,0.023383646820518404,0.023383646820518404
EST,Estonia,2020,4.0,2.75,4,Europe & Central Asia,High income,1372341.0,42764929169.3258,1.83878,0.3202768801354431,0.3202768801354431,0.1893491124260355,0.2801690379845973,0.1209302325581395,0.910377358490566,0.1005586592178771,2.91472746205207,2.0038751301607984,0.09353458728207362,0.06430502875642562
EST,Estonia,2021,6.0,3.642857142857143,6,Europe & Central Asia,High income,1372341.0,42764929169.3258,1.83878,0.3202768801354431,0.3202768801354431,0.1893491124260355,0.2801690379845973,0.1209302325581395,0.910377358490566,0.1005586592178771,4.372091193078106,2.654483938654564,0.1403018809231104,0.08518328484617418
EST,Estonia,2022,9.0,3.958333333333333,9,Europe & Central Asia,High income,1372341.0,42764929169.3258,1.83878,0.3202768801354431,0.3202768801354431,0.1893491124260355,0.2801690379845973,0.1209302325581395,0.910377358490566,0.1005586592178771,6.558136789617158,2.884365717655694,0.21045282138466564,0.09256026866455203
EST,Estonia,2023,13.0,4.611111111111111,13,Europe & Central Asia,High income,1372341.0,42764929169.3258,1.83878,0.3202768801354431,0.3202768801354431,0.1893491124260355,0.2801690379845973,0.1209302325581395,0.910377358490566,0.1005586592178771,9.472864251669229,3.3600330465322474,0.3039874086667393,0.10782459367239042
EST,Estonia,2024,3.0,2.0555555555555554,3,Europe & Central Asia,High income,1372341.0,42764929169.3258,1.83878,0.3202768801354431,0.3202768801354431,0.1893491124260355,0.2801690379845973,0.1209302325581395,0.910377358490566,0.1005586592178771,2.186045596539053,1.4978460568878693,0.0701509404615552,0.048066385131065606
EST,Estonia,2025,15.0,6.134444444444444,15,Europe & Central Asia,High income,1372341.0,42764929169.3258,1.83878,0.3202768801354431,0.3202768801354431,0.1893491124260355,0.2801690379845973,0.1209302325581395,0.910377358490566,0.1005586592178771,10.930227982695264,4.470058421663744,0.35075470230777606,0.14344568232898014
ETH,Ethiopia,2010,1.0,1.0,1,Sub-Saharan Africa,Not classified,132059767.0,1473281348345.84,0.27437,0.4130826874821139,0.4130826874821139,0.8313609467455622,0.4783318104686072,0.1767441860465116,0.3443396226415094,0.2346368715083799,0.007572328974349924,0.007572328974349924,0.0006787569808867618,0.0006787569808867618
ETH,Ethiopia,2011,1.0,1.0,1,Sub-Saharan Africa,Not classified,132059767.0,1473281348345.84,0.27437,0.4130826874821139,0.4130826874821139,0.8313609467455622,0.4783318104686072,0.1767441860465116,0.3443396226415094,0.2346368715083799,0.007572328974349924,0.007572328974349924,0.0006787569808867618,0.0006787569808867618
ETH,Ethiopia,2012,2.0,1.5,2,Sub-Saharan Africa,Not classified,132059767.0,1473281348345.84,0.27437,0.4130826874821139,0.4130826874821139,0.8313609467455622,0.4783318104686072,0.1767441860465116,0.3443396226415094,0.2346368715083799,0.015144657948699848,0.011358493461524887,0.0013575139617735235,0.0010181354713301428
ETH,Ethiopia,2013,4.0,2.5,4,Sub-Saharan Africa,Not classified,132059767.0,1473281348345.84,0.27437,0.4130826874821139,0.4130826874821139,0.8313609467455622,0.4783318104686072,0.1767441860465116,0.3443396226415094,0.2346368715083799,0.030289315897399697,0.018930822435874812,0.002715027923547047,0.0016968924522169045
ETH,Ethiopia,2014,3.0,2.0,3,Sub-Saharan Africa,Not classified,132059767.0,1473281348345.84,0.27437,0.4130826874821139,0.4130826874821139,0.8313609467455622,0.4783318104686072,0.1767441860465116,0.3443396226415094,0.2346368715083799,0.022716986923049774,0.015144657948699848,0.0020362709426602855,0.0013575139617735235
ETH,Ethiopia,2015,3.0,2.5,3,Sub-Saharan Africa,Not classified,132059767.0,1473281348345.84,0.27437,0.4130826874821139,0.4130826874821139,0.8313609467455622,0.4783318104686072,0.1767441860465116,0.3443396226415094,0.2346368715083799,0.022716986923049774,0.018930822435874812,0.0020362709426602855,0.0016968924522169045
ETH,Ethiopia,2016,6.0,4.0,6,Sub-Saharan Africa,Not classified,132059767.0,1473281348345.84,0.27437,0.4130826874821139,0.4130826874821139,0.8313609467455622,0.4783318104686072,0.1767441860465116,0.3443396226415094,0.2346368715083799,0.04543397384609955,0.030289315897399697,0.004072541885320571,0.002715027923547047
ETH,Ethiopia,2017,3.0,1.3333333333333333,3,Sub-Saharan Africa,Not classified,132059767.0,1473281348345.84,0.27437,0.4130826874821139,0.4130826874821139,0.8313609467455622,0.4783318104686072,0.1767441860465116,0.3443396226415094,0.2346368715083799,0.022716986923049774,0.010096438632466564,0.0020362709426602855,0.0009050093078490156
ETH,Ethiopia,2018,3.0,1.8333333333333333,3,Sub-Saharan Africa,Not classified,132059767.0,1473281348345.84,0.27437,0.4130826874821139,0.4130826874821139,0.8313609467455622,0.4783318104686072,0.1767441860465116,0.3443396226415094,0.2346368715083799,0.022716986923049774,0.013882603119641528,0.0020362709426602855,0.0012443877982923966
ETH,Ethiopia,2019,8.0,4.166666666666666,8,Sub-Saharan Africa,Not classified,132059767.0,1473281348345.84,0.27437,0.4130826874821139,0.4130826874821139,0.8313609467455622,0.4783318104686072,0.1767441860465116,0.3443396226415094,0.2346368715083799,0.060578631794799394,0.031551370726458014,0.005430055847094094,0.0028281540870281736
ETH,Ethiopia,2020,12.0,5.3428571428571425,12,Sub-Saharan Africa,Not classified,132059767.0,1473281348345.84,0.27437,0.4130826874821139,0.4130826874821139,0.8313609467455622,0.4783318104686072,0.1767441860465116,0.3443396226415094,0.2346368715083799,0.0908679476921991,0.040457871948669594,0.008145083770641142,0.0036265015835949843
ETH,Ethiopia,2021,24.0,16.366666666666667,24,Sub-Saharan Africa,Not classified,132059767.0,1473281348345.84,0.27437,0.4130826874821139,0.4130826874821139,0.8313609467455622,0.4783318104686072,0.1767441860465116,0.3443396226415094,0.2346368715083799,0.1817358953843982,0.12393378421352709,0.016290167541282284,0.011108989253846669
ETH,Ethiopia,2022,34.0,18.483333333333334,34,Sub-Saharan Africa,Not classified,132059767.0,1473281348345.84,0.27437,0.4130826874821139,0.4130826874821139,0.8313609467455622,0.4783318104686072,0.1767441860465116,0.3443396226415094,0.2346368715083799,0.2574591851278974,0.13996188054256778,0.0230777373501499,0.012545691530056982
ETH,Ethiopia,2023,43.0,25.84285714285714,43,Sub-Saharan Africa,Not classified,132059767.0,1473281348345.84,0.27437,0.4130826874821139,0.4130826874821139,0.8313609467455622,0.4783318104686072,0.1767441860465116,0.3443396226415094,0.2346368715083799,0.3256101458970468,0.19569061592284304,0.02918655017813076,0.0175410196917736
ETH,Ethiopia,2024,62.0,36.94285714285714,62,Sub-Saharan Africa,Not classified,132059767.0,1473281348345.84,0.27437,0.4130826874821139,0.4130826874821139,0.8313609467455622,0.4783318104686072,0.1767441860465116,0.3443396226415094,0.2346368715083799,0.46948439640969536,0.2797434675381272,0.04208293281497923,0.025075222179616656
ETH,Ethiopia,2025,106.0,67.04444444444444,106,Sub-Saharan Africa,Not classified,132059767.0,1473281348345.84,0.27437,0.4130826874821139,0.4130826874821139,0.8313609467455622,0.4783318104686072,0.1767441860465116,0.3443396226415094,0.2346368715083799,0.8026668712810919,0.5076825892358604,0.07194823997399676,0.045506884696341336
FIN,Finland,2010,4.0,3.5,4,Europe & Central Asia,High income,5619911.0,299835625550.781,3.0938,0.3153654964863079,0.3153654964863079,0.1893491124260355,0.3515533220206239,0.0674418604651162,0.8679245283018868,0.1005586592178771,0.7117550438076333,0.6227856633316792,0.013340642869412956,0.011673062510736338
FIN,Finland,2011,4.0,2.6666666666666665,4,Europe & Central Asia,High income,5619911.0,299835625550.781,3.0938,0.3153654964863079,0.3153654964863079,0.1893491124260355,0.3515533220206239,0.0674418604651162,0.8679245283018868,0.1005586592178771,0.7117550438076333,0.4745033625384221,0.013340642869412956,0.00889376191294197
FIN,Finland,2012,8.0,5.283333333333333,8,Europe & Central Asia,High income,5619911.0,299835625550.781,3.0938,0.3153654964863079,0.3153654964863079,0.1893491124260355,0.3515533220206239,0.0674418604651162,0.8679245283018868,0.1005586592178771,1.4235100876152667,0.940109787029249,0.026681285738825913,0.01762076579001628
FIN,Finland,2013,7.0,4.166666666666666,7,Europe & Central Asia,High income,5619911.0,299835625550.781,3.0938,0.3153654964863079,0.3153654964863079,0.1893491124260355,0.3515533220206239,0.0674418604651162,0.8679245283018868,0.1005586592178771,1.2455713266633583,0.7414115039662845,0.023346125021472677,0.013896502988971828
FIN,Finland,2014,9.0,6.5,9,Europe & Central Asia,High income,5619911.0,299835625550.781,3.0938,0.3153654964863079,0.3153654964863079,0.1893491124260355,0.3515533220206239,0.0674418604651162,0.8679245283018868,0.1005586592178771,1.6014488485671747,1.156601946187404,0.030016446456179156,0.021678544662796055
FIN,Finland,2015,10.0,7.125,10,Europe & Central Asia,High income,5619911.0,299835625550.781,3.0938,0.3153654964863079,0.3153654964863079,0.1893491124260355,0.3515533220206239,0.0674418604651162,0.8679245283018868,0.1005586592178771,1.779387609519083,1.2678136717823467,0.033351607173532395,0.023763020111141828
FIN,Finland,2016,13.0,6.611428571428571,13,Europe & Central Asia,High income,5619911.0,299835625550.781,3.0938,0.3153654964863079,0.3153654964863079,0.1893491124260355,0.3515533220206239,0.0674418604651162,0.8679245283018868,0.1005586592178771,2.313203892374808,1.1764294081220452,0.04335708932559211,0.022050176857015415
FIN,Finland,2017,10.0,5.166666666666666,10,Europe & Central Asia,High income,5619911.0,299835625550.781,3.0938,0.3153654964863079,0.3153654964863079,0.1893491124260355,0.3515533220206239,0.0674418604651162,0.8679245283018868,0.1005586592178771,1.779387609519083,0.9193502649181928,0.033351607173532395,0.01723166370632507
FIN,Finland,2018,18.0,9.333333333333334,18,Europe & Central Asia,High income,5619911.0,299835625550.781,3.0938,0.3153654964863079,0.3153654964863079,0.1893491124260355,0.3515533220206239,0.0674418604651162,0.8679245283018868,0.1005586592178771,3.2028976971343495,1.6607617688844778,0.06003289291235831,0.031128166695296902
FIN,Finland,2019,25.0,11.682905982905982,25,Europe & Central Asia,High income,5619911.0,299835625550.781,3.0938,0.3153654964863079,0.3153654964863079,0.1893491124260355,0.3515533220206239,0.0674418604651162,0.8679245283018868,0.1005586592178771,4.448469023797707,2.078841814915927,0.08337901793383098,0.03896436909871917
FIN,Finland,2020,28.0,11.772023809523809,28,Europe & Central Asia,High income,5619911.0,299835625550.781,3.0938,0.3153654964863079,0.3153654964863079,0.1893491124260355,0.3515533220206239,0.0674418604651162,0.8679245283018868,0.1005586592178771,4.982285306653433,2.09469933056303,0.0933845000858907,0.039261591373270836
FIN,Finland,2021,43.0,26.60952380952381,43,Europe & Central Asia,High income,5619911.0,299835625550.781,3.0938,0.3153654964863079,0.3153654964863079,0.1893491124260355,0.3515533220206239,0.0674418604651162,0.8679245283018868,0.1005586592178771,7.651366720932057,4.73486569618697,0.1434119108461893,0.08874703851699953
FIN,Finland,2022,44.0,19.036601307189542,44,Europe & Central Asia,High income,5619911.0,299835625550.781,3.0938,0.3153654964863079,0.3153654964863079,0.1893491124260355,0.3515533220206239,0.0674418604651162,0.8679245283018868,0.1005586592178771,7.829305481883965,3.3873492493367854,0.14674707156354252,0.06349012487165388
FIN,Finland,2023,53.0,27.328210678210677,53,Europe & Central Asia,High income,5619911.0,299835625550.781,3.0938,0.3153654964863079,0.3153654964863079,0.1893491124260355,0.3515533220206239,0.0674418604651162,0.8679245283018868,0.1005586592178771,9.43075433045114,4.862747947113518,0.17676351801972168,0.09114397472952157
FIN,Finland,2024,76.0,36.851190476190474,76,Europe & Central Asia,High income,5619911.0,299835625550.781,3.0938,0.3153654964863079,0.3153654964863079,0.1893491124260355,0.3515533220206239,0.0674418604651162,0.8679245283018868,0.1005586592178771,13.523345832345031,6.557255172936097,0.2534722145188462,0.12290464286389227
FIN,Finland,2025,85.0,37.88600098731678,85,Europe & Central Asia,High income,5619911.0,299835625550.781,3.0938,0.3153654964863079,0.3153654964863079,0.1893491124260355,0.3515533220206239,0.0674418604651162,0.8679245283018868,0.1005586592178771,15.124794680912206,6.741388073105922,0.28348866097502534,0.12635590223050497
FJI,Fiji,2018,1.0,0.5,1,East Asia & Pacific,Upper middle income,928784.0,5840564072.77313,,0.5514054412384978,0.5514054412384978,0.5710059171597633,0.5808559587521211,0.627906976744186,0.1839622641509433,0.7932960893854749,1.07667660080277,0.538338300401385,0.171216339302172,0.085608169651086
FJI,Fiji,2021,1.0,0.25,1,East Asia & Pacific,Upper middle income,928784.0,5840564072.77313,,0.5514054412384978,0.5514054412384978,0.5710059171597633,0.5808559587521211,0.627906976744186,0.1839622641509433,0.7932960893854749,1.07667660080277,0.2691691502006925,0.171216339302172,0.042804084825543
FJI,Fiji,2022,2.0,1.5,2,East Asia & Pacific,Upper middle income,928784.0,5840564072.77313,,0.5514054412384978,0.5514054412384978,0.5710059171597633,0.5808559587521211,0.627906976744186,0.1839622641509433,0.7932960893854749,2.15335320160554,1.6150149012041553,0.342432678604344,0.25682450895325803
FJI,Fiji,2025,4.0,1.75,4,East Asia & Pacific,Upper middle income,928784.0,5840564072.77313,,0.5514054412384978,0.5514054412384978,0.5710059171597633,0.5808559587521211,0.627906976744186,0.1839622641509433,0.7932960893854749,4.30670640321108,1.8841840514048476,0.684865357208688,0.299628593778801
FRA,France,2010,55.0,38.15,55,Europe & Central Asia,High income,68551653.0,3162079073495.78,2.17832,0.3353791624622489,0.3353791624622489,0.1893491124260355,0.5585106382978723,0.1209302325581395,0.7075471698113207,0.1005586592178771,0.802314715882927,0.5565146620169757,0.01739361942622002,0.012064846929278068
FRA,France,2011,50.0,35.375,50,Europe & Central Asia,High income,68551653.0,3162079073495.78,2.17832,0.3353791624622489,0.3353791624622489,0.1893491124260355,0.5585106382978723,0.1209302325581395,0.7075471698113207,0.1005586592178771,0.7293770144390246,0.5160342377156099,0.015812381296563656,0.011187259767318786
FRA,France,2012,48.0,34.916666666666664,48,Europe & Central Asia,High income,68551653.0,3162079073495.78,2.17832,0.3353791624622489,0.3353791624622489,0.1893491124260355,0.5585106382978723,0.1209302325581395,0.7075471698113207,0.1005586592178771,0.7002019338614636,0.5093482817499188,0.01517988604470111,0.011042312938766952
FRA,France,2013,64.0,44.624242424242425,64,Europe & Central Asia,High income,68551653.0,3162079073495.78,2.17832,0.3353791624622489,0.3353791624622489,0.1893491124260355,0.5585106382978723,0.1209302325581395,0.7075471698113207,0.1005586592178771,0.9336025784819515,0.650957934219944,0.02023984805960148,0.014112310725648267
FRA,France,2014,63.0,43.333333333333336,63,Europe & Central Asia,High income,68551653.0,3162079073495.78,2.17832,0.3353791624622489,0.3353791624622489,0.1893491124260355,0.5585106382978723,0.1209302325581395,0.7075471698113207,0.1005586592178771,0.9190150381931709,0.6321267458471547,0.019923600433670204,0.013704063790355167
FRA,France,2015,85.0,60.38535353535354,85,Europe & Central Asia,High income,68551653.0,3162079073495.78,2.17832,0.3353791624622489,0.3353791624622489,0.1893491124260355,0.5585106382978723,0.1209302325581395,0.7075471698113207,0.1005586592178771,1.2399409245463417,0.8808737775492232,0.026881048204158212,0.019096724696576167
FRA,France,2016,78.0,50.54595238095238,78,Europe & Central Asia,High income,68551653.0,3162079073495.78,2.17832,0.3353791624622489,0.3353791624622489,0.1893491124260355,0.5585106382978723,0.1209302325581395,0.7075471698113207,0.1005586592178771,1.1378281425248784,0.7373411167919229,0.024667314822639303,0.01598503744091137
FRA,France,2017,83.0,54.9547619047619,83,Europe & Central Asia,High income,68551653.0,3162079073495.78,2.17832,0.3353791624622489,0.3353791624622489,0.1893491124260355,0.5585106382978723,0.1209302325581395,0.7075471698113207,0.1005586592178771,1.2107658439687807,0.8016548033460535,0.026248552952295667,0.017379312985999318
FRA,France,2018,110.0,67.45833333333333,110,Europe & Central Asia,High income,68551653.0,3162079073495.78,2.17832,0.3353791624622489,0.3353791624622489,0.1893491124260355,0.5585106382978723,0.1209302325581395,0.7075471698113207,0.1005586592178771,1.604629431765854,0.9840511553139839,0.03478723885244004,0.02133353776594713
FRA,France,2019,126.0,74.11236443295267,126,Europe & Central Asia,High income,68551653.0,3162079073495.78,2.17832,0.3353791624622489,0.3353791624622489,0.1893491124260355,0.5585106382978723,0.1209302325581395,0.7075471698113207,0.1005586592178771,1.8380300763863417,1.0811171020624795,0.03984720086734041,0.023437859304074608
FRA,France,2020,151.0,84.95767704517705,151,Europe & Central Asia,High income,68551653.0,3162079073495.78,2.17832,0.3353791624622489,0.3353791624622489,0.1893491124260355,0.5585106382978723,0.1209302325581395,0.7075471698113207,0.1005586592178771,2.2027185836058543,1.2393235367377216,0.04775339151562224,0.02686766367017306
FRA,France,2021,177.0,104.28638167388168,177,Europe & Central Asia,High income,68551653.0,3162079073495.78,2.17832,0.3353791624622489,0.3353791624622489,0.1893491124260355,0.5585106382978723,0.1209302325581395,0.7075471698113207,0.1005586592178771,2.5819946311141466,1.5212817942388885,0.05597582978983534,0.032980320621327705
FRA,France,2022,184.0,106.61382783882783,184,Europe & Central Asia,High income,68551653.0,3162079073495.78,2.17832,0.3353791624622489,0.3353791624622489,0.1893491124260355,0.5585106382978723,0.1209302325581395,0.7075471698113207,0.1005586592178771,2.68410741313561,1.555233508940008,0.05818956317135425,0.03371636994547477
FRA,France,2023,215.0,113.61423576423576,215,Europe & Central Asia,High income,68551653.0,3162079073495.78,2.17832,0.3353791624622489,0.3353791624622489,0.1893491124260355,0.5585106382978723,0.1209302325581395,0.7075471698113207,0.1005586592178771,3.1363211620878055,1.6573522415897943,0.06799323957522371,0.0359302323324355
FRA,France,2024,260.0,130.70126262626263,260,Europe & Central Asia,High income,68551653.0,3162079073495.78,2.17832,0.3353791624622489,0.3353791624622489,0.1893491124260355,0.5585106382978723,0.1209302325581395,0.7075471698113207,0.1005586592178771,3.7927604750829276,1.9066099343550862,0.08222438274213101,0.04133396401177539
FRA,France,2025,358.0,190.06220038733196,358,Europe & Central Asia,High income,68551653.0,3162079073495.78,2.17832,0.3353791624622489,0.3353791624622489,0.1893491124260355,0.5585106382978723,0.1209302325581395,0.7075471698113207,0.1005586592178771,5.222339423383416,2.7725400055244758,0.11321665008339576,0.06010671965176763
FRO,Faroe Islands,2011,1.0,0.16666666666666666,1,Europe & Central Asia,High income,54681.0,23443943768.0378,0.85253,,,,,0.2232558139534883,0.9669811320754716,,18.287887931822755,3.047981321970459,0.042654939369174985,0.007109156561529163
FRO,Faroe Islands,2019,1.0,0.5,1,Europe & Central Asia,High income,54681.0,23443943768.0378,0.85253,,,,,0.2232558139534883,0.9669811320754716,,18.287887931822755,9.143943965911378,0.042654939369174985,0.021327469684587493
FRO,Faroe Islands,2022,1.0,0.25,1,Europe & Central Asia,High income,54681.0,23443943768.0378,0.85253,,,,,0.2232558139534883,0.9669811320754716,,18.287887931822755,4.571971982955689,0.042654939369174985,0.010663734842293746
FRO,Faroe Islands,2024,1.0,0.25,1,Europe & Central Asia,High income,54681.0,23443943768.0378,0.85253,,,,,0.2232558139534883,0.9669811320754716,,18.287887931822755,4.571971982955689,0.042654939369174985,0.010663734842293746
GAB,Gabon,2018,1.0,0.1,1,Sub-Saharan Africa,Upper middle income,2538952.0,20867044935.6729,0.57924,0.7122791392019634,0.7122791392019634,0.9171597633136096,0.4309489622764652,0.627906976744186,0.7641509433962265,0.8212290502793296,0.39386329477674253,0.03938632947767425,0.047922453949886645,0.004792245394988666
GAB,Gabon,2024,1.0,0.14285714285714285,1,Sub-Saharan Africa,Upper middle income,2538952.0,20867044935.6729,0.57924,0.7122791392019634,0.7122791392019634,0.9171597633136096,0.4309489622764652,0.627906976744186,0.7641509433962265,0.8212290502793296,0.39386329477674253,0.05626618496810607,0.047922453949886645,0.006846064849983806
GBR,United Kingdom,2010,67.0,43.807575757575755,67,Europe & Central Asia,High income,69226000.0,3643834188782.91,2.67614,0.3454632013860026,0.3454632013860026,0.1893491124260355,0.4547709176347735,0.241860465116279,0.5424528301886793,0.2988826815642458,0.9678444515066594,0.6328196885213035,0.01838722524923092,0.012022384523541691
GBR,United Kingdom,2011,70.0,47.40833333333333,70,Europe & Central Asia,High income,69226000.0,3643834188782.91,2.67614,0.3454632013860026,0.3454632013860026,0.1893491124260355,0.4547709176347735,0.241860465116279,0.5424528301886793,0.2988826815642458,1.0111807702308382,0.6848342145051474,0.01921053384248007,0.013010562741651084
GBR,United Kingdom,2012,69.0,51.583333333333336,69,Europe & Central Asia,High income,69226000.0,3643834188782.91,2.67614,0.3454632013860026,0.3454632013860026,0.1893491124260355,0.4547709176347735,0.241860465116279,0.5424528301886793,0.2988826815642458,0.9967353306561119,0.7451439247296295,0.01893609764473035,0.014156333867256145
GBR,United Kingdom,2013,68.0,41.124242424242425,68,Europe & Central Asia,High income,69226000.0,3643834188782.91,2.67614,0.3454632013860026,0.3454632013860026,0.1893491124260355,0.4547709176347735,0.241860465116279,0.5424528301886793,0.2988826815642458,0.9822898910813856,0.594057758995788,0.018661661446980636,0.011285980726246623
GBR,United Kingdom,2014,71.0,39.33452380952381,71,Europe & Central Asia,High income,69226000.0,3643834188782.91,2.67614,0.3454632013860026,0.3454632013860026,0.1893491124260355,0.4547709176347735,0.241860465116279,0.5424528301886793,0.2988826815642458,1.0256262098055644,0.5682044868911076,0.019484970040229782,0.010794817154581358
GBR,United Kingdom,2015,88.0,47.26590909090909,88,Europe & Central Asia,High income,69226000.0,3643834188782.91,2.67614,0.3454632013860026,0.3454632013860026,0.1893491124260355,0.4547709176347735,0.241860465116279,0.5424528301886793,0.2988826815642458,1.2711986825759107,0.6827768337172317,0.024150385401974943,0.01297147637409279
GBR,United Kingdom,2016,82.0,51.40309523809524,82,Europe & Central Asia,High income,69226000.0,3643834188782.91,2.67614,0.3454632013860026,0.3454632013860026,0.1893491124260355,0.4547709176347735,0.241860465116279,0.5424528301886793,0.2988826815642458,1.1845260451275532,0.7425403062158038,0.02250376821547665,0.014106870009709352
GBR,United Kingdom,2017,134.0,80.45,134,Europe & Central Asia,High income,69226000.0,3643834188782.91,2.67614,0.3454632013860026,0.3454632013860026,0.1893491124260355,0.4547709176347735,0.241860465116279,0.5424528301886793,0.2988826815642458,1.9356889030133189,1.1621356137867276,0.03677445049846184,0.022078392108964593
GBR,United Kingdom,2018,125.0,75.17063492063492,125,Europe & Central Asia,High income,69226000.0,3643834188782.91,2.67614,0.3454632013860026,0.3454632013860026,0.1893491124260355,0.4547709176347735,0.241860465116279,0.5424528301886793,0.2988826815642458,1.8056799468407823,1.0858728645398394,0.0343045247187144,0.020629543230051017
GBR,United Kingdom,2019,201.0,115.78577713136536,201,Europe & Central Asia,High income,69226000.0,3643834188782.91,2.67614,0.3454632013860026,0.3454632013860026,0.1893491124260355,0.4547709176347735,0.241860465116279,0.5424528301886793,0.2988826815642458,2.903533354519978,1.6725764471638598,0.05516167574769277,0.03177580842942784
GBR,United Kingdom,2020,288.0,156.2771214896215,288,Europe & Central Asia,High income,69226000.0,3643834188782.91,2.67614,0.3454632013860026,0.3454632013860026,0.1893491124260355,0.4547709176347735,0.241860465116279,0.5424528301886793,0.2988826815642458,4.1602865975211625,2.257491715390482,0.07903762495191799,0.04288809901688204
GBR,United Kingdom,2021,353.0,186.7009591715474,353,Europe & Central Asia,High income,69226000.0,3643834188782.91,2.67614,0.3454632013860026,0.3454632013860026,0.1893491124260355,0.4547709176347735,0.241860465116279,0.5424528301886793,0.2988826815642458,5.099240169878369,2.6969774242560223,0.09687597780564948,0.05123750135126429
GBR,United Kingdom,2022,454.0,227.67748166865815,454,Europe & Central Asia,High income,69226000.0,3643834188782.91,2.67614,0.3454632013860026,0.3454632013860026,0.1893491124260355,0.4547709176347735,0.241860465116279,0.5424528301886793,0.2988826815642458,6.558229566925721,3.2889013039704467,0.12459403377837072,0.06248294238237704
GBR,United Kingdom,2023,512.0,261.7010794760795,512,Europe & Central Asia,High income,69226000.0,3643834188782.91,2.67614,0.3454632013860026,0.3454632013860026,0.1893491124260355,0.4547709176347735,0.241860465116279,0.5424528301886793,0.2988826815642458,7.3960650622598445,3.7803871302123406,0.1405113332478542,0.0718202491984113
GBR,United Kingdom,2024,648.0,327.33948222829804,648,Europe & Central Asia,High income,69226000.0,3643834188782.91,2.67614,0.3454632013860026,0.3454632013860026,0.1893491124260355,0.4547709176347735,0.241860465116279,0.5424528301886793,0.2988826815642458,9.360644844422616,4.728562710951059,0.17783465614181548,0.0898338028760946
GBR,United Kingdom,2025,876.0,428.59868913250494,876,Europe & Central Asia,High income,69226000.0,3643834188782.91,2.67614,0.3454632013860026,0.3454632013860026,0.1893491124260355,0.4547709176347735,0.241860465116279,0.5424528301886793,0.2988826815642458,12.654205067460204,6.191296465670484,0.24040610922875055,0.11762299460603685
GEO,Georgia,2015,2.0,0.8333333333333333,2,Europe & Central Asia,Upper middle income,3699557.0,33776141250.5716,0.26435,0.4904859767939965,0.4904859767939965,0.1893491124260355,0.374755253883305,0.8534883720930233,0.3867924528301887,0.6480446927374302,0.5406052670630564,0.22525219460960683,0.059213395194045546,0.024672247997518975
GEO,Georgia,2018,1.0,0.3333333333333333,1,Europe & Central Asia,Upper middle income,3699557.0,33776141250.5716,0.26435,0.4904859767939965,0.4904859767939965,0.1893491124260355,0.374755253883305,0.8534883720930233,0.3867924528301887,0.6480446927374302,0.2703026335315282,0.09010087784384274,0.029606697597022773,0.00986889919900759
GEO,Georgia,2019,2.0,0.8333333333333333,2,Europe & Central Asia,Upper middle income,3699557.0,33776141250.5716,0.26435,0.4904859767939965,0.4904859767939965,0.1893491124260355,0.374755253883305,0.8534883720930233,0.3867924528301887,0.6480446927374302,0.5406052670630564,0.22525219460960683,0.059213395194045546,0.024672247997518975
GEO,Georgia,2020,3.0,1.1666666666666665,3,Europe & Central Asia,Upper middle income,3699557.0,33776141250.5716,0.26435,0.4904859767939965,0.4904859767939965,0.1893491124260355,0.374755253883305,0.8534883720930233,0.3867924528301887,0.6480446927374302,0.8109079005945847,0.31535307245344957,0.08882009279106833,0.03454114719652657
GEO,Georgia,2021,1.0,0.5,1,Europe & Central Asia,Upper middle income,3699557.0,33776141250.5716,0.26435,0.4904859767939965,0.4904859767939965,0.1893491124260355,0.374755253883305,0.8534883720930233,0.3867924528301887,0.6480446927374302,0.2703026335315282,0.1351513167657641,0.029606697597022773,0.014803348798511386
GEO,Georgia,2022,4.0,2.833333333333333,4,Europe & Central Asia,Upper middle income,3699557.0,33776141250.5716,0.26435,0.4904859767939965,0.4904859767939965,0.1893491124260355,0.374755253883305,0.8534883720930233,0.3867924528301887,0.6480446927374302,1.081210534126113,0.7658574616726633,0.11842679038809109,0.08388564319156451
GEO,Georgia,2023,3.0,1.0833333333333333,3,Europe & Central Asia,Upper middle income,3699557.0,33776141250.5716,0.26435,0.4904859767939965,0.4904859767939965,0.1893491124260355,0.374755253883305,0.8534883720930233,0.3867924528301887,0.6480446927374302,0.8109079005945847,0.29282785299248887,0.08882009279106833,0.032073922396774666
GEO,Georgia,2024,2.0,1.3333333333333333,2,Europe & Central Asia,Upper middle income,3699557.0,33776141250.5716,0.26435,0.4904859767939965,0.4904859767939965,0.1893491124260355,0.374755253883305,0.8534883720930233,0.3867924528301887,0.6480446927374302,0.5406052670630564,0.36040351137537097,0.059213395194045546,0.03947559679603036
GEO,Georgia,2025,7.0,4.0,7,Europe & Central Asia,Upper middle income,3699557.0,33776141250.5716,0.26435,0.4904859767939965,0.4904859767939965,0.1893491124260355,0.374755253883305,0.8534883720930233,0.3867924528301887,0.6480446927374302,1.8921184347206976,1.081210534126113,0.2072468831791594,0.11842679038809109
GHA,Ghana,2010,1.0,0.3333333333333333,1,Sub-Saharan Africa,Lower middle income,34427414.0,82825288888.9734,0.37655,0.3719309032651698,0.3719309032651698,0.5532544378698225,0.430426837227516,0.3651162790697674,0.0471698113207547,0.4636871508379888,0.029046619650258947,0.009682206550086316,0.01207360714842168,0.004024535716140559
GHA,Ghana,2011,3.0,1.3333333333333333,3,Sub-Saharan Africa,Lower middle income,34427414.0,82825288888.9734,0.37655,0.3719309032651698,0.3719309032651698,0.5532544378698225,0.430426837227516,0.3651162790697674,0.0471698113207547,0.4636871508379888,0.08713985895077685,0.03872882620034526,0.03622082144526503,0.016098142864562237
GHA,Ghana,2013,2.0,1.0,2,Sub-Saharan Africa,Lower middle income,34427414.0,82825288888.9734,0.37655,0.3719309032651698,0.3719309032651698,0.5532544378698225,0.430426837227516,0.3651162790697674,0.0471698113207547,0.4636871508379888,0.05809323930051789,0.029046619650258947,0.02414721429684336,0.01207360714842168
GHA,Ghana,2014,2.0,1.5,2,Sub-Saharan Africa,Lower middle income,34427414.0,82825288888.9734,0.37655,0.3719309032651698,0.3719309032651698,0.5532544378698225,0.430426837227516,0.3651162790697674,0.0471698113207547,0.4636871508379888,0.05809323930051789,0.04356992947538842,0.02414721429684336,0.018110410722632517
GHA,Ghana,2016,1.0,0.5,1,Sub-Saharan Africa,Lower middle income,34427414.0,82825288888.9734,0.37655,0.3719309032651698,0.3719309032651698,0.5532544378698225,0.430426837227516,0.3651162790697674,0.0471698113207547,0.4636871508379888,0.029046619650258947,0.014523309825129473,0.01207360714842168,0.00603680357421084
GHA,Ghana,2017,1.0,0.07142857142857142,1,Sub-Saharan Africa,Lower middle income,34427414.0,82825288888.9734,0.37655,0.3719309032651698,0.3719309032651698,0.5532544378698225,0.430426837227516,0.3651162790697674,0.0471698113207547,0.4636871508379888,0.029046619650258947,0.0020747585464470676,0.01207360714842168,0.0008624005106015485
GHA,Ghana,2018,3.0,2.1,3,Sub-Saharan Africa,Lower middle income,34427414.0,82825288888.9734,0.37655,0.3719309032651698,0.3719309032651698,0.5532544378698225,0.430426837227516,0.3651162790697674,0.0471698113207547,0.4636871508379888,0.08713985895077685,0.060997901265543795,0.03622082144526503,0.02535457501168553
GHA,Ghana,2019,5.0,2.5,5,Sub-Saharan Africa,Lower middle income,34427414.0,82825288888.9734,0.37655,0.3719309032651698,0.3719309032651698,0.5532544378698225,0.430426837227516,0.3651162790697674,0.0471698113207547,0.4636871508379888,0.14523309825129474,0.07261654912564737,0.060368035742108396,0.030184017871054198
GHA,Ghana,2020,9.0,4.95,9,Sub-Saharan Africa,Lower middle income,34427414.0,82825288888.9734,0.37655,0.3719309032651698,0.3719309032651698,0.5532544378698225,0.430426837227516,0.3651162790697674,0.0471698113207547,0.4636871508379888,0.2614195768523305,0.1437807672687818,0.10866246433579511,0.05976435538468732
GHA,Ghana,2021,12.0,6.616666666666666,12,Sub-Saharan Africa,Lower middle income,34427414.0,82825288888.9734,0.37655,0.3719309032651698,0.3719309032651698,0.5532544378698225,0.430426837227516,0.3651162790697674,0.0471698113207547,0.4636871508379888,0.3485594358031074,0.19219180001921335,0.14488328578106013,0.07988703396539011
GHA,Ghana,2022,30.0,13.45,30,Sub-Saharan Africa,Lower middle income,34427414.0,82825288888.9734,0.37655,0.3719309032651698,0.3719309032651698,0.5532544378698225,0.430426837227516,0.3651162790697674,0.0471698113207547,0.4636871508379888,0.8713985895077684,0.39067703429598283,0.3622082144526504,0.1623900161462716
GHA,Ghana,2023,27.0,15.23452380952381,27,Sub-Saharan Africa,Lower middle income,34427414.0,82825288888.9734,0.37655,0.3719309032651698,0.3719309032651698,0.5532544378698225,0.430426837227516,0.3651162790697674,0.0471698113207547,0.4636871508379888,0.7842587305569916,0.44251141864805205,0.32598739300738533,0.18393565556946692
GHA,Ghana,2024,43.0,26.791666666666668,43,Sub-Saharan Africa,Lower middle income,34427414.0,82825288888.9734,0.37655,0.3719309032651698,0.3719309032651698,0.5532544378698225,0.430426837227516,0.3651162790697674,0.0471698113207547,0.4636871508379888,1.2490046449611347,0.7782073514631876,0.5191651073821322,0.3234720581847975
GHA,Ghana,2025,49.0,26.96948051948052,49,Sub-Saharan Africa,Lower middle income,34427414.0,82825288888.9734,0.37655,0.3719309032651698,0.3719309032651698,0.5532544378698225,0.430426837227516,0.3651162790697674,0.0471698113207547,0.4636871508379888,1.4232843628626886,0.7833722428144188,0.5916067502726623,0.32561891278921923
GIB,Gibraltar,2024,1.0,0.2,1,Europe & Central Asia,High income,39329.0,,,,,,,0.3441860465116279,0.7028301886792453,,25.426530041445243,5.0853060082890496,,
GIB,Gibraltar,2025,1.0,0.16666666666666666,1,Europe & Central Asia,High income,39329.0,,,,,,,0.3441860465116279,0.7028301886792453,,25.426530041445243,4.23775500690754,,
GIN,Guinea,2017,1.0,0.07142857142857142,1,Sub-Saharan Africa,Lower middle income,14754785.0,25334307878.737,,0.5628690517289485,0.5628690517289485,0.6982248520710059,0.4681340556063177,0.5720930232558139,0.6792452830188679,0.3966480446927374,0.06777462362209954,0.0048410445444356815,0.03947216575982708,0.00281944041141622
GIN,Guinea,2025,1.0,0.5,1,Sub-Saharan Africa,Lower middle income,14754785.0,25334307878.737,,0.5628690517289485,0.5628690517289485,0.6982248520710059,0.4681340556063177,0.5720930232558139,0.6792452830188679,0.3966480446927374,0.06777462362209954,0.03388731181104977,0.03947216575982708,0.01973608287991354
GMB,"Gambia, The",2014,1.0,0.5,1,Sub-Saharan Africa,Low income,2759988.0,2507519958.34857,0.06933,0.5632808619758892,0.5632808619758892,0.7988165680473372,0.4312426576164991,0.7465116279069768,0.1415094339622641,0.6983240223463687,0.36232041588586616,0.18116020794293308,0.39880041499593527,0.19940020749796764
GMB,"Gambia, The",2017,1.0,0.07142857142857142,1,Sub-Saharan Africa,Low income,2759988.0,2507519958.34857,0.06933,0.5632808619758892,0.5632808619758892,0.7988165680473372,0.4312426576164991,0.7465116279069768,0.1415094339622641,0.6983240223463687,0.36232041588586616,0.025880029706133297,0.39880041499593527,0.028485743928281092
GMB,"Gambia, The",2023,1.0,0.25,1,Sub-Saharan Africa,Low income,2759988.0,2507519958.34857,0.06933,0.5632808619758892,0.5632808619758892,0.7988165680473372,0.4312426576164991,0.7465116279069768,0.1415094339622641,0.6983240223463687,0.36232041588586616,0.09058010397146654,0.39880041499593527,0.09970010374898382
GMB,"Gambia, The",2024,1.0,0.09090909090909091,1,Sub-Saharan Africa,Low income,2759988.0,2507519958.34857,0.06933,0.5632808619758892,0.5632808619758892,0.7988165680473372,0.4312426576164991,0.7465116279069768,0.1415094339622641,0.6983240223463687,0.36232041588586616,0.032938219625987836,0.39880041499593527,0.03625458318144867
GMB,"Gambia, The",2025,4.0,0.9242424242424242,4,Sub-Saharan Africa,Low income,2759988.0,2507519958.34857,0.06933,0.5632808619758892,0.5632808619758892,0.7988165680473372,0.4312426576164991,0.7465116279069768,0.1415094339622641,0.6983240223463687,1.4492816635434647,0.3348718995308763,1.595201659983741,0.368588262344728
GRC,Greece,2010,13.0,10.166666666666666,13,Europe & Central Asia,High income,10405134.0,257144811301.673,1.4943,0.4138564605499847,0.4138564605499847,0.1893491124260355,0.3904353217595614,0.4302325581395348,0.6179245283018868,0.441340782122905,1.2493832371596558,0.97708176239409,0.05055517136120188,0.039536736577350184
GRC,Greece,2011,23.0,16.208333333333332,23,Europe & Central Asia,High income,10405134.0,257144811301.673,1.4943,0.4138564605499847,0.4138564605499847,0.1893491124260355,0.3904353217595614,0.4302325581395348,0.6179245283018868,0.441340782122905,2.210447265744007,1.5577246129971352,0.08944376471597255,0.06303192839585747
GRC,Greece,2012,11.0,8.033333333333333,11,Europe & Central Asia,High income,10405134.0,257144811301.673,1.4943,0.4138564605499847,0.4138564605499847,0.1893491124260355,0.3904353217595614,0.4302325581395348,0.6179245283018868,0.441340782122905,1.0571704314427859,0.7720547696294284,0.04277745269024774,0.031240503328332444
GRC,Greece,2013,13.0,10.333333333333334,13,Europe & Central Asia,High income,10405134.0,257144811301.673,1.4943,0.4138564605499847,0.4138564605499847,0.1893491124260355,0.3904353217595614,0.4302325581395348,0.6179245283018868,0.441340782122905,1.2493832371596558,0.9930994962038291,0.05055517136120188,0.0401848797999297
GRC,Greece,2014,22.0,14.108333333333333,22,Europe & Central Asia,High income,10405134.0,257144811301.673,1.4943,0.4138564605499847,0.4138564605499847,0.1893491124260355,0.3904353217595614,0.4302325581395348,0.6179245283018868,0.441340782122905,2.1143408628855718,1.3559011669944216,0.08555490538049548,0.05486532379135562
GRC,Greece,2015,23.0,14.083333333333334,23,Europe & Central Asia,High income,10405134.0,257144811301.673,1.4943,0.4138564605499847,0.4138564605499847,0.1893491124260355,0.3904353217595614,0.4302325581395348,0.6179245283018868,0.441340782122905,2.210447265744007,1.3534985069229606,0.08944376471597255,0.054768102307968705
GRC,Greece,2016,22.0,16.021428571428572,22,Europe & Central Asia,High income,10405134.0,257144811301.673,1.4943,0.4138564605499847,0.4138564605499847,0.1893491124260355,0.3904353217595614,0.4302325581395348,0.6179245283018868,0.441340782122905,2.1143408628855718,1.5397618686533563,0.08555490538049548,0.06230508206767902
GRC,Greece,2017,20.0,14.666666666666666,20,Europe & Central Asia,High income,10405134.0,257144811301.673,1.4943,0.4138564605499847,0.4138564605499847,0.1893491124260355,0.3904353217595614,0.4302325581395348,0.6179245283018868,0.441340782122905,1.9221280571687016,1.4095605752570477,0.07777718670954134,0.057036603586996984
GRC,Greece,2018,25.0,22.0,25,Europe & Central Asia,High income,10405134.0,257144811301.673,1.4943,0.4138564605499847,0.4138564605499847,0.1893491124260355,0.3904353217595614,0.4302325581395348,0.6179245283018868,0.441340782122905,2.402660071460877,2.1143408628855718,0.0972214833869267,0.08555490538049548
GRC,Greece,2019,28.0,16.475490196078432,28,Europe & Central Asia,High income,10405134.0,257144811301.673,1.4943,0.4138564605499847,0.4138564605499847,0.1893491124260355,0.3904353217595614,0.4302325581395348,0.6179245283018868,0.441340782122905,2.6909792800361823,1.5834000980745113,0.1088880613933579,0.0640708638555805
GRC,Greece,2020,39.0,24.190277777777776,39,Europe & Central Asia,High income,10405134.0,257144811301.673,1.4943,0.4138564605499847,0.4138564605499847,0.1893491124260355,0.3904353217595614,0.4302325581395348,0.6179245283018868,0.441340782122905,3.748149711478968,2.3248405813685604,0.15166551408360565,0.09407258756389456
GRC,Greece,2021,65.0,45.172222222222224,65,Europe & Central Asia,High income,10405134.0,257144811301.673,1.4943,0.4138564605499847,0.4138564605499847,0.1893491124260355,0.3904353217595614,0.4302325581395348,0.6179245283018868,0.441340782122905,6.2469161857982805,4.341339786899643,0.2527758568060094,0.17566841809313355
GRC,Greece,2022,76.0,52.05952380952381,76,Europe & Central Asia,High income,10405134.0,257144811301.673,1.4943,0.4138564605499847,0.4138564605499847,0.1893491124260355,0.3904353217595614,0.4302325581395348,0.6179245283018868,0.441340782122905,7.304086617241066,5.0032535678563885,0.29555330949625713,0.20245216516715733
GRC,Greece,2023,87.0,61.03803418803419,87,Europe & Central Asia,High income,10405134.0,257144811301.673,1.4943,0.4138564605499847,0.4138564605499847,0.1893491124260355,0.3904353217595614,0.4302325581395348,0.6179245283018868,0.441340782122905,8.361257048683852,5.866145903362147,0.3383307621865049,0.23736832907130517
GRC,Greece,2024,105.0,68.15654761904761,105,Europe & Central Asia,High income,10405134.0,257144811301.673,1.4943,0.4138564605499847,0.4138564605499847,0.1893491124260355,0.3904353217595614,0.4302325581395348,0.6179245283018868,0.441340782122905,10.091172300135684,6.550280622916304,0.4083302302250921,0.2650512264822206
GRC,Greece,2025,158.0,106.4524567099567,158,Europe & Central Asia,High income,10405134.0,257144811301.673,1.4943,0.4138564605499847,0.4138564605499847,0.1893491124260355,0.3904353217595614,0.4302325581395348,0.6179245283018868,0.441340782122905,15.184811651632742,10.23076268983722,0.6144397750053767,0.4139786300609835
GRD,Grenada,2021,1.0,0.5,1,Latin America & Caribbean,Upper middle income,117207.0,1391435992.59259,,0.5961525953612296,,,0.5319148936170213,0.6767441860465117,0.2122641509433962,0.9636871508379888,8.531913622906481,4.265956811453241,0.7186819985422054,0.3593409992711027
GRL,Greenland,2010,1.0,0.06666666666666667,1,Europe & Central Asia,High income,56836.0,3326544174.37945,0.64608,,,,,0.2906976744186046,0.8490566037735849,,17.594482370328667,1.1729654913552443,0.30061227134810103,0.020040818089873402
GRL,Greenland,2011,1.0,0.25,1,Europe & Central Asia,High income,56836.0,3326544174.37945,0.64608,,,,,0.2906976744186046,0.8490566037735849,,17.594482370328667,4.398620592582167,0.30061227134810103,0.07515306783702526
GRL,Greenland,2022,1.0,0.3333333333333333,1,Europe & Central Asia,High income,56836.0,3326544174.37945,0.64608,,,,,0.2906976744186046,0.8490566037735849,,17.594482370328667,5.864827456776221,0.30061227134810103,0.10020409044936701
GTM,Guatemala,2010,1.0,0.5,1,Latin America & Caribbean,Upper middle income,18406359.0,113199586004.477,0.00609,0.594918065874967,0.594918065874967,0.7041420118343196,0.7382440281947527,0.6767441860465117,0.2688679245283019,0.5865921787709497,0.05432905008535366,0.02716452504267683,0.008833954569060443,0.004416977284530221
GTM,Guatemala,2016,1.0,0.5,1,Latin America & Caribbean,Upper middle income,18406359.0,113199586004.477,0.00609,0.594918065874967,0.594918065874967,0.7041420118343196,0.7382440281947527,0.6767441860465117,0.2688679245283019,0.5865921787709497,0.05432905008535366,0.02716452504267683,0.008833954569060443,0.004416977284530221
GTM,Guatemala,2020,3.0,1.1666666666666665,3,Latin America & Caribbean,Upper middle income,18406359.0,113199586004.477,0.00609,0.594918065874967,0.594918065874967,0.7041420118343196,0.7382440281947527,0.6767441860465117,0.2688679245283019,0.5865921787709497,0.16298715025606098,0.06338389176624591,0.02650186370718132,0.010306280330570515
GTM,Guatemala,2023,3.0,1.7,3,Latin America & Caribbean,Upper middle income,18406359.0,113199586004.477,0.00609,0.594918065874967,0.594918065874967,0.7041420118343196,0.7382440281947527,0.6767441860465117,0.2688679245283019,0.5865921787709497,0.16298715025606098,0.09235938514510121,0.02650186370718132,0.015017722767402748
GTM,Guatemala,2024,1.0,0.5,1,Latin America & Caribbean,Upper middle income,18406359.0,113199586004.477,0.00609,0.594918065874967,0.594918065874967,0.7041420118343196,0.7382440281947527,0.6767441860465117,0.2688679245283019,0.5865921787709497,0.05432905008535366,0.02716452504267683,0.008833954569060443,0.004416977284530221
GTM,Guatemala,2025,1.0,0.07692307692307693,1,Latin America & Caribbean,Upper middle income,18406359.0,113199586004.477,0.00609,0.594918065874967,0.594918065874967,0.7041420118343196,0.7382440281947527,0.6767441860465117,0.2688679245283019,0.5865921787709497,0.05432905008535366,0.004179157698873358,0.008833954569060443,0.0006795349668508032
GUM,Guam,2024,1.0,1.0,1,East Asia & Pacific,High income,167777.0,69100000000.0,0.2561,,,,,0.0976744186046511,0.0047169811320754,,5.960292531157429,5.960292531157429,0.01447178002894356,0.01447178002894356
GUY,Guyana,2023,1.0,0.5,1,Latin America & Caribbean,High income,831087.0,24835899825.8993,,0.4790398339239688,0.4790398339239688,0.1893491124260355,0.4219749379976504,0.4860465116279069,0.9905660377358492,0.3072625698324022,1.203243463079076,0.601621731539538,0.040264295113526874,0.020132147556763437
HKG,"Hong Kong SAR, China",2010,3.0,3.0,3,East Asia & Pacific,High income,7524100.0,407106738445.069,1.12597,0.6614572724933871,,0.3994082840236686,,0.8534883720930233,0.4292452830188679,0.9636871508379888,0.3987187836418974,0.3987187836418974,0.007369074782349226,0.007369074782349226
HKG,"Hong Kong SAR, China",2011,2.0,1.3333333333333333,2,East Asia & Pacific,High income,7524100.0,407106738445.069,1.12597,0.6614572724933871,,0.3994082840236686,,0.8534883720930233,0.4292452830188679,0.9636871508379888,0.2658125224279316,0.1772083482852877,0.0049127165215661515,0.003275144347710767
HKG,"Hong Kong SAR, China",2012,8.0,5.75,8,East Asia & Pacific,High income,7524100.0,407106738445.069,1.12597,0.6614572724933871,,0.3994082840236686,,0.8534883720930233,0.4292452830188679,0.9636871508379888,1.0632500897117263,0.7642110019803033,0.019650866086264606,0.014124059999502683
HKG,"Hong Kong SAR, China",2013,2.0,1.5,2,East Asia & Pacific,High income,7524100.0,407106738445.069,1.12597,0.6614572724933871,,0.3994082840236686,,0.8534883720930233,0.4292452830188679,0.9636871508379888,0.2658125224279316,0.1993593918209487,0.0049127165215661515,0.003684537391174613
HKG,"Hong Kong SAR, China",2014,7.0,4.25,7,East Asia & Pacific,High income,7524100.0,407106738445.069,1.12597,0.6614572724933871,,0.3994082840236686,,0.8534883720930233,0.4292452830188679,0.9636871508379888,0.9303438284977605,0.5648516101593546,0.017194507825481528,0.010439522608328072
HKG,"Hong Kong SAR, China",2015,6.0,2.533333333333333,6,East Asia & Pacific,High income,7524100.0,407106738445.069,1.12597,0.6614572724933871,,0.3994082840236686,,0.8534883720930233,0.4292452830188679,0.9636871508379888,0.7974375672837948,0.3366958617420467,0.014738149564698452,0.006222774260650457
HKG,"Hong Kong SAR, China",2016,8.0,4.0,8,East Asia & Pacific,High income,7524100.0,407106738445.069,1.12597,0.6614572724933871,,0.3994082840236686,,0.8534883720930233,0.4292452830188679,0.9636871508379888,1.0632500897117263,0.5316250448558631,0.019650866086264606,0.009825433043132303
HKG,"Hong Kong SAR, China",2017,9.0,5.166666666666667,9,East Asia & Pacific,High income,7524100.0,407106738445.069,1.12597,0.6614572724933871,,0.3994082840236686,,0.8534883720930233,0.4292452830188679,0.9636871508379888,1.196156350925692,0.6866823496054899,0.02210722434704768,0.012691184347379224
HKG,"Hong Kong SAR, China",2018,12.0,5.5,12,East Asia & Pacific,High income,7524100.0,407106738445.069,1.12597,0.6614572724933871,,0.3994082840236686,,0.8534883720930233,0.4292452830188679,0.9636871508379888,1.5948751345675896,0.7309844366768119,0.029476299129396904,0.013509970434306915
HKG,"Hong Kong SAR, China",2019,23.0,10.5,23,East Asia & Pacific,High income,7524100.0,407106738445.069,1.12597,0.6614572724933871,,0.3994082840236686,,0.8534883720930233,0.4292452830188679,0.9636871508379888,3.0568440079212134,1.395515742746641,0.05649623999801073,0.025791761738222292
HKG,"Hong Kong SAR, China",2020,38.0,16.677777777777777,38,East Asia & Pacific,High income,7524100.0,407106738445.069,1.12597,0.6614572724933871,,0.3994082840236686,,0.8534883720930233,0.4292452830188679,0.9636871508379888,5.050437926130701,2.2165810898018075,0.09334161390975687,0.04096659721594884
HKG,"Hong Kong SAR, China",2021,54.0,25.475,54,East Asia & Pacific,High income,7524100.0,407106738445.069,1.12597,0.6614572724933871,,0.3994082840236686,,0.8534883720930233,0.4292452830188679,0.9636871508379888,7.176938105554153,3.3857870044257785,0.13264334608228606,0.06257572669344885
HKG,"Hong Kong SAR, China",2022,92.0,47.78660130718954,92,East Asia & Pacific,High income,7524100.0,407106738445.069,1.12597,0.6614572724933871,,0.3994082840236686,,0.8534883720930233,0.4292452830188679,0.9636871508379888,12.227376031684853,6.351138515860972,0.22598495999204293,0.11738101287566234
HKG,"Hong Kong SAR, China",2023,129.0,59.175,129,East Asia & Pacific,High income,7524100.0,407106738445.069,1.12597,0.6614572724933871,,0.3994082840236686,,0.8534883720930233,0.4292452830188679,0.9636871508379888,17.14490769660159,7.864728007336424,0.31687021564101675,0.14535500008183846
HKG,"Hong Kong SAR, China",2024,156.0,73.99945697577276,156,East Asia & Pacific,High income,7524100.0,407106738445.069,1.12597,0.6614572724933871,,0.3994082840236686,,0.8534883720930233,0.4292452830188679,0.9636871508379888,20.733376749378664,9.834991158513677,0.38319188868215975,0.1817691774359012
HKG,"Hong Kong SAR, China",2025,244.0,118.44396825396825,244,East Asia & Pacific,High income,7524100.0,407106738445.069,1.12597,0.6614572724933871,,0.3994082840236686,,0.8534883720930233,0.4292452830188679,0.9636871508379888,32.429127736207654,15.741944983980577,0.5993514156310703,0.29094081986056325
HND,Honduras,2019,2.0,0.5833333333333333,2,Latin America & Caribbean,Lower middle income,10825703.0,37093565854.0437,0.05997,0.6111778388589555,0.6111778388589555,0.7692307692307693,0.5810925466649262,0.627906976744186,0.4575471698113207,0.6201117318435754,0.18474550798225298,0.05388410649482378,0.0539177065874343,0.015725997754668333
HND,Honduras,2021,1.0,0.2,1,Latin America & Caribbean,Lower middle income,10825703.0,37093565854.0437,0.05997,0.6111778388589555,0.6111778388589555,0.7692307692307693,0.5810925466649262,0.627906976744186,0.4575471698113207,0.6201117318435754,0.09237275399112649,0.018474550798225298,0.02695885329371715,0.00539177065874343
HND,Honduras,2023,1.0,1.0,1,Latin America & Caribbean,Lower middle income,10825703.0,37093565854.0437,0.05997,0.6111778388589555,0.6111778388589555,0.7692307692307693,0.5810925466649262,0.627906976744186,0.4575471698113207,0.6201117318435754,0.09237275399112649,0.09237275399112649,0.02695885329371715,0.02695885329371715
HND,Honduras,2025,2.0,1.0,2,Latin America & Caribbean,Lower middle income,10825703.0,37093565854.0437,0.05997,0.6111778388589555,0.6111778388589555,0.7692307692307693,0.5810925466649262,0.627906976744186,0.4575471698113207,0.6201117318435754,0.18474550798225298,0.09237275399112649,0.0539177065874343,0.02695885329371715
HRV,Croatia,2010,3.0,3.0,3,Europe & Central Asia,High income,3866200.0,92526176108.621,1.38621,0.3404382122507901,0.3404382122507901,0.1893491124260355,0.7127659574468085,0.0674418604651162,0.6320754716981132,0.1005586592178771,0.7759557187936474,0.7759557187936474,0.0324232571383708,0.0324232571383708
HRV,Croatia,2011,2.0,1.5,2,Europe & Central Asia,High income,3866200.0,92526176108.621,1.38621,0.3404382122507901,0.3404382122507901,0.1893491124260355,0.7127659574468085,0.0674418604651162,0.6320754716981132,0.1005586592178771,0.5173038125290984,0.3879778593968237,0.02161550475891387,0.0162116285691854
HRV,Croatia,2012,1.0,1.0,1,Europe & Central Asia,High income,3866200.0,92526176108.621,1.38621,0.3404382122507901,0.3404382122507901,0.1893491124260355,0.7127659574468085,0.0674418604651162,0.6320754716981132,0.1005586592178771,0.2586519062645492,0.2586519062645492,0.010807752379456935,0.010807752379456935
HRV,Croatia,2013,5.0,4.0,5,Europe & Central Asia,High income,3866200.0,92526176108.621,1.38621,0.3404382122507901,0.3404382122507901,0.1893491124260355,0.7127659574468085,0.0674418604651162,0.6320754716981132,0.1005586592178771,1.2932595313227457,1.0346076250581968,0.05403876189728467,0.04323100951782774
HRV,Croatia,2014,4.0,3.0,4,Europe & Central Asia,High income,3866200.0,92526176108.621,1.38621,0.3404382122507901,0.3404382122507901,0.1893491124260355,0.7127659574468085,0.0674418604651162,0.6320754716981132,0.1005586592178771,1.0346076250581968,0.7759557187936474,0.04323100951782774,0.0324232571383708
HRV,Croatia,2015,5.0,3.5,5,Europe & Central Asia,High income,3866200.0,92526176108.621,1.38621,0.3404382122507901,0.3404382122507901,0.1893491124260355,0.7127659574468085,0.0674418604651162,0.6320754716981132,0.1005586592178771,1.2932595313227457,0.9052816719259221,0.05403876189728467,0.03782713332809927
HRV,Croatia,2016,3.0,1.8333333333333333,3,Europe & Central Asia,High income,3866200.0,92526176108.621,1.38621,0.3404382122507901,0.3404382122507901,0.1893491124260355,0.7127659574468085,0.0674418604651162,0.6320754716981132,0.1005586592178771,0.7759557187936474,0.4741951614850068,0.0324232571383708,0.019814212695671046
HRV,Croatia,2017,5.0,3.25,5,Europe & Central Asia,High income,3866200.0,92526176108.621,1.38621,0.3404382122507901,0.3404382122507901,0.1893491124260355,0.7127659574468085,0.0674418604651162,0.6320754716981132,0.1005586592178771,1.2932595313227457,0.8406186953597847,0.05403876189728467,0.03512519523323503
HRV,Croatia,2018,5.0,4.5,5,Europe & Central Asia,High income,3866200.0,92526176108.621,1.38621,0.3404382122507901,0.3404382122507901,0.1893491124260355,0.7127659574468085,0.0674418604651162,0.6320754716981132,0.1005586592178771,1.2932595313227457,1.1639335781904712,0.05403876189728467,0.04863488570755621
HRV,Croatia,2019,3.0,2.0,3,Europe & Central Asia,High income,3866200.0,92526176108.621,1.38621,0.3404382122507901,0.3404382122507901,0.1893491124260355,0.7127659574468085,0.0674418604651162,0.6320754716981132,0.1005586592178771,0.7759557187936474,0.5173038125290984,0.0324232571383708,0.02161550475891387
HRV,Croatia,2020,12.0,8.895833333333334,12,Europe & Central Asia,High income,3866200.0,92526176108.621,1.38621,0.3404382122507901,0.3404382122507901,0.1893491124260355,0.7127659574468085,0.0674418604651162,0.6320754716981132,0.1005586592178771,3.1038228751745898,2.3009242494783857,0.1296930285534832,0.09614396387558566
HRV,Croatia,2021,14.0,7.885353535353535,14,Europe & Central Asia,High income,3866200.0,92526176108.621,1.38621,0.3404382122507901,0.3404382122507901,0.1893491124260355,0.7127659574468085,0.0674418604651162,0.6320754716981132,0.1005586592178771,3.6211266877036885,2.039561723489094,0.15130853331239708,0.08522294843457631
HRV,Croatia,2022,18.0,12.587301587301587,18,Europe & Central Asia,High income,3866200.0,92526176108.621,1.38621,0.3404382122507901,0.3404382122507901,0.1893491124260355,0.7127659574468085,0.0674418604651162,0.6320754716981132,0.1005586592178771,4.655734312761885,3.255729550282341,0.19453954283022484,0.13604043868110077
HRV,Croatia,2023,24.0,13.83525641025641,24,Europe & Central Asia,High income,3866200.0,92526176108.621,1.38621,0.3404382122507901,0.3404382122507901,0.1893491124260355,0.7127659574468085,0.0674418604651162,0.6320754716981132,0.1005586592178771,6.2076457503491795,3.578515444171644,0.2593860571069664,0.14952802538834553
HRV,Croatia,2024,23.0,15.624242424242425,23,Europe & Central Asia,High income,3866200.0,92526176108.621,1.38621,0.3404382122507901,0.3404382122507901,0.1893491124260355,0.7127659574468085,0.0674418604651162,0.6320754716981132,0.1005586592178771,5.94899384408463,4.041240086969744,0.24857830472750947,0.16886294323781803
HRV,Croatia,2025,31.0,22.016190476190477,31,Europe & Central Asia,High income,3866200.0,92526176108.621,1.38621,0.3404382122507901,0.3404382122507901,0.1893491124260355,0.7127659574468085,0.0674418604651162,0.6320754716981132,0.1005586592178771,8.018209094201024,5.69452963535008,0.33504032376316495,0.23794553500562474
HUN,Hungary,2010,1.0,0.5,1,Europe & Central Asia,High income,9562065.0,222904723252.11,1.37748,0.4001273256170481,0.4001273256170481,0.1893491124260355,0.7978723404255319,0.1581395348837209,0.7547169811320755,0.1005586592178771,0.10457992075979404,0.05228996037989702,0.004486221670901872,0.002243110835450936
HUN,Hungary,2011,4.0,2.333333333333333,4,Europe & Central Asia,High income,9562065.0,222904723252.11,1.37748,0.4001273256170481,0.4001273256170481,0.1893491124260355,0.7978723404255319,0.1581395348837209,0.7547169811320755,0.1005586592178771,0.41831968303917616,0.24401981510618606,0.017944886683607487,0.010467850565437697
HUN,Hungary,2012,4.0,2.333333333333333,4,Europe & Central Asia,High income,9562065.0,222904723252.11,1.37748,0.4001273256170481,0.4001273256170481,0.1893491124260355,0.7978723404255319,0.1581395348837209,0.7547169811320755,0.1005586592178771,0.41831968303917616,0.24401981510618606,0.017944886683607487,0.010467850565437697
HUN,Hungary,2013,11.0,7.174242424242424,11,Europe & Central Asia,High income,9562065.0,222904723252.11,1.37748,0.4001273256170481,0.4001273256170481,0.1893491124260355,0.7978723404255319,0.1581395348837209,0.7547169811320755,0.1005586592178771,1.1503791283577345,0.7502817042388253,0.04934843837992058,0.03218524183593994
HUN,Hungary,2014,8.0,5.083333333333333,8,Europe & Central Asia,High income,9562065.0,222904723252.11,1.37748,0.4001273256170481,0.4001273256170481,0.1893491124260355,0.7978723404255319,0.1581395348837209,0.7547169811320755,0.1005586592178771,0.8366393660783523,0.5316145971956197,0.035889773367214974,0.02280496016041784
HUN,Hungary,2015,5.0,2.9444444444444446,5,Europe & Central Asia,High income,9562065.0,222904723252.11,1.37748,0.4001273256170481,0.4001273256170481,0.1893491124260355,0.7978723404255319,0.1581395348837209,0.7547169811320755,0.1005586592178771,0.5228996037989703,0.3079297666816158,0.022431108354509354,0.013209430475433288
HUN,Hungary,2016,6.0,5.0,6,Europe & Central Asia,High income,9562065.0,222904723252.11,1.37748,0.4001273256170481,0.4001273256170481,0.1893491124260355,0.7978723404255319,0.1581395348837209,0.7547169811320755,0.1005586592178771,0.6274795245587642,0.5228996037989703,0.02691733002541123,0.022431108354509354
HUN,Hungary,2017,10.0,5.75,10,Europe & Central Asia,High income,9562065.0,222904723252.11,1.37748,0.4001273256170481,0.4001273256170481,0.1893491124260355,0.7978723404255319,0.1581395348837209,0.7547169811320755,0.1005586592178771,1.0457992075979405,0.6013345443688157,0.04486221670901871,0.02579577460768576
HUN,Hungary,2018,10.0,7.416666666666666,10,Europe & Central Asia,High income,9562065.0,222904723252.11,1.37748,0.4001273256170481,0.4001273256170481,0.1893491124260355,0.7978723404255319,0.1581395348837209,0.7547169811320755,0.1005586592178771,1.0457992075979405,0.7756344123018057,0.04486221670901871,0.03327281072585554
HUN,Hungary,2019,13.0,7.476190476190476,13,Europe & Central Asia,High income,9562065.0,222904723252.11,1.37748,0.4001273256170481,0.4001273256170481,0.1893491124260355,0.7978723404255319,0.1581395348837209,0.7547169811320755,0.1005586592178771,1.3595389698773226,0.7818594075851268,0.058320881721724324,0.03353984773007589
HUN,Hungary,2020,24.0,15.506944444444445,24,Europe & Central Asia,High income,9562065.0,222904723252.11,1.37748,0.4001273256170481,0.4001273256170481,0.1893491124260355,0.7978723404255319,0.1581395348837209,0.7547169811320755,0.1005586592178771,2.509918098235057,1.6217150212265283,0.10766932010164491,0.06956759021613805
HUN,Hungary,2021,27.0,16.225490196078432,27,Europe & Central Asia,High income,9562065.0,222904723252.11,1.37748,0.4001273256170481,0.4001273256170481,0.1893491124260355,0.7978723404255319,0.1581395348837209,0.7547169811320755,0.1005586592178771,2.8236578605144387,1.6968604789946975,0.12112798511435052,0.0727911457386529
HUN,Hungary,2022,22.0,11.944047619047618,22,Europe & Central Asia,High income,9562065.0,222904723252.11,1.37748,0.4001273256170481,0.4001273256170481,0.1893491124260355,0.7978723404255319,0.1581395348837209,0.7547169811320755,0.1005586592178771,2.300758256715469,1.2491075535512064,0.09869687675984117,0.053583645266855315
HUN,Hungary,2023,36.0,20.23611111111111,36,Europe & Central Asia,High income,9562065.0,222904723252.11,1.37748,0.4001273256170481,0.4001273256170481,0.1893491124260355,0.7978723404255319,0.1581395348837209,0.7547169811320755,0.1005586592178771,3.7648771473525855,2.116290896486388,0.16150398015246736,0.09078368020144481
HUN,Hungary,2024,75.0,38.28492063492064,75,Europe & Central Asia,High income,9562065.0,222904723252.11,1.37748,0.4001273256170481,0.4001273256170481,0.1893491124260355,0.7978723404255319,0.1581395348837209,0.7547169811320755,0.1005586592178771,7.843494056984554,4.003833966295004,0.3364666253176403,0.17175464062113918
HUN,Hungary,2025,82.0,41.033290043290044,82,Europe & Central Asia,High income,9562065.0,222904723252.11,1.37748,0.4001273256170481,0.4001273256170481,0.1893491124260355,0.7978723404255319,0.1581395348837209,0.7547169811320755,0.1005586592178771,8.57555350230311,4.291258221240919,0.3678701770139534,0.18408443502060978
IDN,Indonesia,2010,2.0,2.0,2,East Asia & Pacific,Upper middle income,283487931.0,1396300098190.97,0.28068,0.4143394428482898,0.4143394428482898,0.5532544378698225,0.416084714789192,0.0674418604651162,0.75,0.2849162011173184,0.0070549740616647275,0.0070549740616647275,0.0014323568426237144,0.0014323568426237144
IDN,Indonesia,2011,2.0,1.0,2,East Asia & Pacific,Upper middle income,283487931.0,1396300098190.97,0.28068,0.4143394428482898,0.4143394428482898,0.5532544378698225,0.416084714789192,0.0674418604651162,0.75,0.2849162011173184,0.0070549740616647275,0.0035274870308323637,0.0014323568426237144,0.0007161784213118572
IDN,Indonesia,2012,2.0,2.0,2,East Asia & Pacific,Upper middle income,283487931.0,1396300098190.97,0.28068,0.4143394428482898,0.4143394428482898,0.5532544378698225,0.416084714789192,0.0674418604651162,0.75,0.2849162011173184,0.0070549740616647275,0.0070549740616647275,0.0014323568426237144,0.0014323568426237144
IDN,Indonesia,2013,8.0,5.833333333333333,8,East Asia & Pacific,Upper middle income,283487931.0,1396300098190.97,0.28068,0.4143394428482898,0.4143394428482898,0.5532544378698225,0.416084714789192,0.0674418604651162,0.75,0.2849162011173184,0.02821989624665891,0.02057700767985545,0.0057294273704948575,0.0041777074576525
IDN,Indonesia,2014,7.0,3.6166666666666667,7,East Asia & Pacific,Upper middle income,283487931.0,1396300098190.97,0.28068,0.4143394428482898,0.4143394428482898,0.5532544378698225,0.416084714789192,0.0674418604651162,0.75,0.2849162011173184,0.024692409215826546,0.012757744761510382,0.005013248949183,0.00259017862374455
IDN,Indonesia,2015,7.0,2.608766233766234,7,East Asia & Pacific,Upper middle income,283487931.0,1396300098190.97,0.28068,0.4143394428482898,0.4143394428482898,0.5532544378698225,0.416084714789192,0.0674418604651162,0.75,0.2849162011173184,0.024692409215826546,0.00920238905608378,0.005013248949183,0.001868342082870381
IDN,Indonesia,2016,12.0,8.333333333333334,12,East Asia & Pacific,Upper middle income,283487931.0,1396300098190.97,0.28068,0.4143394428482898,0.4143394428482898,0.5532544378698225,0.416084714789192,0.0674418604651162,0.75,0.2849162011173184,0.042329844369988365,0.029395725256936366,0.008594141055742285,0.005968153510932143
IDN,Indonesia,2017,18.0,11.333333333333334,18,East Asia & Pacific,Upper middle income,283487931.0,1396300098190.97,0.28068,0.4143394428482898,0.4143394428482898,0.5532544378698225,0.416084714789192,0.0674418604651162,0.75,0.2849162011173184,0.06349476655498255,0.03997818634943346,0.01289121158361343,0.008116688774867716
IDN,Indonesia,2018,24.0,19.5,24,East Asia & Pacific,Upper middle income,283487931.0,1396300098190.97,0.28068,0.4143394428482898,0.4143394428482898,0.5532544378698225,0.416084714789192,0.0674418604651162,0.75,0.2849162011173184,0.08465968873997673,0.0687859971012311,0.01718828211148457,0.013965479215581214
IDN,Indonesia,2019,27.0,21.291666666666668,27,East Asia & Pacific,Upper middle income,283487931.0,1396300098190.97,0.28068,0.4143394428482898,0.4143394428482898,0.5532544378698225,0.416084714789192,0.0674418604651162,0.75,0.2849162011173184,0.09524214983247382,0.07510607803147241,0.019336817375420142,0.015248632220431628
IDN,Indonesia,2020,39.0,31.53333333333333,39,East Asia & Pacific,Upper middle income,283487931.0,1396300098190.97,0.28068,0.4143394428482898,0.4143394428482898,0.5532544378698225,0.416084714789192,0.0674418604651162,0.75,0.2849162011173184,0.1375719942024622,0.1112334243722472,0.027930958431162427,0.022583492885367228
IDN,Indonesia,2021,44.0,32.71111111111111,44,East Asia & Pacific,Upper middle income,283487931.0,1396300098190.97,0.28068,0.4143394428482898,0.4143394428482898,0.5532544378698225,0.416084714789192,0.0674418604651162,0.75,0.2849162011173184,0.155209429356624,0.11538802020856087,0.031511850537721715,0.023426991914912303
IDN,Indonesia,2022,103.0,80.93571428571428,103,East Asia & Pacific,Upper middle income,283487931.0,1396300098190.97,0.28068,0.4143394428482898,0.4143394428482898,0.5532544378698225,0.416084714789192,0.0674418604651162,0.75,0.2849162011173184,0.36333116417573347,0.2854996824740108,0.07376637739512129,0.05796441208489038
IDN,Indonesia,2023,140.0,114.41428571428571,140,East Asia & Pacific,Upper middle income,283487931.0,1396300098190.97,0.28068,0.4143394428482898,0.4143394428482898,0.5532544378698225,0.416084714789192,0.0674418604651162,0.75,0.2849162011173184,0.49384818431653094,0.40359490899909145,0.10026497898366,0.08194104251838091
IDN,Indonesia,2024,187.0,142.9777777777778,187,East Asia & Pacific,Upper middle income,283487931.0,1396300098190.97,0.28068,0.4143394428482898,0.4143394428482898,0.5532544378698225,0.416084714789192,0.0674418604651162,0.75,0.2849162011173184,0.659640074765652,0.504352256808343,0.1339253647853173,0.10239759917156643
IDN,Indonesia,2025,277.0,219.48869047619047,277,East Asia & Pacific,Upper middle income,283487931.0,1396300098190.97,0.28068,0.4143394428482898,0.4143394428482898,0.5532544378698225,0.416084714789192,0.0674418604651162,0.75,0.2849162011173184,0.9771139075405646,0.7742435090691409,0.19838142270338444,0.15719306384104495
IND,India,2010,38.0,34.84090909090909,38,South Asia,Lower middle income,1450935791.0,3912686168582.21,0.64558,0.3038231619514842,0.3038231619514842,0.7100591715976331,0.4596168907453334,0.0790697674418604,0.1698113207547169,0.1005586592178771,0.026189994233866132,0.024012716005093773,0.009711997937664798,0.00890460097992831
IND,India,2011,54.0,49.333333333333336,54,South Asia,Lower middle income,1450935791.0,3912686168582.21,0.64558,0.3038231619514842,0.3038231619514842,0.7100591715976331,0.4596168907453334,0.0790697674418604,0.1698113207547169,0.1005586592178771,0.03721736022707293,0.03400104514572095,0.01380126022720787,0.012608558726091141
IND,India,2012,57.0,53.416666666666664,57,South Asia,Lower middle income,1450935791.0,3912686168582.21,0.64558,0.3038231619514842,0.3038231619514842,0.7100591715976331,0.4596168907453334,0.0790697674418604,0.1698113207547169,0.1005586592178771,0.0392849913507992,0.03681532084190393,0.014567996906497195,0.013652172539568278
IND,India,2013,73.0,64.75,73,South Asia,Lower middle income,1450935791.0,3912686168582.21,0.64558,0.3038231619514842,0.3038231619514842,0.7100591715976331,0.4596168907453334,0.0790697674418604,0.1698113207547169,0.1005586592178771,0.050312357344006,0.04462637175375875,0.01865725919604027,0.01654873332799462
IND,India,2014,66.0,62.19444444444444,66,South Asia,Lower middle income,1450935791.0,3912686168582.21,0.64558,0.3038231619514842,0.3038231619514842,0.7100591715976331,0.4596168907453334,0.0790697674418604,0.1698113207547169,0.1005586592178771,0.04548788472197802,0.04286505635206599,0.016868206944365173,0.015895587267859272
IND,India,2015,97.0,87.16666666666667,97,South Asia,Lower middle income,1450935791.0,3912686168582.21,0.64558,0.3038231619514842,0.3038231619514842,0.7100591715976331,0.4596168907453334,0.0790697674418604,0.1698113207547169,0.1005586592178771,0.06685340633381619,0.06007617098382451,0.024791152630354876,0.0222779601815732
IND,India,2016,97.0,87.78333333333333,97,South Asia,Lower middle income,1450935791.0,3912686168582.21,0.64558,0.3038231619514842,0.3038231619514842,0.7100591715976331,0.4596168907453334,0.0790697674418604,0.1698113207547169,0.1005586592178771,0.06685340633381619,0.06050118404814603,0.024791152630354876,0.022435567165649338
IND,India,2017,90.0,80.25,90,South Asia,Lower middle income,1450935791.0,3912686168582.21,0.64558,0.3038231619514842,0.3038231619514842,0.7100591715976331,0.4596168907453334,0.0790697674418604,0.1698113207547169,0.1005586592178771,0.06202893371178822,0.05530913255967783,0.023002100378679783,0.020510206170989472
IND,India,2018,119.0,106.75,119,South Asia,Lower middle income,1450935791.0,3912686168582.21,0.64558,0.3038231619514842,0.3038231619514842,0.7100591715976331,0.4596168907453334,0.0790697674418604,0.1698113207547169,0.1005586592178771,0.08201603457447554,0.07357320748592658,0.0304138882784766,0.027283046838045187
IND,India,2019,286.0,263.28846153846155,286,South Asia,Lower middle income,1450935791.0,3912686168582.21,0.64558,0.3038231619514842,0.3038231619514842,0.7100591715976331,0.4596168907453334,0.0790697674418604,0.1698113207547169,0.1005586592178771,0.19711416712857144,0.18146113919831036,0.07309556342558242,0.06729097356506515
IND,India,2020,354.0,311.465873015873,354,South Asia,Lower middle income,1450935791.0,3912686168582.21,0.64558,0.3038231619514842,0.3038231619514842,0.7100591715976331,0.4596168907453334,0.0790697674418604,0.1698113207547169,0.1005586592178771,0.2439804725997003,0.2146655110087315,0.09047492815614047,0.0796041030627138
IND,India,2021,449.0,365.56845238095235,449,South Asia,Lower middle income,1450935791.0,3912686168582.21,0.64558,0.3038231619514842,0.3038231619514842,0.7100591715976331,0.4596168907453334,0.0790697674418604,0.1698113207547169,0.1005586592178771,0.30945545818436565,0.25195356999843443,0.11475492300030248,0.09343158041050317
IND,India,2022,746.0,588.3056489262372,746,South Asia,Lower middle income,1450935791.0,3912686168582.21,0.64558,0.3038231619514842,0.3038231619514842,0.7100591715976331,0.4596168907453334,0.0790697674418604,0.1698113207547169,0.1005586592178771,0.5141509394332667,0.40546635666129016,0.19066185424994575,0.15035850655495173
IND,India,2023,1008.0,839.9673992673993,1008,South Asia,Lower middle income,1450935791.0,3912686168582.21,0.64558,0.3038231619514842,0.3038231619514842,0.7100591715976331,0.4596168907453334,0.0790697674418604,0.1698113207547169,0.1005586592178771,0.694724057572028,0.5789142458802295,0.25762352424121354,0.2146779381418591
IND,India,2024,1360.0,1149.9391755904915,1360,South Asia,Lower middle income,1450935791.0,3912686168582.21,0.64558,0.3038231619514842,0.3038231619514842,0.7100591715976331,0.4596168907453334,0.0790697674418604,0.1698113207547169,0.1005586592178771,0.9373261094225775,0.7925500099476775,0.34758729461116117,0.2939001816256529
IND,India,2025,2038.0,1667.470997379813,2038,South Asia,Lower middle income,1450935791.0,3912686168582.21,0.64558,0.3038231619514842,0.3038231619514842,0.7100591715976331,0.4596168907453334,0.0790697674418604,0.1698113207547169,0.1005586592178771,1.4046107433847153,1.149238310697798,0.5208697841305489,0.42617039178075283
IRL,Ireland,2010,15.0,13.75,15,Europe & Central Asia,High income,5395790.0,577389475009.922,1.58829,0.4380791618566307,0.4380791618566307,0.1893491124260355,0.4168189531392768,0.0488372093023255,0.929245283018868,0.6061452513966481,2.7799451053506528,2.5482830132380987,0.025978997971416496,0.023814081473798456
IRL,Ireland,2011,24.0,15.408333333333333,24,Europe & Central Asia,High income,5395790.0,577389475009.922,1.58829,0.4380791618566307,0.4380791618566307,0.1893491124260355,0.4168189531392768,0.0488372093023255,0.929245283018868,0.6061452513966481,4.447912168561045,2.8556213887740878,0.0415663967542664,0.026686204027305056
IRL,Ireland,2012,19.0,14.5,19,Europe & Central Asia,High income,5395790.0,577389475009.922,1.58829,0.4380791618566307,0.4380791618566307,0.1893491124260355,0.4168189531392768,0.0488372093023255,0.929245283018868,0.6061452513966481,3.521263800110827,2.6872802685056314,0.03290673076379423,0.025113031372369282
IRL,Ireland,2013,23.0,18.28333333333333,23,Europe & Central Asia,High income,5395790.0,577389475009.922,1.58829,0.4380791618566307,0.4380791618566307,0.1893491124260355,0.4168189531392768,0.0488372093023255,0.929245283018868,0.6061452513966481,4.262582494871001,3.388444200632962,0.03983446355617196,0.03166551197182655
IRL,Ireland,2014,23.0,16.866666666666667,23,Europe & Central Asia,High income,5395790.0,577389475009.922,1.58829,0.4380791618566307,0.4380791618566307,0.1893491124260355,0.4168189531392768,0.0488372093023255,0.929245283018868,0.6061452513966481,4.262582494871001,3.125893829572068,0.03983446355617196,0.029211939941192776
IRL,Ireland,2015,24.0,12.575,24,Europe & Central Asia,High income,5395790.0,577389475009.922,1.58829,0.4380791618566307,0.4380791618566307,0.1893491124260355,0.4168189531392768,0.0488372093023255,0.929245283018868,0.6061452513966481,4.447912168561045,2.3305206466522974,0.0415663967542664,0.021779059966037496
IRL,Ireland,2016,18.0,10.666666666666666,18,Europe & Central Asia,High income,5395790.0,577389475009.922,1.58829,0.4380791618566307,0.4380791618566307,0.1893491124260355,0.4168189531392768,0.0488372093023255,0.929245283018868,0.6061452513966481,3.3359341264207836,1.9768498526937979,0.031174797565699797,0.018473954113007285
IRL,Ireland,2017,23.0,13.416666666666666,23,Europe & Central Asia,High income,5395790.0,577389475009.922,1.58829,0.4380791618566307,0.4380791618566307,0.1893491124260355,0.4168189531392768,0.0488372093023255,0.929245283018868,0.6061452513966481,4.262582494871001,2.4865064553414173,0.03983446355617196,0.023236770407766977
IRL,Ireland,2018,23.0,16.53333333333333,23,Europe & Central Asia,High income,5395790.0,577389475009.922,1.58829,0.4380791618566307,0.4380791618566307,0.1893491124260355,0.4168189531392768,0.0488372093023255,0.929245283018868,0.6061452513966481,4.262582494871001,3.064117271675386,0.03983446355617196,0.02863462887516129
IRL,Ireland,2019,32.0,17.916666666666668,32,Europe & Central Asia,High income,5395790.0,577389475009.922,1.58829,0.4380791618566307,0.4380791618566307,0.1893491124260355,0.4168189531392768,0.0488372093023255,0.929245283018868,0.6061452513966481,5.930549558081393,3.3204899869466136,0.05542186233902186,0.03103046979919193
IRL,Ireland,2020,43.0,26.526190476190475,43,Europe & Central Asia,High income,5395790.0,577389475009.922,1.58829,0.4380791618566307,0.4380791618566307,0.1893491124260355,0.4168189531392768,0.0488372093023255,0.929245283018868,0.6061452513966481,7.969175968671872,4.916090225192321,0.07447312751806062,0.04594158990469067
IRL,Ireland,2021,62.0,41.54090909090909,62,Europe & Central Asia,High income,5395790.0,577389475009.922,1.58829,0.4380791618566307,0.4380791618566307,0.1893491124260355,0.4168189531392768,0.0488372093023255,0.929245283018868,0.6061452513966481,11.4904397687827,7.698763126605944,0.10737985828185485,0.0719460795335683
IRL,Ireland,2022,69.0,38.07970085470085,69,Europe & Central Asia,High income,5395790.0,577389475009.922,1.58829,0.4380791618566307,0.4380791618566307,0.1893491124260355,0.4168189531392768,0.0488372093023255,0.929245283018868,0.6061452513966481,12.787747484613003,7.057298533616181,0.1195033906685159,0.06595149808376137
IRL,Ireland,2023,67.0,41.67735597735598,67,Europe & Central Asia,High income,5395790.0,577389475009.922,1.58829,0.4380791618566307,0.4380791618566307,0.1893491124260355,0.4168189531392768,0.0488372093023255,0.929245283018868,0.6061452513966481,12.417088137232916,7.72405078354717,0.11603952427232701,0.07218239642598227
IRL,Ireland,2024,92.0,46.18035714285714,92,Europe & Central Asia,High income,5395790.0,577389475009.922,1.58829,0.4380791618566307,0.4380791618566307,0.1893491124260355,0.4168189531392768,0.0488372093023255,0.929245283018868,0.6061452513966481,17.050329979484005,8.558590520175384,0.15933785422468785,0.07998129363557166
IRL,Ireland,2025,137.0,71.96230158730158,137,Europe & Central Asia,High income,5395790.0,577389475009.922,1.58829,0.4380791618566307,0.4380791618566307,0.1893491124260355,0.4168189531392768,0.0488372093023255,0.929245283018868,0.6061452513966481,25.390165295535965,13.336749871159103,0.23727484813893734,0.12463389913033132
IRN,"Iran, Islamic Rep.",2010,41.0,38.5,41,Middle East & North Africa,Upper middle income,91567738.0,436906331671.859,0.72665,0.5428672403325624,0.5428672403325624,0.5710059171597633,0.4660047643910717,0.7976744186046512,0.410377358490566,0.4692737430167598,0.4477559552688743,0.4204537628744307,0.09384162468671498,0.08811957440093966
IRN,"Iran, Islamic Rep.",2011,47.0,43.5,47,Middle East & North Africa,Upper middle income,91567738.0,436906331671.859,0.72665,0.5428672403325624,0.5428672403325624,0.5710059171597633,0.4660047643910717,0.7976744186046512,0.410377358490566,0.4692737430167598,0.5132812170155387,0.47505814766331783,0.1075745453725757,0.09956367497249027
IRN,"Iran, Islamic Rep.",2012,59.0,53.833333333333336,59,Middle East & North Africa,Upper middle income,91567738.0,436906331671.859,0.72665,0.5428672403325624,0.5428672403325624,0.5710059171597633,0.4660047643910717,0.7976744186046512,0.410377358490566,0.4692737430167598,0.6443317405088679,0.5879072095603511,0.13504038674429716,0.12321481615369485
IRN,"Iran, Islamic Rep.",2013,60.0,51.333333333333336,60,Middle East & North Africa,Upper middle income,91567738.0,436906331671.859,0.72665,0.5428672403325624,0.5428672403325624,0.5710059171597633,0.4660047643910717,0.7976744186046512,0.410377358490566,0.4692737430167598,0.6552526174666453,0.5606050171659077,0.13732920685860728,0.11749276586791955
IRN,"Iran, Islamic Rep.",2014,67.0,57.5,67,Middle East & North Africa,Upper middle income,91567738.0,436906331671.859,0.72665,0.5428672403325624,0.5428672403325624,0.5710059171597633,0.4660047643910717,0.7976744186046512,0.410377358490566,0.4692737430167598,0.7316987561710873,0.6279504250722018,0.15335094765877813,0.13160715657283198
IRN,"Iran, Islamic Rep.",2015,55.0,46.58257575757576,55,Middle East & North Africa,Upper middle income,91567738.0,436906331671.859,0.72665,0.5428672403325624,0.5428672403325624,0.5710059171597633,0.4660047643910717,0.7976744186046512,0.410377358490566,0.4692737430167598,0.6006482326777581,0.5087225782248302,0.12588510628705665,0.10661913637031442
IRN,"Iran, Islamic Rep.",2016,79.0,67.41666666666667,79,Middle East & North Africa,Upper middle income,91567738.0,436906331671.859,0.72665,0.5428672403325624,0.5428672403325624,0.5710059171597633,0.4660047643910717,0.7976744186046512,0.410377358490566,0.4692737430167598,0.8627492796644163,0.7362491215701612,0.18081678903049958,0.15430462270640735
IRN,"Iran, Islamic Rep.",2017,95.0,77.25,95,Middle East & North Africa,Upper middle income,91567738.0,436906331671.859,0.72665,0.5428672403325624,0.5428672403325624,0.5710059171597633,0.4660047643910717,0.7976744186046512,0.410377358490566,0.4692737430167598,1.037483310988855,0.8436377449883058,0.2174379108594615,0.17681135383045685
IRN,"Iran, Islamic Rep.",2018,101.0,82.08333333333333,101,Middle East & North Africa,Upper middle income,91567738.0,436906331671.859,0.72665,0.5428672403325624,0.5428672403325624,0.5710059171597633,0.4660047643910717,0.7976744186046512,0.410377358490566,0.4692737430167598,1.1030085727355197,0.8964219836175633,0.23117083154532223,0.18787398438295577
IRN,"Iran, Islamic Rep.",2019,115.0,88.25952380952381,115,Middle East & North Africa,Upper middle income,91567738.0,436906331671.859,0.72665,0.5428672403325624,0.5428672403325624,0.5710059171597633,0.4660047643910717,0.7976744186046512,0.410377358490566,0.4692737430167598,1.2559008501444036,0.9638713998758364,0.26321431314566396,0.20201017337467114
IRN,"Iran, Islamic Rep.",2020,140.0,105.40396825396826,140,Middle East & North Africa,Upper middle income,91567738.0,436906331671.859,0.72665,0.5428672403325624,0.5428672403325624,0.5710059171597633,0.4660047643910717,0.7976744186046512,0.410377358490566,0.4692737430167598,1.5289227740888391,1.151103768163065,0.32043481600341694,0.241250722667788
IRN,"Iran, Islamic Rep.",2021,170.0,121.71904761904761,170,Middle East & North Africa,Upper middle income,91567738.0,436906331671.859,0.72665,0.5428672403325624,0.5428672403325624,0.5710059171597633,0.4660047643910717,0.7976744186046512,0.410377358490566,0.4692737430167598,1.8565490828221616,1.32927874246547,0.3890994194327206,0.2785930044851477
IRN,"Iran, Islamic Rep.",2022,197.0,141.55241327300152,197,Middle East & North Africa,Upper middle income,91567738.0,436906331671.859,0.72665,0.5428672403325624,0.5428672403325624,0.5710059171597633,0.4660047643910717,0.7976744186046512,0.410377358490566,0.4692737430167598,2.151412760682152,1.545876488430909,0.4508975625190938,0.32398801072838485
IRN,"Iran, Islamic Rep.",2023,194.0,138.63763736263735,194,Middle East & North Africa,Upper middle income,91567738.0,436906331671.859,0.72665,0.5428672403325624,0.5428672403325624,0.5710059171597633,0.4660047643910717,0.7976744186046512,0.410377358490566,0.4692737430167598,2.11865012980882,1.5140445793543282,0.4440311021761635,0.31731661299603675
IRN,"Iran, Islamic Rep.",2024,224.0,161.81493316624895,224,Middle East & North Africa,Upper middle income,91567738.0,436906331671.859,0.72665,0.5428672403325624,0.5428672403325624,0.5710059171597633,0.4660047643910717,0.7976744186046512,0.410377358490566,0.4692737430167598,2.4462764385421423,1.7671609750395816,0.5126957056054672,0.3703652738266585
IRN,"Iran, Islamic Rep.",2025,351.0,251.2331349206349,351,Middle East & North Africa,Upper middle income,91567738.0,436906331671.859,0.72665,0.5428672403325624,0.5428672403325624,0.5710059171597633,0.4660047643910717,0.7976744186046512,0.410377358490566,0.4692737430167598,3.833227812179875,2.743686154184948,0.8033758601228524,0.5750274525875376
IRQ,Iraq,2011,1.0,1.0,1,Middle East & North Africa,Upper middle income,46042015.0,279641257615.385,0.0407,0.614371569434023,0.614371569434023,0.7751479289940828,0.669813013966845,0.9674418604651164,0.0896226415094339,0.5698324022346368,0.021719292693857993,0.021719292693857993,0.003576010237285469,0.003576010237285469
IRQ,Iraq,2012,1.0,0.5,1,Middle East & North Africa,Upper middle income,46042015.0,279641257615.385,0.0407,0.614371569434023,0.614371569434023,0.7751479289940828,0.669813013966845,0.9674418604651164,0.0896226415094339,0.5698324022346368,0.021719292693857993,0.010859646346928997,0.003576010237285469,0.0017880051186427346
IRQ,Iraq,2015,3.0,1.5,3,Middle East & North Africa,Upper middle income,46042015.0,279641257615.385,0.0407,0.614371569434023,0.614371569434023,0.7751479289940828,0.669813013966845,0.9674418604651164,0.0896226415094339,0.5698324022346368,0.06515787808157397,0.032578939040786986,0.010728030711856408,0.005364015355928204
IRQ,Iraq,2016,3.0,2.5,3,Middle East & North Africa,Upper middle income,46042015.0,279641257615.385,0.0407,0.614371569434023,0.614371569434023,0.7751479289940828,0.669813013966845,0.9674418604651164,0.0896226415094339,0.5698324022346368,0.06515787808157397,0.05429823173464497,0.010728030711856408,0.008940025593213673
IRQ,Iraq,2017,3.0,1.5,3,Middle East & North Africa,Upper middle income,46042015.0,279641257615.385,0.0407,0.614371569434023,0.614371569434023,0.7751479289940828,0.669813013966845,0.9674418604651164,0.0896226415094339,0.5698324022346368,0.06515787808157397,0.032578939040786986,0.010728030711856408,0.005364015355928204
IRQ,Iraq,2018,6.0,4.666666666666666,6,Middle East & North Africa,Upper middle income,46042015.0,279641257615.385,0.0407,0.614371569434023,0.614371569434023,0.7751479289940828,0.669813013966845,0.9674418604651164,0.0896226415094339,0.5698324022346368,0.13031575616314794,0.10135669923800394,0.021456061423712817,0.016688047773998856
IRQ,Iraq,2019,9.0,6.5,9,Middle East & North Africa,Upper middle income,46042015.0,279641257615.385,0.0407,0.614371569434023,0.614371569434023,0.7751479289940828,0.669813013966845,0.9674418604651164,0.0896226415094339,0.5698324022346368,0.19547363424472192,0.14117540251007693,0.03218409213556923,0.02324406654235555
IRQ,Iraq,2020,13.0,11.333333333333334,13,Middle East & North Africa,Upper middle income,46042015.0,279641257615.385,0.0407,0.614371569434023,0.614371569434023,0.7751479289940828,0.669813013966845,0.9674418604651164,0.0896226415094339,0.5698324022346368,0.28235080502015386,0.2461519838637239,0.0464881330847111,0.04052811602256865
IRQ,Iraq,2021,22.0,14.066666666666666,22,Middle East & North Africa,Upper middle income,46042015.0,279641257615.385,0.0407,0.614371569434023,0.614371569434023,0.7751479289940828,0.669813013966845,0.9674418604651164,0.0896226415094339,0.5698324022346368,0.47782443926487583,0.30551805056026904,0.07867222522028032,0.05030254400448227
IRQ,Iraq,2022,36.0,18.685714285714287,36,Middle East & North Africa,Upper middle income,46042015.0,279641257615.385,0.0407,0.614371569434023,0.614371569434023,0.7751479289940828,0.669813013966845,0.9674418604651164,0.0896226415094339,0.5698324022346368,0.7818945369788877,0.40584049776523223,0.1287363685422769,0.06682030557670562
IRQ,Iraq,2023,45.0,23.50952380952381,45,Middle East & North Africa,Upper middle income,46042015.0,279641257615.385,0.0407,0.614371569434023,0.614371569434023,0.7751479289940828,0.669813013966845,0.9674418604651164,0.0896226415094339,0.5698324022346368,0.9773681712236095,0.5106102287122709,0.1609204606778461,0.08407029781656362
IRQ,Iraq,2024,56.0,30.03035714285714,56,Middle East & North Africa,Upper middle income,46042015.0,279641257615.385,0.0407,0.614371569434023,0.614371569434023,0.7751479289940828,0.669813013966845,0.9674418604651164,0.0896226415094339,0.5698324022346368,1.2162803908560473,0.6522381164868033,0.2002565732879863,0.10738886457219596
IRQ,Iraq,2025,127.0,73.02730158730158,127,Middle East & North Africa,Upper middle income,46042015.0,279641257615.385,0.0407,0.614371569434023,0.614371569434023,0.7751479289940828,0.669813013966845,0.9674418604651164,0.0896226415094339,0.5698324022346368,2.7583501721199646,1.5861013378172433,0.4541533001352546,0.2611463780775239
ISL,Iceland,2011,2.0,1.1666666666666667,2,Europe & Central Asia,High income,386506.0,33462807982.85,2.64005,0.5295585888050343,0.5295585888050343,0.1893491124260355,0.574468085106383,0.2232558139534883,0.9009433962264152,0.7597765363128491,5.174563913626179,3.018495616281938,0.059767847367292626,0.0348645776309207
ISL,Iceland,2014,1.0,0.5,1,Europe & Central Asia,High income,386506.0,33462807982.85,2.64005,0.5295585888050343,0.5295585888050343,0.1893491124260355,0.574468085106383,0.2232558139534883,0.9009433962264152,0.7597765363128491,2.5872819568130896,1.2936409784065448,0.029883923683646313,0.014941961841823156
ISL,Iceland,2015,1.0,0.5,1,Europe & Central Asia,High income,386506.0,33462807982.85,2.64005,0.5295585888050343,0.5295585888050343,0.1893491124260355,0.574468085106383,0.2232558139534883,0.9009433962264152,0.7597765363128491,2.5872819568130896,1.2936409784065448,0.029883923683646313,0.014941961841823156
ISL,Iceland,2017,1.0,0.3333333333333333,1,Europe & Central Asia,High income,386506.0,33462807982.85,2.64005,0.5295585888050343,0.5295585888050343,0.1893491124260355,0.574468085106383,0.2232558139534883,0.9009433962264152,0.7597765363128491,2.5872819568130896,0.8624273189376965,0.029883923683646313,0.009961307894548771
ISL,Iceland,2018,2.0,0.6666666666666666,2,Europe & Central Asia,High income,386506.0,33462807982.85,2.64005,0.5295585888050343,0.5295585888050343,0.1893491124260355,0.574468085106383,0.2232558139534883,0.9009433962264152,0.7597765363128491,5.174563913626179,1.724854637875393,0.059767847367292626,0.019922615789097542
ISL,Iceland,2020,3.0,1.3333333333333333,3,Europe & Central Asia,High income,386506.0,33462807982.85,2.64005,0.5295585888050343,0.5295585888050343,0.1893491124260355,0.574468085106383,0.2232558139534883,0.9009433962264152,0.7597765363128491,7.761845870439268,3.449709275750786,0.08965177105093894,0.039845231578195084
ISL,Iceland,2021,1.0,0.06666666666666667,1,Europe & Central Asia,High income,386506.0,33462807982.85,2.64005,0.5295585888050343,0.5295585888050343,0.1893491124260355,0.574468085106383,0.2232558139534883,0.9009433962264152,0.7597765363128491,2.5872819568130896,0.1724854637875393,0.029883923683646313,0.0019922615789097543
ISL,Iceland,2022,2.0,0.75,2,Europe & Central Asia,High income,386506.0,33462807982.85,2.64005,0.5295585888050343,0.5295585888050343,0.1893491124260355,0.574468085106383,0.2232558139534883,0.9009433962264152,0.7597765363128491,5.174563913626179,1.940461467609817,0.059767847367292626,0.022412942762734735
ISL,Iceland,2023,1.0,0.3333333333333333,1,Europe & Central Asia,High income,386506.0,33462807982.85,2.64005,0.5295585888050343,0.5295585888050343,0.1893491124260355,0.574468085106383,0.2232558139534883,0.9009433962264152,0.7597765363128491,2.5872819568130896,0.8624273189376965,0.029883923683646313,0.009961307894548771
ISL,Iceland,2024,9.0,2.5706709956709957,9,Europe & Central Asia,High income,386506.0,33462807982.85,2.64005,0.5295585888050343,0.5295585888050343,0.1893491124260355,0.574468085106383,0.2232558139534883,0.9009433962264152,0.7597765363128491,23.285537611317807,6.651050684002307,0.2689553131528168,0.07682173585039512
ISL,Iceland,2025,7.0,3.583333333333333,7,Europe & Central Asia,High income,386506.0,33462807982.85,2.64005,0.5295585888050343,0.5295585888050343,0.1893491124260355,0.574468085106383,0.2232558139534883,0.9009433962264152,0.7597765363128491,18.110973697691627,9.271093678580236,0.2091874657855242,0.10708405986639928
ISR,Israel,2010,11.0,7.9,11,Middle East & North Africa,High income,9974400.0,540379921261.681,6.34589,0.6333629661276414,0.6333629661276414,0.1893491124260355,0.7872340425531915,0.8232558139534883,0.5094339622641509,0.8575418994413407,1.1028232274623035,0.792027590632018,0.020356048711649314,0.014619344074729961
ISR,Israel,2011,5.0,3.5,5,Middle East & North Africa,High income,9974400.0,540379921261.681,6.34589,0.6333629661276414,0.6333629661276414,0.1893491124260355,0.7872340425531915,0.8232558139534883,0.5094339622641509,0.8575418994413407,0.501283285210138,0.35089829964709657,0.00925274941438605,0.006476924590070237
ISR,Israel,2012,13.0,10.2,13,Middle East & North Africa,High income,9974400.0,540379921261.681,6.34589,0.6333629661276414,0.6333629661276414,0.1893491124260355,0.7872340425531915,0.8232558139534883,0.5094339622641509,0.8575418994413407,1.3033365415463587,1.0226179018286814,0.024057148477403735,0.018875608805347544
ISR,Israel,2013,12.0,7.25,12,Middle East & North Africa,High income,9974400.0,540379921261.681,6.34589,0.6333629661276414,0.6333629661276414,0.1893491124260355,0.7872340425531915,0.8232558139534883,0.5094339622641509,0.8575418994413407,1.2030798845043311,0.7268607635547,0.022206598594526523,0.013416486650859776
ISR,Israel,2014,12.0,8.0,12,Middle East & North Africa,High income,9974400.0,540379921261.681,6.34589,0.6333629661276414,0.6333629661276414,0.1893491124260355,0.7872340425531915,0.8232558139534883,0.5094339622641509,0.8575418994413407,1.2030798845043311,0.8020532563362207,0.022206598594526523,0.014804399063017682
ISR,Israel,2015,7.0,5.833333333333333,7,Middle East & North Africa,High income,9974400.0,540379921261.681,6.34589,0.6333629661276414,0.6333629661276414,0.1893491124260355,0.7872340425531915,0.8232558139534883,0.5094339622641509,0.8575418994413407,0.7017965992941931,0.5848304994118276,0.012953849180140474,0.010794874316783727
ISR,Israel,2016,15.0,10.873333333333333,15,Middle East & North Africa,High income,9974400.0,540379921261.681,6.34589,0.6333629661276414,0.6333629661276414,0.1893491124260355,0.7872340425531915,0.8232558139534883,0.5094339622641509,0.8575418994413407,1.5038498556304138,1.0901240509036467,0.027758248243158156,0.020121645726484866
ISR,Israel,2017,10.0,6.25,10,Middle East & North Africa,High income,9974400.0,540379921261.681,6.34589,0.6333629661276414,0.6333629661276414,0.1893491124260355,0.7872340425531915,0.8232558139534883,0.5094339622641509,0.8575418994413407,1.002566570420276,0.6266041065126724,0.0185054988287721,0.011565936767982565
ISR,Israel,2018,10.0,7.0,10,Middle East & North Africa,High income,9974400.0,540379921261.681,6.34589,0.6333629661276414,0.6333629661276414,0.1893491124260355,0.7872340425531915,0.8232558139534883,0.5094339622641509,0.8575418994413407,1.002566570420276,0.7017965992941931,0.0185054988287721,0.012953849180140474
ISR,Israel,2019,19.0,9.894444444444444,19,Middle East & North Africa,High income,9974400.0,540379921261.681,6.34589,0.6333629661276414,0.6333629661276414,0.1893491124260355,0.7872340425531915,0.8232558139534883,0.5094339622641509,0.8575418994413407,1.9048764837985244,0.9919839232880617,0.035160447774666995,0.018310163007801732
ISR,Israel,2020,34.0,20.048214285714284,34,Middle East & North Africa,High income,9974400.0,540379921261.681,6.34589,0.6333629661276414,0.6333629661276414,0.1893491124260355,0.7872340425531915,0.8232558139534883,0.5094339622641509,0.8575418994413407,3.408726339428938,2.0099669439479353,0.06291869601782515,0.03710022059832578
ISR,Israel,2021,28.0,16.583333333333332,28,Middle East & North Africa,High income,9974400.0,540379921261.681,6.34589,0.6333629661276414,0.6333629661276414,0.1893491124260355,0.7872340425531915,0.8232558139534883,0.5094339622641509,0.8575418994413407,2.8071863971767725,1.6625895626136242,0.051815396720561895,0.03068828555771374
ISR,Israel,2022,63.0,44.26834733893558,63,Middle East & North Africa,High income,9974400.0,540379921261.681,6.34589,0.6333629661276414,0.6333629661276414,0.1893491124260355,0.7872340425531915,0.8232558139534883,0.5094339622641509,0.8575418994413407,6.316169393647738,4.438196516977019,0.11658464262126426,0.0819207849832349
ISR,Israel,2023,49.0,31.403968253968255,49,Middle East & North Africa,High income,9974400.0,540379921261.681,6.34589,0.6333629661276414,0.6333629661276414,0.1893491124260355,0.7872340425531915,0.8232558139534883,0.5094339622641509,0.8575418994413407,4.912576195059352,3.148456874996817,0.09067694426098331,0.05811460977426059
ISR,Israel,2024,64.0,43.54209956709957,64,Middle East & North Africa,High income,9974400.0,540379921261.681,6.34589,0.6333629661276414,0.6333629661276414,0.1893491124260355,0.7872340425531915,0.8232558139534883,0.5094339622641509,0.8575418994413407,6.416426050689766,4.365385343188519,0.11843519250414146,0.08057682725412393
ISR,Israel,2025,98.0,61.34513157894737,98,Middle East & North Africa,High income,9974400.0,540379921261.681,6.34589,0.6333629661276414,0.6333629661276414,0.1893491124260355,0.7872340425531915,0.8232558139534883,0.5094339622641509,0.8575418994413407,9.825152390118705,6.1502578179085825,0.18135388852196663,0.1135222260585081
ITA,Italy,2010,45.0,35.20757575757576,45,Europe & Central Asia,High income,58952704.0,2372774547793.12,1.37935,0.531304858486189,0.531304858486189,0.1893491124260355,0.449468085106383,0.8976744186046511,0.6367924528301887,0.4832402234636871,0.7633237654374598,0.5972173177599412,0.018965139373167073,0.01483814624963917
ITA,Italy,2011,70.0,57.666666666666664,70,Europe & Central Asia,High income,58952704.0,2372774547793.12,1.37935,0.531304858486189,0.531304858486189,0.1893491124260355,0.449468085106383,0.8976744186046511,0.6367924528301887,0.4832402234636871,1.1873925240138263,0.9781852697828188,0.02950132791381545,0.024303474900428914
ITA,Italy,2012,59.0,47.7,59,Europe & Central Asia,High income,58952704.0,2372774547793.12,1.37935,0.531304858486189,0.531304858486189,0.1893491124260355,0.449468085106383,0.8976744186046511,0.6367924528301887,0.4832402234636871,1.000802270240225,0.8091231913637075,0.024865404955930162,0.0201030477355571
ITA,Italy,2013,77.0,58.157575757575756,77,Europe & Central Asia,High income,58952704.0,2372774547793.12,1.37935,0.531304858486189,0.531304858486189,0.1893491124260355,0.449468085106383,0.8976744186046511,0.6367924528301887,0.4832402234636871,1.3061317764152092,0.9865124381330458,0.03245146070519699,0.024510367329954375
ITA,Italy,2014,75.0,61.351190476190474,75,Europe & Central Asia,High income,58952704.0,2372774547793.12,1.37935,0.531304858486189,0.531304858486189,0.1893491124260355,0.449468085106383,0.8976744186046511,0.6367924528301887,0.4832402234636871,1.2722062757290997,1.040684927296812,0.03160856562194512,0.02585630840201495
ITA,Italy,2015,77.0,56.15277777777778,77,Europe & Central Asia,High income,58952704.0,2372774547793.12,1.37935,0.531304858486189,0.531304858486189,0.1893491124260355,0.449468085106383,0.8976744186046511,0.6367924528301887,0.4832402234636871,1.3061317764152092,0.9525055505134722,0.03245146070519699,0.023665450149911876
ITA,Italy,2016,102.0,71.41142857142857,102,Europe & Central Asia,High income,58952704.0,2372774547793.12,1.37935,0.531304858486189,0.531304858486189,0.1893491124260355,0.449468085106383,0.8976744186046511,0.6367924528301887,0.4832402234636871,1.7302005349915754,1.2113342344980236,0.04298764924584537,0.03009617101542462
ITA,Italy,2017,83.0,61.18333333333333,83,Europe & Central Asia,High income,58952704.0,2372774547793.12,1.37935,0.531304858486189,0.531304858486189,0.1893491124260355,0.449468085106383,0.8976744186046511,0.6367924528301887,0.4832402234636871,1.407908278473537,1.0378376084892278,0.0349801459549526,0.025785565421813452
ITA,Italy,2018,114.0,82.93611111111112,114,Europe & Central Asia,High income,58952704.0,2372774547793.12,1.37935,0.531304858486189,0.531304858486189,0.1893491124260355,0.449468085106383,0.8976744186046511,0.6367924528301887,0.4832402234636871,1.9337535391082314,1.4068245472016196,0.04804501974535658,0.03495322013979317
ITA,Italy,2019,157.0,111.55006284565108,157,Europe & Central Asia,High income,58952704.0,2372774547793.12,1.37935,0.531304858486189,0.531304858486189,0.1893491124260355,0.449468085106383,0.8976744186046511,0.6367924528301887,0.4832402234636871,2.663151803859582,1.8921958668028371,0.06616726403527179,0.0470124997545182
ITA,Italy,2020,213.0,142.2213675213675,213,Europe & Central Asia,High income,58952704.0,2372774547793.12,1.37935,0.531304858486189,0.531304858486189,0.1893491124260355,0.449468085106383,0.8976744186046511,0.6367924528301887,0.4832402234636871,3.6130658230706434,2.41246555071278,0.08976832636632415,0.05993884570855893
ITA,Italy,2021,250.0,169.75667706476528,250,Europe & Central Asia,High income,58952704.0,2372774547793.12,1.37935,0.531304858486189,0.531304858486189,0.1893491124260355,0.449468085106383,0.8976744186046511,0.6367924528301887,0.4832402234636871,4.2406875857636654,2.879540132116167,0.10536188540648375,0.07154353422353307
ITA,Italy,2022,347.0,223.85671730230553,347,Europe & Central Asia,High income,58952704.0,2372774547793.12,1.37935,0.531304858486189,0.531304858486189,0.1893491124260355,0.449468085106383,0.8976744186046511,0.6367924528301887,0.4832402234636871,5.886074369039968,3.7972256082147737,0.14624229694419943,0.09434386318350857
ITA,Italy,2023,357.0,241.97451714951714,357,Europe & Central Asia,High income,58952704.0,2372774547793.12,1.37935,0.531304858486189,0.531304858486189,0.1893491124260355,0.449468085106383,0.8976744186046511,0.6367924528301887,0.4832402234636871,6.0557018724705145,4.1045533237884575,0.1504567723604588,0.10197956538878665
ITA,Italy,2024,432.0,278.28699305080886,432,Europe & Central Asia,High income,58952704.0,2372774547793.12,1.37935,0.531304858486189,0.531304858486189,0.1893491124260355,0.449468085106383,0.8976744186046511,0.6367924528301887,0.4832402234636871,7.327908148199614,4.720512786840259,0.1820653379824039,0.11728336908773704
ITA,Italy,2025,625.0,389.974681195997,625,Europe & Central Asia,High income,58952704.0,2372774547793.12,1.37935,0.531304858486189,0.531304858486189,0.1893491124260355,0.449468085106383,0.8976744186046511,0.6367924528301887,0.4832402234636871,10.601718964409164,6.615043157240031,0.26340471351620937,0.16435387068641066
JAM,Jamaica,2024,1.0,0.09090909090909091,1,Latin America & Caribbean,Upper middle income,2839175.0,19930288337.028,0.06096,0.5626229964504071,0.5626229964504071,0.6153846153846154,0.4372634120871949,0.4,0.4386792452830189,0.9217877094972068,0.3522149920311358,0.03201954473010326,0.05017488874669837,0.004561353522427125
JAM,Jamaica,2025,3.0,0.2857142857142857,3,Latin America & Caribbean,Upper middle income,2839175.0,19930288337.028,0.06096,0.5626229964504071,0.5626229964504071,0.6153846153846154,0.4372634120871949,0.4,0.4386792452830189,0.9217877094972068,1.0566449760934076,0.10063285486603879,0.1505246662400951,0.014335682499056677
JOR,Jordan,2010,3.0,3.0,3,Middle East & North Africa,Lower middle income,11552876.0,53352289577.4648,0.69547,0.6649833391374005,0.6649833391374005,0.7544378698224852,0.6306617934995431,0.8534883720930233,0.1226415094339622,0.9636871508379888,0.25967559939187435,0.25967559939187435,0.056230014189815665,0.056230014189815665
JOR,Jordan,2011,1.0,1.0,1,Middle East & North Africa,Lower middle income,11552876.0,53352289577.4648,0.69547,0.6649833391374005,0.6649833391374005,0.7544378698224852,0.6306617934995431,0.8534883720930233,0.1226415094339622,0.9636871508379888,0.0865585331306248,0.0865585331306248,0.018743338063271886,0.018743338063271886
JOR,Jordan,2012,2.0,1.5,2,Middle East & North Africa,Lower middle income,11552876.0,53352289577.4648,0.69547,0.6649833391374005,0.6649833391374005,0.7544378698224852,0.6306617934995431,0.8534883720930233,0.1226415094339622,0.9636871508379888,0.1731170662612496,0.12983779969593717,0.03748667612654377,0.028115007094907832
JOR,Jordan,2013,4.0,3.0,4,Middle East & North Africa,Lower middle income,11552876.0,53352289577.4648,0.69547,0.6649833391374005,0.6649833391374005,0.7544378698224852,0.6306617934995431,0.8534883720930233,0.1226415094339622,0.9636871508379888,0.3462341325224992,0.25967559939187435,0.07497335225308754,0.056230014189815665
JOR,Jordan,2014,5.0,3.75,5,Middle East & North Africa,Lower middle income,11552876.0,53352289577.4648,0.69547,0.6649833391374005,0.6649833391374005,0.7544378698224852,0.6306617934995431,0.8534883720930233,0.1226415094339622,0.9636871508379888,0.43279266565312396,0.32459449923984296,0.09371669031635944,0.07028751773726959
JOR,Jordan,2015,3.0,1.8333333333333333,3,Middle East & North Africa,Lower middle income,11552876.0,53352289577.4648,0.69547,0.6649833391374005,0.6649833391374005,0.7544378698224852,0.6306617934995431,0.8534883720930233,0.1226415094339622,0.9636871508379888,0.25967559939187435,0.1586906440728121,0.056230014189815665,0.03436278644933179
JOR,Jordan,2016,3.0,2.2,3,Middle East & North Africa,Lower middle income,11552876.0,53352289577.4648,0.69547,0.6649833391374005,0.6649833391374005,0.7544378698224852,0.6306617934995431,0.8534883720930233,0.1226415094339622,0.9636871508379888,0.25967559939187435,0.19042877288737453,0.056230014189815665,0.04123534373919816
JOR,Jordan,2017,5.0,3.333333333333333,5,Middle East & North Africa,Lower middle income,11552876.0,53352289577.4648,0.69547,0.6649833391374005,0.6649833391374005,0.7544378698224852,0.6306617934995431,0.8534883720930233,0.1226415094339622,0.9636871508379888,0.43279266565312396,0.2885284437687493,0.09371669031635944,0.06247779354423962
JOR,Jordan,2018,4.0,2.6666666666666665,4,Middle East & North Africa,Lower middle income,11552876.0,53352289577.4648,0.69547,0.6649833391374005,0.6649833391374005,0.7544378698224852,0.6306617934995431,0.8534883720930233,0.1226415094339622,0.9636871508379888,0.3462341325224992,0.23082275501499944,0.07497335225308754,0.0499822348353917
JOR,Jordan,2019,6.0,4.166666666666666,6,Middle East & North Africa,Lower middle income,11552876.0,53352289577.4648,0.69547,0.6649833391374005,0.6649833391374005,0.7544378698224852,0.6306617934995431,0.8534883720930233,0.1226415094339622,0.9636871508379888,0.5193511987837487,0.36066055471093655,0.11246002837963133,0.07809724193029952
JOR,Jordan,2020,5.0,3.25,5,Middle East & North Africa,Lower middle income,11552876.0,53352289577.4648,0.69547,0.6649833391374005,0.6649833391374005,0.7544378698224852,0.6306617934995431,0.8534883720930233,0.1226415094339622,0.9636871508379888,0.43279266565312396,0.28131523267453057,0.09371669031635944,0.060915848705633636
JOR,Jordan,2021,8.0,6.2,8,Middle East & North Africa,Lower middle income,11552876.0,53352289577.4648,0.69547,0.6649833391374005,0.6649833391374005,0.7544378698224852,0.6306617934995431,0.8534883720930233,0.1226415094339622,0.9636871508379888,0.6924682650449984,0.5366629054098737,0.1499467045061751,0.11620869599228571
JOR,Jordan,2022,21.0,11.694444444444445,21,Middle East & North Africa,Lower middle income,11552876.0,53352289577.4648,0.69547,0.6649833391374005,0.6649833391374005,0.7544378698224852,0.6306617934995431,0.8534883720930233,0.1226415094339622,0.9636871508379888,1.8177291957431205,1.0122539568886955,0.39361009932870966,0.21919292568437404
JOR,Jordan,2023,31.0,16.586879786879788,31,Middle East & North Africa,Lower middle income,11552876.0,53352289577.4648,0.69547,0.6649833391374005,0.6649833391374005,0.7544378698224852,0.6306617934995431,0.8534883720930233,0.1226415094339622,0.9636871508379888,2.6833145270493683,1.4357359835663248,0.5810434799614286,0.31089349526033905
JOR,Jordan,2024,48.0,22.69404761904762,48,Middle East & North Africa,Lower middle income,11552876.0,53352289577.4648,0.69547,0.6649833391374005,0.6649833391374005,0.7544378698224852,0.6306617934995431,0.8534883720930233,0.1226415094339622,0.9636871508379888,4.1548095902699895,1.9643634727013102,0.8996802270370506,0.4253622065478
JOR,Jordan,2025,84.0,36.899529125844914,84,Middle East & North Africa,Lower middle income,11552876.0,53352289577.4648,0.69547,0.6649833391374005,0.6649833391374005,0.7544378698224852,0.6306617934995431,0.8534883720930233,0.1226415094339622,0.9636871508379888,7.270916782972482,3.1939691143439015,1.5744403973148386,0.6916203487812586
JPN,Japan,2010,44.0,39.833333333333336,44,East Asia & Pacific,High income,123975371.0,4026210821146.81,3.44125,0.3159997638187164,,,0.1489851194361049,0.0976744186046511,0.330188679245283,0.6871508379888268,0.3549092020865983,0.32130037613142803,0.0109283894844501,0.009893504116604446
JPN,Japan,2011,57.0,50.0,57,East Asia & Pacific,High income,123975371.0,4026210821146.81,3.44125,0.3159997638187164,,,0.1489851194361049,0.0976744186046511,0.330188679245283,0.6871508379888268,0.45976873906672966,0.40330591146204353,0.014157231832128537,0.01241862441414784
JPN,Japan,2012,61.0,50.916666666666664,61,East Asia & Pacific,High income,123975371.0,4026210821146.81,3.44125,0.3159997638187164,,,0.1489851194361049,0.0976744186046511,0.330188679245283,0.6871508379888268,0.49203321198369315,0.410699853172181,0.015150721785260366,0.012646299195073884
JPN,Japan,2013,65.0,52.833333333333336,65,East Asia & Pacific,High income,123975371.0,4026210821146.81,3.44125,0.3159997638187164,,,0.1489851194361049,0.0976744186046511,0.330188679245283,0.6871508379888268,0.5242976849006565,0.4261599131115594,0.016144211738392193,0.013122346464282885
JPN,Japan,2014,40.0,31.833333333333332,40,East Asia & Pacific,High income,123975371.0,4026210821146.81,3.44125,0.3159997638187164,,,0.1489851194361049,0.0976744186046511,0.330188679245283,0.6871508379888268,0.3226447291696348,0.25677143029750105,0.009934899531318273,0.007906524210340792
JPN,Japan,2015,55.0,42.25396825396825,55,East Asia & Pacific,High income,123975371.0,4026210821146.81,3.44125,0.3159997638187164,,,0.1489851194361049,0.0976744186046511,0.330188679245283,0.6871508379888268,0.4436365026082479,0.34082550359109837,0.013660486855562624,0.01049472323506716
JPN,Japan,2016,50.0,38.45,50,East Asia & Pacific,High income,123975371.0,4026210821146.81,3.44125,0.3159997638187164,,,0.1489851194361049,0.0976744186046511,0.330188679245283,0.6871508379888268,0.40330591146204353,0.3101422459143115,0.01241862441414784,0.00954992217447969
JPN,Japan,2017,80.0,60.7,80,East Asia & Pacific,High income,123975371.0,4026210821146.81,3.44125,0.3159997638187164,,,0.1489851194361049,0.0976744186046511,0.330188679245283,0.6871508379888268,0.6452894583392697,0.48961337651492093,0.019869799062636546,0.015076210038775479
JPN,Japan,2018,76.0,62.358333333333334,76,East Asia & Pacific,High income,123975371.0,4026210821146.81,3.44125,0.3159997638187164,,,0.1489851194361049,0.0976744186046511,0.330188679245283,0.6871508379888268,0.6130249854223062,0.5029896892450787,0.01887630910950472,0.015488094415178049
JPN,Japan,2019,103.0,82.12179487179488,103,East Asia & Pacific,High income,123975371.0,4026210821146.81,3.44125,0.3159997638187164,,,0.1489851194361049,0.0976744186046511,0.330188679245283,0.6871508379888268,0.8308101776118096,0.6624041066333641,0.025582366293144553,0.020396794534570255
JPN,Japan,2020,154.0,115.90833333333333,154,East Asia & Pacific,High income,123975371.0,4026210821146.81,3.44125,0.3159997638187164,,,0.1489851194361049,0.0976744186046511,0.330188679245283,0.6871508379888268,1.2421822073030941,0.9349303204209272,0.03824936319557535,0.028788441162730386
JPN,Japan,2021,176.0,140.7,176,East Asia & Pacific,High income,123975371.0,4026210821146.81,3.44125,0.3159997638187164,,,0.1489851194361049,0.0976744186046511,0.330188679245283,0.6871508379888268,1.4196368083463933,1.1349028348541905,0.0437135579378004,0.034946009101412025
JPN,Japan,2022,209.0,167.4647148603031,209,East Asia & Pacific,High income,123975371.0,4026210821146.81,3.44125,0.3159997638187164,,,0.1489851194361049,0.0976744186046511,0.330188679245283,0.6871508379888268,1.685818709911342,1.3507901892893155,0.051909850051137976,0.04159362792944934
JPN,Japan,2023,267.0,196.40106837606837,267,East Asia & Pacific,High income,123975371.0,4026210821146.81,3.44125,0.3159997638187164,,,0.1489851194361049,0.0976744186046511,0.330188679245283,0.6871508379888268,2.1536535672073125,1.5841942378705878,0.06631545437154947,0.048780622053995235
JPN,Japan,2024,299.0,218.44325396825397,299,East Asia & Pacific,High income,123975371.0,4026210821146.81,3.44125,0.3159997638187164,,,0.1489851194361049,0.0976744186046511,0.330188679245283,0.6871508379888268,2.4117693505430204,1.7619891128880265,0.07426337399660408,0.054255294536721115
JPN,Japan,2025,411.0,300.8791578304736,411,East Asia & Pacific,High income,123975371.0,4026210821146.81,3.44125,0.3159997638187164,,,0.1489851194361049,0.0976744186046511,0.330188679245283,0.6871508379888268,3.3151745922179976,2.4269268597750244,0.10208109268429526,0.07473010510283522
KAZ,Kazakhstan,2015,1.0,0.5,1,Europe & Central Asia,Upper middle income,20592571.0,288406138230.669,0.16242,0.390800400706202,0.390800400706202,0.1893491124260355,0.4186137579950398,0.4860465116279069,0.7594339622641509,0.1005586592178771,0.04856120199852656,0.02428060099926328,0.0034673325822219283,0.0017336662911109641
KAZ,Kazakhstan,2016,2.0,2.0,2,Europe & Central Asia,Upper middle income,20592571.0,288406138230.669,0.16242,0.390800400706202,0.390800400706202,0.1893491124260355,0.4186137579950398,0.4860465116279069,0.7594339622641509,0.1005586592178771,0.09712240399705312,0.09712240399705312,0.0069346651644438565,0.0069346651644438565
KAZ,Kazakhstan,2018,1.0,0.5,1,Europe & Central Asia,Upper middle income,20592571.0,288406138230.669,0.16242,0.390800400706202,0.390800400706202,0.1893491124260355,0.4186137579950398,0.4860465116279069,0.7594339622641509,0.1005586592178771,0.04856120199852656,0.02428060099926328,0.0034673325822219283,0.0017336662911109641
KAZ,Kazakhstan,2019,1.0,0.3333333333333333,1,Europe & Central Asia,Upper middle income,20592571.0,288406138230.669,0.16242,0.390800400706202,0.390800400706202,0.1893491124260355,0.4186137579950398,0.4860465116279069,0.7594339622641509,0.1005586592178771,0.04856120199852656,0.016187067332842184,0.0034673325822219283,0.0011557775274073094
KAZ,Kazakhstan,2020,2.0,0.6111111111111112,2,Europe & Central Asia,Upper middle income,20592571.0,288406138230.669,0.16242,0.390800400706202,0.390800400706202,0.1893491124260355,0.4186137579950398,0.4860465116279069,0.7594339622641509,0.1005586592178771,0.09712240399705312,0.029676290110210675,0.0069346651644438565,0.0021189254669134005
KAZ,Kazakhstan,2021,4.0,2.25,4,Europe & Central Asia,Upper middle income,20592571.0,288406138230.669,0.16242,0.390800400706202,0.390800400706202,0.1893491124260355,0.4186137579950398,0.4860465116279069,0.7594339622641509,0.1005586592178771,0.19424480799410623,0.10926270449668475,0.013869330328887713,0.007801498309999339
KAZ,Kazakhstan,2022,13.0,7.392857142857142,13,Europe & Central Asia,Upper middle income,20592571.0,288406138230.669,0.16242,0.390800400706202,0.390800400706202,0.1893491124260355,0.4186137579950398,0.4860465116279069,0.7594339622641509,0.1005586592178771,0.6312956259808452,0.3590060290605356,0.045075323568885065,0.025633494447140685
KAZ,Kazakhstan,2023,20.0,13.25,20,Europe & Central Asia,Upper middle income,20592571.0,288406138230.669,0.16242,0.390800400706202,0.390800400706202,0.1893491124260355,0.4186137579950398,0.4860465116279069,0.7594339622641509,0.1005586592178771,0.9712240399705312,0.6434359264804769,0.06934665164443857,0.04594215671444055
KAZ,Kazakhstan,2024,20.0,11.916666666666666,20,Europe & Central Asia,Upper middle income,20592571.0,288406138230.669,0.16242,0.390800400706202,0.390800400706202,0.1893491124260355,0.4186137579950398,0.4860465116279069,0.7594339622641509,0.1005586592178771,0.9712240399705312,0.5786876571491081,0.06934665164443857,0.04131904660481131
KAZ,Kazakhstan,2025,56.0,42.78333333333333,56,Europe & Central Asia,Upper middle income,20592571.0,288406138230.669,0.16242,0.390800400706202,0.390800400706202,0.1893491124260355,0.4186137579950398,0.4860465116279069,0.7594339622641509,0.1005586592178771,2.7194273119174874,2.0776100921702945,0.194170624604428,0.14834404564272816
KEN,Kenya,2010,3.0,2.2,3,Sub-Saharan Africa,Lower middle income,56432944.0,124498691699.125,0.81069,0.482820254303935,0.482820254303935,0.9585798816568049,0.3799928207805769,0.3162790697674418,0.2452830188679245,0.5139664804469274,0.053160437633733945,0.038984320931404894,0.024096638760269677,0.017670868424197763
KEN,Kenya,2011,4.0,3.5,4,Sub-Saharan Africa,Lower middle income,56432944.0,124498691699.125,0.81069,0.482820254303935,0.482820254303935,0.9585798816568049,0.3799928207805769,0.3162790697674418,0.2452830188679245,0.5139664804469274,0.07088058351164525,0.0620205105726896,0.03212885168035957,0.028112745220314622
KEN,Kenya,2012,1.0,0.3333333333333333,1,Sub-Saharan Africa,Lower middle income,56432944.0,124498691699.125,0.81069,0.482820254303935,0.482820254303935,0.9585798816568049,0.3799928207805769,0.3162790697674418,0.2452830188679245,0.5139664804469274,0.017720145877911313,0.005906715292637104,0.008032212920089892,0.0026774043066966303
KEN,Kenya,2013,1.0,0.2,1,Sub-Saharan Africa,Lower middle income,56432944.0,124498691699.125,0.81069,0.482820254303935,0.482820254303935,0.9585798816568049,0.3799928207805769,0.3162790697674418,0.2452830188679245,0.5139664804469274,0.017720145877911313,0.003544029175582263,0.008032212920089892,0.0016064425840179783
KEN,Kenya,2014,3.0,1.5,3,Sub-Saharan Africa,Lower middle income,56432944.0,124498691699.125,0.81069,0.482820254303935,0.482820254303935,0.9585798816568049,0.3799928207805769,0.3162790697674418,0.2452830188679245,0.5139664804469274,0.053160437633733945,0.026580218816866973,0.024096638760269677,0.012048319380134839
KEN,Kenya,2015,2.0,0.8333333333333333,2,Sub-Saharan Africa,Lower middle income,56432944.0,124498691699.125,0.81069,0.482820254303935,0.482820254303935,0.9585798816568049,0.3799928207805769,0.3162790697674418,0.2452830188679245,0.5139664804469274,0.035440291755822625,0.01476678823159276,0.016064425840179784,0.006693510766741575
KEN,Kenya,2016,2.0,0.18285714285714286,2,Sub-Saharan Africa,Lower middle income,56432944.0,124498691699.125,0.81069,0.482820254303935,0.482820254303935,0.9585798816568049,0.3799928207805769,0.3162790697674418,0.2452830188679245,0.5139664804469274,0.035440291755822625,0.0032402552462466403,0.016064425840179784,0.001468747505387866
KEN,Kenya,2017,4.0,2.6666666666666665,4,Sub-Saharan Africa,Lower middle income,56432944.0,124498691699.125,0.81069,0.482820254303935,0.482820254303935,0.9585798816568049,0.3799928207805769,0.3162790697674418,0.2452830188679245,0.5139664804469274,0.07088058351164525,0.04725372234109683,0.03212885168035957,0.021419234453573043
KEN,Kenya,2018,7.0,2.6666666666666665,7,Sub-Saharan Africa,Lower middle income,56432944.0,124498691699.125,0.81069,0.482820254303935,0.482820254303935,0.9585798816568049,0.3799928207805769,0.3162790697674418,0.2452830188679245,0.5139664804469274,0.1240410211453792,0.04725372234109683,0.056225490440629244,0.021419234453573043
KEN,Kenya,2019,9.0,5.666666666666666,9,Sub-Saharan Africa,Lower middle income,56432944.0,124498691699.125,0.81069,0.482820254303935,0.482820254303935,0.9585798816568049,0.3799928207805769,0.3162790697674418,0.2452830188679245,0.5139664804469274,0.15948131290120182,0.10041415997483077,0.07228991628080904,0.04551587321384272
KEN,Kenya,2020,12.0,3.8642857142857143,12,Sub-Saharan Africa,Lower middle income,56432944.0,124498691699.125,0.81069,0.482820254303935,0.482820254303935,0.9585798816568049,0.3799928207805769,0.3162790697674418,0.2452830188679245,0.5139664804469274,0.21264175053493578,0.06847570657107158,0.09638655504107871,0.031038765641204513
KEN,Kenya,2021,21.0,7.843686868686869,21,Sub-Saharan Africa,Lower middle income,56432944.0,124498691699.125,0.81069,0.482820254303935,0.482820254303935,0.9585798816568049,0.3799928207805769,0.3162790697674418,0.2452830188679245,0.5139664804469274,0.3721230634361376,0.13899127553378873,0.16867647132188773,0.06300216300780609
KEN,Kenya,2022,24.0,10.924242424242424,24,Sub-Saharan Africa,Lower middle income,56432944.0,124498691699.125,0.81069,0.482820254303935,0.482820254303935,0.9585798816568049,0.3799928207805769,0.3162790697674418,0.2452830188679245,0.5139664804469274,0.42528350106987156,0.19357916936324326,0.19277311008215742,0.08774584114219412
KEN,Kenya,2023,32.0,14.334523809523809,32,Sub-Saharan Africa,Lower middle income,56432944.0,124498691699.125,0.81069,0.482820254303935,0.482820254303935,0.9585798816568049,0.3799928207805769,0.3162790697674418,0.2452830188679245,0.5139664804469274,0.567044668093162,0.2540098529951549,0.25703081344287654,0.11513794734619331
KEN,Kenya,2024,38.0,14.810640236956026,38,Sub-Saharan Africa,Lower middle income,56432944.0,124498691699.125,0.81069,0.482820254303935,0.482820254303935,0.9585798816568049,0.3799928207805769,0.3162790697674418,0.2452830188679245,0.5139664804469274,0.6733655433606299,0.2624467055441238,0.3052240909634159,0.11896221586608141
KEN,Kenya,2025,48.0,23.493290043290042,48,Sub-Saharan Africa,Lower middle income,56432944.0,124498691699.125,0.81069,0.482820254303935,0.482820254303935,0.9585798816568049,0.3799928207805769,0.3162790697674418,0.2452830188679245,0.5139664804469274,0.8505670021397431,0.41630452671918095,0.38554622016431483,0.18870310782113348
KHM,Cambodia,2014,1.0,0.5,1,East Asia & Pacific,Lower middle income,17638801.0,46352647034.7775,0.08828,0.4243439232573031,0.4243439232573031,0.4940828402366864,0.3436643388591567,0.3720930232558139,0.8113207547169812,0.1005586592178771,0.056693195869719264,0.028346597934859632,0.02157374096132459,0.010786870480662295
KHM,Cambodia,2018,1.0,0.3333333333333333,1,East Asia & Pacific,Lower middle income,17638801.0,46352647034.7775,0.08828,0.4243439232573031,0.4243439232573031,0.4940828402366864,0.3436643388591567,0.3720930232558139,0.8113207547169812,0.1005586592178771,0.056693195869719264,0.018897731956573086,0.02157374096132459,0.007191246987108196
KHM,Cambodia,2020,3.0,1.25,3,East Asia & Pacific,Lower middle income,17638801.0,46352647034.7775,0.08828,0.4243439232573031,0.4243439232573031,0.4940828402366864,0.3436643388591567,0.3720930232558139,0.8113207547169812,0.1005586592178771,0.17007958760915778,0.07086649483714907,0.06472122288397376,0.026967176201655736
KHM,Cambodia,2021,1.0,0.5,1,East Asia & Pacific,Lower middle income,17638801.0,46352647034.7775,0.08828,0.4243439232573031,0.4243439232573031,0.4940828402366864,0.3436643388591567,0.3720930232558139,0.8113207547169812,0.1005586592178771,0.056693195869719264,0.028346597934859632,0.02157374096132459,0.010786870480662295
KHM,Cambodia,2024,2.0,0.6666666666666666,2,East Asia & Pacific,Lower middle income,17638801.0,46352647034.7775,0.08828,0.4243439232573031,0.4243439232573031,0.4940828402366864,0.3436643388591567,0.3720930232558139,0.8113207547169812,0.1005586592178771,0.11338639173943853,0.03779546391314617,0.04314748192264918,0.014382493974216391
KHM,Cambodia,2025,2.0,0.5,2,East Asia & Pacific,Lower middle income,17638801.0,46352647034.7775,0.08828,0.4243439232573031,0.4243439232573031,0.4940828402366864,0.3436643388591567,0.3720930232558139,0.8113207547169812,0.1005586592178771,0.11338639173943853,0.028346597934859632,0.04314748192264918,0.010786870480662295
KIR,Kiribati,2024,1.0,0.25,1,East Asia & Pacific,Lower middle income,134518.0,307862546.789627,,0.4457485022103599,0.4457485022103599,0.4437869822485207,0.7509137188356612,0.1372093023255814,0.0141509433962264,0.88268156424581,7.43394935993696,1.85848733998424,3.2482028438598416,0.8120507109649604
KOR,"Korea, Rep.",2010,17.0,14.5,17,East Asia & Pacific,High income,51751065.0,17127928542023.7,4.94352,0.4662510103208198,0.4662510103208198,0.1893491124260355,0.0300711395379193,0.813953488372093,0.5660377358490566,0.7318435754189944,0.3284956551135711,0.28018747053804594,0.000992530997446082,0.0008465705566451877
KOR,"Korea, Rep.",2011,29.0,25.333333333333332,29,East Asia & Pacific,High income,51751065.0,17127928542023.7,4.94352,0.4662510103208198,0.4662510103208198,0.1893491124260355,0.0300711395379193,0.813953488372093,0.5660377358490566,0.7318435754189944,0.5603749410760919,0.48952293703198835,0.0016931411132903753,0.00147906580011573
KOR,"Korea, Rep.",2012,33.0,26.666666666666668,33,East Asia & Pacific,High income,51751065.0,17127928542023.7,4.94352,0.4662510103208198,0.4662510103208198,0.1893491124260355,0.0300711395379193,0.813953488372093,0.5660377358490566,0.7318435754189944,0.6376680363969321,0.515287302138935,0.0019266778185718062,0.001556911368542874
KOR,"Korea, Rep.",2013,38.0,31.916666666666668,38,East Asia & Pacific,High income,51751065.0,17127928542023.7,4.94352,0.4662510103208198,0.4662510103208198,0.1893491124260355,0.0300711395379193,0.813953488372093,0.5660377358490566,0.7318435754189944,0.7342844055479825,0.616734489747538,0.0022185987001735953,0.0018634282942247523
KOR,"Korea, Rep.",2014,38.0,29.833333333333332,38,East Asia & Pacific,High income,51751065.0,17127928542023.7,4.94352,0.4662510103208198,0.4662510103208198,0.1893491124260355,0.0300711395379193,0.813953488372093,0.5660377358490566,0.7318435754189944,0.7342844055479825,0.5764776692679335,0.0022185987001735953,0.00174179459355734
KOR,"Korea, Rep.",2015,49.0,38.34444444444444,49,East Asia & Pacific,High income,51751065.0,17127928542023.7,4.94352,0.4662510103208198,0.4662510103208198,0.1893491124260355,0.0300711395379193,0.813953488372093,0.5660377358490566,0.7318435754189944,0.9468404176802931,0.7409401998672769,0.0028608246396975307,0.0022387088053506072
KOR,"Korea, Rep.",2016,44.0,33.79,44,East Asia & Pacific,High income,51751065.0,17127928542023.7,4.94352,0.4662510103208198,0.4662510103208198,0.1893491124260355,0.0300711395379193,0.813953488372093,0.5660377358490566,0.7318435754189944,0.8502240485292428,0.652933422722798,0.0025689037580957415,0.001972801317864889
KOR,"Korea, Rep.",2017,43.0,33.833333333333336,43,East Asia & Pacific,High income,51751065.0,17127928542023.7,4.94352,0.4662510103208198,0.4662510103208198,0.1893491124260355,0.0300711395379193,0.813953488372093,0.5660377358490566,0.7318435754189944,0.8309007746990328,0.6537707645887739,0.002510519581775384,0.001975331298838771
KOR,"Korea, Rep.",2018,65.0,51.25,65,East Asia & Pacific,High income,51751065.0,17127928542023.7,4.94352,0.4662510103208198,0.4662510103208198,0.1893491124260355,0.0300711395379193,0.813953488372093,0.5660377358490566,0.7318435754189944,1.256012798963654,0.9903177837982657,0.003794971460823255,0.0029921890364183355
KOR,"Korea, Rep.",2019,84.0,68.66666666666667,84,East Asia & Pacific,High income,51751065.0,17127928542023.7,4.94352,0.4662510103208198,0.4662510103208198,0.1893491124260355,0.0300711395379193,0.813953488372093,0.5660377358490566,0.7318435754189944,1.6231550017376453,1.3268648030077579,0.004904270810910052,0.0040090467739979
KOR,"Korea, Rep.",2020,137.0,106.00833333333333,137,East Asia & Pacific,High income,51751065.0,17127928542023.7,4.94352,0.4662510103208198,0.4662510103208198,0.1893491124260355,0.0300711395379193,0.813953488372093,0.5660377358490566,0.7318435754189944,2.647288514738779,2.0484280532841854,0.007998632155889014,0.006189209224760592
KOR,"Korea, Rep.",2021,209.0,169.4,209,East Asia & Pacific,High income,51751065.0,17127928542023.7,4.94352,0.4662510103208198,0.4662510103208198,0.1893491124260355,0.0300711395379193,0.813953488372093,0.5660377358490566,0.7318435754189944,4.038564230513903,3.273362586837585,0.012202292850954774,0.009890279468668606
KOR,"Korea, Rep.",2022,249.0,192.86993464052287,249,East Asia & Pacific,High income,51751065.0,17127928542023.7,4.94352,0.4662510103208198,0.4662510103208198,0.1893491124260355,0.0300711395379193,0.813953488372093,0.5660377358490566,0.7318435754189944,4.811495183722306,3.726878560673541,0.014537659903769085,0.011260552270948165
KOR,"Korea, Rep.",2023,323.0,255.35357142857143,323,East Asia & Pacific,High income,51751065.0,17127928542023.7,4.94352,0.4662510103208198,0.4662510103208198,0.1893491124260355,0.0300711395379193,0.813953488372093,0.5660377358490566,0.7318435754189944,6.2414174471578505,4.934266984236391,0.018858088951475557,0.014908607938318785
KOR,"Korea, Rep.",2024,430.0,324.5766233766234,430,East Asia & Pacific,High income,51751065.0,17127928542023.7,4.94352,0.4662510103208198,0.4662510103208198,0.1893491124260355,0.0300711395379193,0.813953488372093,0.5660377358490566,0.7318435754189944,8.309007746990329,6.271882972391455,0.02510519581775384,0.018950138808687136
KOR,"Korea, Rep.",2025,661.0,486.1975396825397,661,East Asia & Pacific,High income,51751065.0,17127928542023.7,4.94352,0.4662510103208198,0.4662510103208198,0.1893491124260355,0.0300711395379193,0.813953488372093,0.5660377358490566,0.7318435754189944,12.772684001768852,9.394928194860139,0.038591940547756484,0.028386242883349542
KWT,Kuwait,2010,1.0,1.0,1,Middle East & North Africa,High income,4897263.0,160227273001.348,0.08954,0.627502530690401,0.627502530690401,0.1893491124260355,0.5385393551755646,0.8372093023255814,0.6981132075471698,0.8743016759776536,0.20419569053162961,0.20419569053162961,0.006241134741097334,0.006241134741097334
KWT,Kuwait,2011,1.0,0.5,1,Middle East & North Africa,High income,4897263.0,160227273001.348,0.08954,0.627502530690401,0.627502530690401,0.1893491124260355,0.5385393551755646,0.8372093023255814,0.6981132075471698,0.8743016759776536,0.20419569053162961,0.10209784526581481,0.006241134741097334,0.003120567370548667
KWT,Kuwait,2016,2.0,2.0,2,Middle East & North Africa,High income,4897263.0,160227273001.348,0.08954,0.627502530690401,0.627502530690401,0.1893491124260355,0.5385393551755646,0.8372093023255814,0.6981132075471698,0.8743016759776536,0.40839138106325923,0.40839138106325923,0.012482269482194669,0.012482269482194669
KWT,Kuwait,2019,1.0,0.16666666666666666,1,Middle East & North Africa,High income,4897263.0,160227273001.348,0.08954,0.627502530690401,0.627502530690401,0.1893491124260355,0.5385393551755646,0.8372093023255814,0.6981132075471698,0.8743016759776536,0.20419569053162961,0.03403261508860493,0.006241134741097334,0.0010401891235162226
KWT,Kuwait,2020,1.0,0.5,1,Middle East & North Africa,High income,4897263.0,160227273001.348,0.08954,0.627502530690401,0.627502530690401,0.1893491124260355,0.5385393551755646,0.8372093023255814,0.6981132075471698,0.8743016759776536,0.20419569053162961,0.10209784526581481,0.006241134741097334,0.003120567370548667
KWT,Kuwait,2021,2.0,1.5,2,Middle East & North Africa,High income,4897263.0,160227273001.348,0.08954,0.627502530690401,0.627502530690401,0.1893491124260355,0.5385393551755646,0.8372093023255814,0.6981132075471698,0.8743016759776536,0.40839138106325923,0.3062935357974444,0.012482269482194669,0.009361702111646003
KWT,Kuwait,2022,9.0,5.45,9,Middle East & North Africa,High income,4897263.0,160227273001.348,0.08954,0.627502530690401,0.627502530690401,0.1893491124260355,0.5385393551755646,0.8372093023255814,0.6981132075471698,0.8743016759776536,1.8377612147846665,1.1128665133973814,0.05617021266987601,0.03401418433898048
KWT,Kuwait,2023,12.0,5.334498834498834,12,Middle East & North Africa,High income,4897263.0,160227273001.348,0.08954,0.627502530690401,0.627502530690401,0.1893491124260355,0.5385393551755646,0.8372093023255814,0.6981132075471698,0.8743016759776536,2.450348286379555,1.0892816731506627,0.07489361689316802,0.033293326002333916
KWT,Kuwait,2024,12.0,6.833333333333333,12,Middle East & North Africa,High income,4897263.0,160227273001.348,0.08954,0.627502530690401,0.627502530690401,0.1893491124260355,0.5385393551755646,0.8372093023255814,0.6981132075471698,0.8743016759776536,2.450348286379555,1.3953372186328024,0.07489361689316802,0.04264775406416512
KWT,Kuwait,2025,23.0,9.467099567099567,23,Middle East & North Africa,High income,4897263.0,160227273001.348,0.08954,0.627502530690401,0.627502530690401,0.1893491124260355,0.5385393551755646,0.8372093023255814,0.6981132075471698,0.8743016759776536,4.696500882227481,1.9331409334355878,0.1435460990452387,0.059085444005652646
LAO,Lao PDR,2012,1.0,0.3333333333333333,1,East Asia & Pacific,Lower middle income,7769819.0,16502933121.0806,0.0371,0.4941540885161059,,,0.4596250489492233,0.5720930232558139,0.8443396226415094,0.1005586592178771,0.12870312680385476,0.042901042267951585,0.06059528888974378,0.020198429629914593
LAO,Lao PDR,2013,1.0,0.5,1,East Asia & Pacific,Lower middle income,7769819.0,16502933121.0806,0.0371,0.4941540885161059,,,0.4596250489492233,0.5720930232558139,0.8443396226415094,0.1005586592178771,0.12870312680385476,0.06435156340192738,0.06059528888974378,0.03029764444487189
LAO,Lao PDR,2020,1.0,0.3333333333333333,1,East Asia & Pacific,Lower middle income,7769819.0,16502933121.0806,0.0371,0.4941540885161059,,,0.4596250489492233,0.5720930232558139,0.8443396226415094,0.1005586592178771,0.12870312680385476,0.042901042267951585,0.06059528888974378,0.020198429629914593
LAO,Lao PDR,2024,1.0,0.2,1,East Asia & Pacific,Lower middle income,7769819.0,16502933121.0806,0.0371,0.4941540885161059,,,0.4596250489492233,0.5720930232558139,0.8443396226415094,0.1005586592178771,0.12870312680385476,0.025740625360770954,0.06059528888974378,0.012119057777948757
LAO,Lao PDR,2025,4.0,1.625,4,East Asia & Pacific,Lower middle income,7769819.0,16502933121.0806,0.0371,0.4941540885161059,,,0.4596250489492233,0.5720930232558139,0.8443396226415094,0.1005586592178771,0.514812507215419,0.209142581056264,0.24238115555897513,0.09846734444583365
LBN,Lebanon,2010,1.0,0.5,1,Middle East & North Africa,Lower middle income,5805962.0,38015876532.134,,0.6816461478285951,0.6816461478285951,0.6331360946745562,0.7116401253100118,0.944186046511628,0.2924528301886792,0.8268156424581006,0.17223674560736016,0.08611837280368008,0.026304799237095625,0.013152399618547812
LBN,Lebanon,2012,2.0,1.5,2,Middle East & North Africa,Lower middle income,5805962.0,38015876532.134,,0.6816461478285951,0.6816461478285951,0.6331360946745562,0.7116401253100118,0.944186046511628,0.2924528301886792,0.8268156424581006,0.3444734912147203,0.25835511841104025,0.05260959847419125,0.03945719885564344
LBN,Lebanon,2017,4.0,1.8333333333333333,4,Middle East & North Africa,Lower middle income,5805962.0,38015876532.134,,0.6816461478285951,0.6816461478285951,0.6331360946745562,0.7116401253100118,0.944186046511628,0.2924528301886792,0.8268156424581006,0.6889469824294406,0.31576736694682694,0.1052191969483825,0.048225465268008645
LBN,Lebanon,2018,1.0,0.5,1,Middle East & North Africa,Lower middle income,5805962.0,38015876532.134,,0.6816461478285951,0.6816461478285951,0.6331360946745562,0.7116401253100118,0.944186046511628,0.2924528301886792,0.8268156424581006,0.17223674560736016,0.08611837280368008,0.026304799237095625,0.013152399618547812
LBN,Lebanon,2020,8.0,3.75,8,Middle East & North Africa,Lower middle income,5805962.0,38015876532.134,,0.6816461478285951,0.6816461478285951,0.6331360946745562,0.7116401253100118,0.944186046511628,0.2924528301886792,0.8268156424581006,1.3778939648588813,0.6458877960276006,0.210438393896765,0.0986429971391086
LBN,Lebanon,2021,6.0,2.2,6,Middle East & North Africa,Lower middle income,5805962.0,38015876532.134,,0.6816461478285951,0.6816461478285951,0.6331360946745562,0.7116401253100118,0.944186046511628,0.2924528301886792,0.8268156424581006,1.033420473644161,0.3789208403361924,0.15782879542257375,0.05787055832161038
LBN,Lebanon,2022,9.0,3.933333333333333,9,Middle East & North Africa,Lower middle income,5805962.0,38015876532.134,,0.6816461478285951,0.6816461478285951,0.6331360946745562,0.7116401253100118,0.944186046511628,0.2924528301886792,0.8268156424581006,1.5501307104662414,0.6774645327222832,0.23674319313386066,0.10346554366590946
LBN,Lebanon,2023,26.0,7.708766233766234,26,Middle East & North Africa,Lower middle income,5805962.0,38015876532.134,,0.6816461478285951,0.6816461478285951,0.6331360946745562,0.7116401253100118,0.944186046511628,0.2924528301886792,0.8268156424581006,4.478155385791364,1.3277328087518028,0.6839247801644862,0.20277754814492255
LBN,Lebanon,2024,30.0,10.43495670995671,30,Middle East & North Africa,Lower middle income,5805962.0,38015876532.134,,0.6816461478285951,0.6816461478285951,0.6331360946745562,0.7116401253100118,0.944186046511628,0.2924528301886792,0.8268156424581006,5.167102368220805,1.7972829842766298,0.7891439771128688,0.27448944130319514
LBN,Lebanon,2025,16.0,5.88444976076555,16,Middle East & North Africa,Lower middle income,5805962.0,38015876532.134,,0.6816461478285951,0.6816461478285951,0.6331360946745562,0.7116401253100118,0.944186046511628,0.2924528301886792,0.8268156424581006,2.7557879297177625,1.0135184764842673,0.42087678779353,0.1547892695777132
LBR,Liberia,2025,1.0,0.5,1,Sub-Saharan Africa,Low income,5612817.0,4750000000.0,,0.7195017669265413,0.7195017669265413,0.9526627218934912,0.545351455423574,0.7465116279069768,0.7216981132075472,0.6312849162011173,0.17816365650260824,0.08908182825130412,0.21052631578947367,0.10526315789473684
LBY,Libya,2016,1.0,1.0,1,Middle East & North Africa,Upper middle income,7381023.0,46636278901.9016,,0.6057404480464283,0.6057404480464283,0.7899408284023669,0.6146064482443545,0.3651162790697674,0.4433962264150943,0.8156424581005587,0.13548257470543038,0.13548257470543038,0.021442534086038,0.021442534086038
LBY,Libya,2019,1.0,0.3333333333333333,1,Middle East & North Africa,Upper middle income,7381023.0,46636278901.9016,,0.6057404480464283,0.6057404480464283,0.7899408284023669,0.6146064482443545,0.3651162790697674,0.4433962264150943,0.8156424581005587,0.13548257470543038,0.045160858235143465,0.021442534086038,0.007147511362012666
LBY,Libya,2021,1.0,0.5,1,Middle East & North Africa,Upper middle income,7381023.0,46636278901.9016,,0.6057404480464283,0.6057404480464283,0.7899408284023669,0.6146064482443545,0.3651162790697674,0.4433962264150943,0.8156424581005587,0.13548257470543038,0.06774128735271519,0.021442534086038,0.010721267043019
LBY,Libya,2022,1.0,0.3333333333333333,1,Middle East & North Africa,Upper middle income,7381023.0,46636278901.9016,,0.6057404480464283,0.6057404480464283,0.7899408284023669,0.6146064482443545,0.3651162790697674,0.4433962264150943,0.8156424581005587,0.13548257470543038,0.045160858235143465,0.021442534086038,0.007147511362012666
LBY,Libya,2023,2.0,0.17142857142857143,2,Middle East & North Africa,Upper middle income,7381023.0,46636278901.9016,,0.6057404480464283,0.6057404480464283,0.7899408284023669,0.6146064482443545,0.3651162790697674,0.4433962264150943,0.8156424581005587,0.27096514941086075,0.023225584235216642,0.042885068172076,0.003675862986177943
LBY,Libya,2024,3.0,1.5,3,Middle East & North Africa,Upper middle income,7381023.0,46636278901.9016,,0.6057404480464283,0.6057404480464283,0.7899408284023669,0.6146064482443545,0.3651162790697674,0.4433962264150943,0.8156424581005587,0.4064477241162912,0.2032238620581456,0.064327602258114,0.032163801129057
LBY,Libya,2025,3.0,1.2,3,Middle East & North Africa,Upper middle income,7381023.0,46636278901.9016,,0.6057404480464283,0.6057404480464283,0.7899408284023669,0.6146064482443545,0.3651162790697674,0.4433962264150943,0.8156424581005587,0.4064477241162912,0.16257908964651646,0.064327602258114,0.0257310409032456
LKA,Sri Lanka,2010,1.0,0.5,1,South Asia,Lower middle income,21916000.0,98963185509.6499,0.10506,0.3086966201833768,0.3086966201833768,0.6094674556213018,0.2317093068789975,0.241860465116279,0.1084905660377358,0.3519553072625698,0.04562876437306077,0.022814382186530386,0.01010476769568508,0.00505238384784254
LKA,Sri Lanka,2011,3.0,1.8333333333333333,3,South Asia,Lower middle income,21916000.0,98963185509.6499,0.10506,0.3086966201833768,0.3086966201833768,0.6094674556213018,0.2317093068789975,0.241860465116279,0.1084905660377358,0.3519553072625698,0.13688629311918232,0.08365273468394475,0.030314303087055232,0.01852540744208931
LKA,Sri Lanka,2012,1.0,0.3333333333333333,1,South Asia,Lower middle income,21916000.0,98963185509.6499,0.10506,0.3086966201833768,0.3086966201833768,0.6094674556213018,0.2317093068789975,0.241860465116279,0.1084905660377358,0.3519553072625698,0.04562876437306077,0.015209588124353591,0.01010476769568508,0.0033682558985616926
LKA,Sri Lanka,2013,2.0,0.7,2,South Asia,Lower middle income,21916000.0,98963185509.6499,0.10506,0.3086966201833768,0.3086966201833768,0.6094674556213018,0.2317093068789975,0.241860465116279,0.1084905660377358,0.3519553072625698,0.09125752874612154,0.031940135061142544,0.02020953539137016,0.007073337386979555
LKA,Sri Lanka,2016,1.0,0.5,1,South Asia,Lower middle income,21916000.0,98963185509.6499,0.10506,0.3086966201833768,0.3086966201833768,0.6094674556213018,0.2317093068789975,0.241860465116279,0.1084905660377358,0.3519553072625698,0.04562876437306077,0.022814382186530386,0.01010476769568508,0.00505238384784254
LKA,Sri Lanka,2018,4.0,2.5,4,South Asia,Lower middle income,21916000.0,98963185509.6499,0.10506,0.3086966201833768,0.3086966201833768,0.6094674556213018,0.2317093068789975,0.241860465116279,0.1084905660377358,0.3519553072625698,0.1825150574922431,0.11407191093265194,0.04041907078274032,0.025261919239212696
LKA,Sri Lanka,2019,2.0,0.8333333333333333,2,South Asia,Lower middle income,21916000.0,98963185509.6499,0.10506,0.3086966201833768,0.3086966201833768,0.6094674556213018,0.2317093068789975,0.241860465116279,0.1084905660377358,0.3519553072625698,0.09125752874612154,0.038023970310883975,0.02020953539137016,0.00842063974640423
LKA,Sri Lanka,2020,5.0,3.25,5,South Asia,Lower middle income,21916000.0,98963185509.6499,0.10506,0.3086966201833768,0.3086966201833768,0.6094674556213018,0.2317093068789975,0.241860465116279,0.1084905660377358,0.3519553072625698,0.22814382186530388,0.14829348421244753,0.05052383847842539,0.03284049501097651
LKA,Sri Lanka,2021,5.0,3.5,5,South Asia,Lower middle income,21916000.0,98963185509.6499,0.10506,0.3086966201833768,0.3086966201833768,0.6094674556213018,0.2317093068789975,0.241860465116279,0.1084905660377358,0.3519553072625698,0.22814382186530388,0.15970067530571272,0.05052383847842539,0.03536668693489777
LKA,Sri Lanka,2022,16.0,10.116666666666667,16,South Asia,Lower middle income,21916000.0,98963185509.6499,0.10506,0.3086966201833768,0.3086966201833768,0.6094674556213018,0.2317093068789975,0.241860465116279,0.1084905660377358,0.3519553072625698,0.7300602299689724,0.4616109995741316,0.16167628313096127,0.10222656652134739
LKA,Sri Lanka,2023,5.0,2.6666666666666665,5,South Asia,Lower middle income,21916000.0,98963185509.6499,0.10506,0.3086966201833768,0.3086966201833768,0.6094674556213018,0.2317093068789975,0.241860465116279,0.1084905660377358,0.3519553072625698,0.22814382186530388,0.12167670499482873,0.05052383847842539,0.02694604718849354
LKA,Sri Lanka,2024,27.0,13.1004329004329,27,South Asia,Lower middle income,21916000.0,98963185509.6499,0.10506,0.3086966201833768,0.3086966201833768,0.6094674556213018,0.2317093068789975,0.241860465116279,0.1084905660377358,0.3519553072625698,1.231976638072641,0.597756565998946,0.27282872778349715,0.13237683117178434
LKA,Sri Lanka,2025,26.0,12.995238095238095,26,South Asia,Lower middle income,21916000.0,98963185509.6499,0.10506,0.3086966201833768,0.3086966201833768,0.6094674556213018,0.2317093068789975,0.241860465116279,0.1084905660377358,0.3519553072625698,1.1863478736995803,0.5929566570194422,0.26272396008781207,0.13131386210249799
LSO,Lesotho,2022,1.0,0.5,1,Sub-Saharan Africa,Lower middle income,2337423.0,2271541845.62002,0.09453,0.5695248640060223,,,0.6291117347604751,0.5720930232558139,0.1132075471698113,0.9636871508379888,0.4278215795771668,0.2139107897885834,0.4402296184541777,0.22011480922708884
LSO,Lesotho,2025,1.0,1.0,1,Sub-Saharan Africa,Lower middle income,2337423.0,2271541845.62002,0.09453,0.5695248640060223,,,0.6291117347604751,0.5720930232558139,0.1132075471698113,0.9636871508379888,0.4278215795771668,0.4278215795771668,0.4402296184541777,0.4402296184541777
LTU,Lithuania,2012,5.0,4.5,5,Europe & Central Asia,High income,2888278.0,84869215513.3648,1.04977,0.405112735784477,0.405112735784477,0.1893491124260355,0.401693643127529,0.4,0.9339622641509434,0.1005586592178771,1.7311352993029065,1.5580217693726157,0.05891417718139062,0.05302275946325156
LTU,Lithuania,2013,1.0,0.5,1,Europe & Central Asia,High income,2888278.0,84869215513.3648,1.04977,0.405112735784477,0.405112735784477,0.1893491124260355,0.401693643127529,0.4,0.9339622641509434,0.1005586592178771,0.3462270598605813,0.17311352993029064,0.011782835436278125,0.0058914177181390625
LTU,Lithuania,2014,1.0,0.25,1,Europe & Central Asia,High income,2888278.0,84869215513.3648,1.04977,0.405112735784477,0.405112735784477,0.1893491124260355,0.401693643127529,0.4,0.9339622641509434,0.1005586592178771,0.3462270598605813,0.08655676496514532,0.011782835436278125,0.0029457088590695312
LTU,Lithuania,2016,2.0,1.0,2,Europe & Central Asia,High income,2888278.0,84869215513.3648,1.04977,0.405112735784477,0.405112735784477,0.1893491124260355,0.401693643127529,0.4,0.9339622641509434,0.1005586592178771,0.6924541197211626,0.3462270598605813,0.02356567087255625,0.011782835436278125
LTU,Lithuania,2017,1.0,1.0,1,Europe & Central Asia,High income,2888278.0,84869215513.3648,1.04977,0.405112735784477,0.405112735784477,0.1893491124260355,0.401693643127529,0.4,0.9339622641509434,0.1005586592178771,0.3462270598605813,0.3462270598605813,0.011782835436278125,0.011782835436278125
LTU,Lithuania,2019,5.0,2.592156862745098,5,Europe & Central Asia,High income,2888278.0,84869215513.3648,1.04977,0.405112735784477,0.405112735784477,0.1893491124260355,0.401693643127529,0.4,0.9339622641509434,0.1005586592178771,1.7311352993029065,0.8974748492856637,0.05891417718139062,0.03054295773874447
LTU,Lithuania,2020,8.0,4.4375,8,Europe & Central Asia,High income,2888278.0,84869215513.3648,1.04977,0.405112735784477,0.405112735784477,0.1893491124260355,0.401693643127529,0.4,0.9339622641509434,0.1005586592178771,2.76981647888465,1.5363825781313294,0.094262683490225,0.05228633224848418
LTU,Lithuania,2021,11.0,6.708823529411765,11,Europe & Central Asia,High income,2888278.0,84869215513.3648,1.04977,0.405112735784477,0.405112735784477,0.1893491124260355,0.401693643127529,0.4,0.9339622641509434,0.1005586592178771,3.8084976584663943,2.3227762457117236,0.1296111897990594,0.07904896361808941
LTU,Lithuania,2022,9.0,6.416666666666667,9,Europe & Central Asia,High income,2888278.0,84869215513.3648,1.04977,0.405112735784477,0.405112735784477,0.1893491124260355,0.401693643127529,0.4,0.9339622641509434,0.1005586592178771,3.1160435387452314,2.2216236341053968,0.10604551892650312,0.07560652738278464
LTU,Lithuania,2023,15.0,9.166666666666666,15,Europe & Central Asia,High income,2888278.0,84869215513.3648,1.04977,0.405112735784477,0.405112735784477,0.1893491124260355,0.401693643127529,0.4,0.9339622641509434,0.1005586592178771,5.193405897908719,3.1737480487219947,0.17674253154417188,0.10800932483254948
LTU,Lithuania,2024,15.0,10.84090909090909,15,Europe & Central Asia,High income,2888278.0,84869215513.3648,1.04977,0.405112735784477,0.405112735784477,0.1893491124260355,0.401693643127529,0.4,0.9339622641509434,0.1005586592178771,5.193405897908719,3.7534160807613013,0.17674253154417188,0.1277366477978333
LTU,Lithuania,2025,28.0,15.934444444444445,28,Europe & Central Asia,High income,2888278.0,84869215513.3648,1.04977,0.405112735784477,0.405112735784477,0.1893491124260355,0.401693643127529,0.4,0.9339622641509434,0.1005586592178771,9.694357676096276,5.516935850511774,0.3299193922157875,0.18775293665740508
LUX,Luxembourg,2013,2.0,1.3333333333333333,2,Europe & Central Asia,High income,677012.0,93197329011.7078,1.07045,0.4846515499429794,0.4846515499429794,0.1893491124260355,0.6329787234042553,0.6767441860465117,0.6839622641509434,0.2402234636871508,2.95415738568888,1.96943825712592,0.02145984247841215,0.014306561652274766
LUX,Luxembourg,2014,2.0,0.75,2,Europe & Central Asia,High income,677012.0,93197329011.7078,1.07045,0.4846515499429794,0.4846515499429794,0.1893491124260355,0.6329787234042553,0.6767441860465117,0.6839622641509434,0.2402234636871508,2.95415738568888,1.10780901963333,0.02145984247841215,0.008047440929404556
LUX,Luxembourg,2016,1.0,0.5,1,Europe & Central Asia,High income,677012.0,93197329011.7078,1.07045,0.4846515499429794,0.4846515499429794,0.1893491124260355,0.6329787234042553,0.6767441860465117,0.6839622641509434,0.2402234636871508,1.47707869284444,0.73853934642222,0.010729921239206075,0.0053649606196030375
LUX,Luxembourg,2018,2.0,0.6666666666666666,2,Europe & Central Asia,High income,677012.0,93197329011.7078,1.07045,0.4846515499429794,0.4846515499429794,0.1893491124260355,0.6329787234042553,0.6767441860465117,0.6839622641509434,0.2402234636871508,2.95415738568888,0.98471912856296,0.02145984247841215,0.007153280826137383
LUX,Luxembourg,2019,2.0,0.75,2,Europe & Central Asia,High income,677012.0,93197329011.7078,1.07045,0.4846515499429794,0.4846515499429794,0.1893491124260355,0.6329787234042553,0.6767441860465117,0.6839622641509434,0.2402234636871508,2.95415738568888,1.10780901963333,0.02145984247841215,0.008047440929404556
LUX,Luxembourg,2020,7.0,2.6666666666666665,7,Europe & Central Asia,High income,677012.0,93197329011.7078,1.07045,0.4846515499429794,0.4846515499429794,0.1893491124260355,0.6329787234042553,0.6767441860465117,0.6839622641509434,0.2402234636871508,10.339550849911081,3.93887651425184,0.07510944867444252,0.028613123304549532
LUX,Luxembourg,2021,7.0,2.833333333333333,7,Europe & Central Asia,High income,677012.0,93197329011.7078,1.07045,0.4846515499429794,0.4846515499429794,0.1893491124260355,0.6329787234042553,0.6767441860465117,0.6839622641509434,0.2402234636871508,10.339550849911081,4.185056296392579,0.07510944867444252,0.030401443511083873
LUX,Luxembourg,2022,7.0,2.583333333333333,7,Europe & Central Asia,High income,677012.0,93197329011.7078,1.07045,0.4846515499429794,0.4846515499429794,0.1893491124260355,0.6329787234042553,0.6767441860465117,0.6839622641509434,0.2402234636871508,10.339550849911081,3.815786623181469,0.07510944867444252,0.027718963201282358
LUX,Luxembourg,2023,8.0,3.6742424242424243,8,Europe & Central Asia,High income,677012.0,93197329011.7078,1.07045,0.4846515499429794,0.4846515499429794,0.1893491124260355,0.6329787234042553,0.6767441860465117,0.6839622641509434,0.2402234636871508,11.81662954275552,5.427145197193586,0.0858393699136486,0.03942433182587081
LUX,Luxembourg,2024,14.0,4.019444444444444,14,Europe & Central Asia,High income,677012.0,93197329011.7078,1.07045,0.4846515499429794,0.4846515499429794,0.1893491124260355,0.6329787234042553,0.6767441860465117,0.6839622641509434,0.2402234636871508,20.679101699822162,5.937035745960846,0.15021889734888505,0.0431283223142533
LUX,Luxembourg,2025,14.0,5.752631578947368,14,Europe & Central Asia,High income,677012.0,93197329011.7078,1.07045,0.4846515499429794,0.4846515499429794,0.1893491124260355,0.6329787234042553,0.6767441860465117,0.6839622641509434,0.2402234636871508,20.679101699822162,8.497089533047227,0.15021889734888505,0.061725283760274946
LVA,Latvia,2013,1.0,1.0,1,Europe & Central Asia,High income,1866124.0,43520773851.1219,0.8236,0.3718120277254059,0.3718120277254059,0.1893491124260355,0.3381738676413001,0.3441860465116279,0.8867924528301887,0.1005586592178771,0.5358700707991537,0.5358700707991537,0.02297753260134692,0.02297753260134692
LVA,Latvia,2015,1.0,0.125,1,Europe & Central Asia,High income,1866124.0,43520773851.1219,0.8236,0.3718120277254059,0.3718120277254059,0.1893491124260355,0.3381738676413001,0.3441860465116279,0.8867924528301887,0.1005586592178771,0.5358700707991537,0.06698375884989421,0.02297753260134692,0.002872191575168365
LVA,Latvia,2019,1.0,1.0,1,Europe & Central Asia,High income,1866124.0,43520773851.1219,0.8236,0.3718120277254059,0.3718120277254059,0.1893491124260355,0.3381738676413001,0.3441860465116279,0.8867924528301887,0.1005586592178771,0.5358700707991537,0.5358700707991537,0.02297753260134692,0.02297753260134692
LVA,Latvia,2020,2.0,0.1736111111111111,2,Europe & Central Asia,High income,1866124.0,43520773851.1219,0.8236,0.3718120277254059,0.3718120277254059,0.1893491124260355,0.3381738676413001,0.3441860465116279,0.8867924528301887,0.1005586592178771,1.0717401415983074,0.09303299840263085,0.04595506520269384,0.003989154965511618
LVA,Latvia,2021,7.0,3.7,7,Europe & Central Asia,High income,1866124.0,43520773851.1219,0.8236,0.3718120277254059,0.3718120277254059,0.1893491124260355,0.3381738676413001,0.3441860465116279,0.8867924528301887,0.1005586592178771,3.751090495594076,1.982719261956869,0.16084272820942844,0.0850168706249836
LVA,Latvia,2022,8.0,4.95,8,Europe & Central Asia,High income,1866124.0,43520773851.1219,0.8236,0.3718120277254059,0.3718120277254059,0.1893491124260355,0.3381738676413001,0.3441860465116279,0.8867924528301887,0.1005586592178771,4.28696056639323,2.6525568504558112,0.18382026081077535,0.11373878637666725
LVA,Latvia,2023,7.0,5.642857142857142,7,Europe & Central Asia,High income,1866124.0,43520773851.1219,0.8236,0.3718120277254059,0.3718120277254059,0.1893491124260355,0.3381738676413001,0.3441860465116279,0.8867924528301887,0.1005586592178771,3.751090495594076,3.0238382566523674,0.16084272820942844,0.12965893396474332
LVA,Latvia,2024,8.0,6.611111111111111,8,Europe & Central Asia,High income,1866124.0,43520773851.1219,0.8236,0.3718120277254059,0.3718120277254059,0.1893491124260355,0.3381738676413001,0.3441860465116279,0.8867924528301887,0.1005586592178771,4.28696056639323,3.542696579172183,0.18382026081077535,0.15190702108668241
LVA,Latvia,2025,6.0,5.0,6,Europe & Central Asia,High income,1866124.0,43520773851.1219,0.8236,0.3718120277254059,0.3718120277254059,0.1893491124260355,0.3381738676413001,0.3441860465116279,0.8867924528301887,0.1005586592178771,3.2152204247949223,2.679350353995769,0.13786519560808153,0.1148876630067346
MAC,"Macao SAR, China",2010,1.0,0.5,1,East Asia & Pacific,High income,687000.0,50183212761.3484,0.31097,0.4482880589792331,,0.6893491124260355,,0.241860465116279,0.0518867924528301,0.8100558659217877,1.455604075691412,0.727802037845706,0.01992698245039843,0.009963491225199215
MAC,"Macao SAR, China",2013,1.0,0.5,1,East Asia & Pacific,High income,687000.0,50183212761.3484,0.31097,0.4482880589792331,,0.6893491124260355,,0.241860465116279,0.0518867924528301,0.8100558659217877,1.455604075691412,0.727802037845706,0.01992698245039843,0.009963491225199215
MAC,"Macao SAR, China",2016,1.0,0.5,1,East Asia & Pacific,High income,687000.0,50183212761.3484,0.31097,0.4482880589792331,,0.6893491124260355,,0.241860465116279,0.0518867924528301,0.8100558659217877,1.455604075691412,0.727802037845706,0.01992698245039843,0.009963491225199215
MAC,"Macao SAR, China",2017,2.0,1.0,2,East Asia & Pacific,High income,687000.0,50183212761.3484,0.31097,0.4482880589792331,,0.6893491124260355,,0.241860465116279,0.0518867924528301,0.8100558659217877,2.911208151382824,1.455604075691412,0.03985396490079686,0.01992698245039843
MAC,"Macao SAR, China",2018,1.0,0.5,1,East Asia & Pacific,High income,687000.0,50183212761.3484,0.31097,0.4482880589792331,,0.6893491124260355,,0.241860465116279,0.0518867924528301,0.8100558659217877,1.455604075691412,0.727802037845706,0.01992698245039843,0.009963491225199215
MAC,"Macao SAR, China",2019,2.0,0.8333333333333333,2,East Asia & Pacific,High income,687000.0,50183212761.3484,0.31097,0.4482880589792331,,0.6893491124260355,,0.241860465116279,0.0518867924528301,0.8100558659217877,2.911208151382824,1.21300339640951,0.03985396490079686,0.016605818708665357
MAC,"Macao SAR, China",2020,5.0,2.4444444444444446,5,East Asia & Pacific,High income,687000.0,50183212761.3484,0.31097,0.4482880589792331,,0.6893491124260355,,0.241860465116279,0.0518867924528301,0.8100558659217877,7.278020378457059,3.558143296134563,0.09963491225199214,0.04871040154541839
MAC,"Macao SAR, China",2021,6.0,2.6666666666666665,6,East Asia & Pacific,High income,687000.0,50183212761.3484,0.31097,0.4482880589792331,,0.6893491124260355,,0.241860465116279,0.0518867924528301,0.8100558659217877,8.73362445414847,3.881610868510432,0.11956189470239059,0.053138619867729144
MAC,"Macao SAR, China",2022,16.0,6.916666666666667,16,East Asia & Pacific,High income,687000.0,50183212761.3484,0.31097,0.4482880589792331,,0.6893491124260355,,0.241860465116279,0.0518867924528301,0.8100558659217877,23.28966521106259,10.067928190198932,0.3188317192063749,0.13782829528192247
MAC,"Macao SAR, China",2023,21.0,11.7,21,East Asia & Pacific,High income,687000.0,50183212761.3484,0.31097,0.4482880589792331,,0.6893491124260355,,0.241860465116279,0.0518867924528301,0.8100558659217877,30.56768558951965,17.03056768558952,0.41846663145836704,0.23314569466966162
MAC,"Macao SAR, China",2024,29.0,14.666666666666666,29,East Asia & Pacific,High income,687000.0,50183212761.3484,0.31097,0.4482880589792331,,0.6893491124260355,,0.241860465116279,0.0518867924528301,0.8100558659217877,42.21251819505095,21.348859776807373,0.5778824910615545,0.2922624092725103
MAC,"Macao SAR, China",2025,56.0,26.023333333333333,56,East Asia & Pacific,High income,687000.0,50183212761.3484,0.31097,0.4482880589792331,,0.6893491124260355,,0.241860465116279,0.0518867924528301,0.8100558659217877,81.51382823871907,37.879670063076176,1.1159110172223121,0.5185665066342019
MAR,Morocco,2011,1.0,1.0,1,Middle East & North Africa,Lower middle income,38081173.0,154430996472.752,0.66036,0.622651431413011,0.622651431413011,0.5946745562130178,0.6433070095287822,0.916279069767442,0.2830188679245283,0.6759776536312849,0.02625969530928052,0.02625969530928052,0.00647538397627604,0.00647538397627604
MAR,Morocco,2012,1.0,0.3333333333333333,1,Middle East & North Africa,Lower middle income,38081173.0,154430996472.752,0.66036,0.622651431413011,0.622651431413011,0.5946745562130178,0.6433070095287822,0.916279069767442,0.2830188679245283,0.6759776536312849,0.02625969530928052,0.008753231769760172,0.00647538397627604,0.0021584613254253464
MAR,Morocco,2013,2.0,1.3333333333333333,2,Middle East & North Africa,Lower middle income,38081173.0,154430996472.752,0.66036,0.622651431413011,0.622651431413011,0.5946745562130178,0.6433070095287822,0.916279069767442,0.2830188679245283,0.6759776536312849,0.05251939061856104,0.03501292707904069,0.01295076795255208,0.008633845301701385
MAR,Morocco,2014,4.0,1.9166666666666665,4,Middle East & North Africa,Lower middle income,38081173.0,154430996472.752,0.66036,0.622651431413011,0.622651431413011,0.5946745562130178,0.6433070095287822,0.916279069767442,0.2830188679245283,0.6759776536312849,0.10503878123712208,0.05033108267612099,0.02590153590510416,0.01241115262119574
MAR,Morocco,2015,4.0,3.0,4,Middle East & North Africa,Lower middle income,38081173.0,154430996472.752,0.66036,0.622651431413011,0.622651431413011,0.5946745562130178,0.6433070095287822,0.916279069767442,0.2830188679245283,0.6759776536312849,0.10503878123712208,0.07877908592784155,0.02590153590510416,0.019426151928828118
MAR,Morocco,2016,3.0,2.5,3,Middle East & North Africa,Lower middle income,38081173.0,154430996472.752,0.66036,0.622651431413011,0.622651431413011,0.5946745562130178,0.6433070095287822,0.916279069767442,0.2830188679245283,0.6759776536312849,0.07877908592784155,0.06564923827320131,0.019426151928828118,0.0161884599406901
MAR,Morocco,2017,5.0,3.333333333333333,5,Middle East & North Africa,Lower middle income,38081173.0,154430996472.752,0.66036,0.622651431413011,0.622651431413011,0.5946745562130178,0.6433070095287822,0.916279069767442,0.2830188679245283,0.6759776536312849,0.13129847654640261,0.08753231769760172,0.0323769198813802,0.021584613254253465
MAR,Morocco,2018,7.0,4.166666666666666,7,Middle East & North Africa,Lower middle income,38081173.0,154430996472.752,0.66036,0.622651431413011,0.622651431413011,0.5946745562130178,0.6433070095287822,0.916279069767442,0.2830188679245283,0.6759776536312849,0.18381786716496365,0.10941539712200216,0.045327687833932276,0.026980766567816828
MAR,Morocco,2019,2.0,1.0384615384615385,2,Middle East & North Africa,Lower middle income,38081173.0,154430996472.752,0.66036,0.622651431413011,0.622651431413011,0.5946745562130178,0.6433070095287822,0.916279069767442,0.2830188679245283,0.6759776536312849,0.05251939061856104,0.0272696835904067,0.01295076795255208,0.006724437206132811
MAR,Morocco,2020,10.0,6.25,10,Middle East & North Africa,Lower middle income,38081173.0,154430996472.752,0.66036,0.622651431413011,0.622651431413011,0.5946745562130178,0.6433070095287822,0.916279069767442,0.2830188679245283,0.6759776536312849,0.26259695309280523,0.16412309568300326,0.0647538397627604,0.040471149851725244
MAR,Morocco,2021,23.0,13.2125,23,Middle East & North Africa,Lower middle income,38081173.0,154430996472.752,0.66036,0.622651431413011,0.622651431413011,0.5946745562130178,0.6433070095287822,0.916279069767442,0.2830188679245283,0.6759776536312849,0.6039729921134519,0.34695622427386885,0.14893383145434894,0.08555601078654718
MAR,Morocco,2022,42.0,26.25,42,Middle East & North Africa,Lower middle income,38081173.0,154430996472.752,0.66036,0.622651431413011,0.622651431413011,0.5946745562130178,0.6433070095287822,0.916279069767442,0.2830188679245283,0.6759776536312849,1.102907202989782,0.6893170018686136,0.2719661270035937,0.16997882937724604
MAR,Morocco,2023,53.0,36.31858974358974,53,Middle East & North Africa,Lower middle income,38081173.0,154430996472.752,0.66036,0.622651431413011,0.622651431413011,0.5946745562130178,0.6433070095287822,0.916279069767442,0.2830188679245283,0.6759776536312849,1.3917638513918675,0.9537151007294271,0.34319535074263013,0.2351768140665843
MAR,Morocco,2024,65.0,44.55,65,Middle East & North Africa,Lower middle income,38081173.0,154430996472.752,0.66036,0.622651431413011,0.622651431413011,0.5946745562130178,0.6433070095287822,0.916279069767442,0.2830188679245283,0.6759776536312849,1.7068801951032337,1.169869426028447,0.4208999584579426,0.2884783561430976
MAR,Morocco,2025,101.0,74.15238095238095,101,Middle East & North Africa,Lower middle income,38081173.0,154430996472.752,0.66036,0.622651431413011,0.622651431413011,0.5946745562130178,0.6433070095287822,0.916279069767442,0.2830188679245283,0.6759776536312849,2.6522292262373326,1.9472189302672203,0.65401378160388,0.4801651394217642
MCO,Monaco,2018,1.0,0.3333333333333333,1,Europe & Central Asia,High income,38631.0,59972103282.73,0.03821,,,,,0.3162790697674418,0.0094339622641509,,25.88594651963449,8.628648839878164,0.016674419359375164,0.005558139786458388
MCO,Monaco,2023,1.0,0.07692307692307693,1,Europe & Central Asia,High income,38631.0,59972103282.73,0.03821,,,,,0.3162790697674418,0.0094339622641509,,25.88594651963449,1.9912266553564995,0.016674419359375164,0.001282647643028859
MDA,Moldova,2021,1.0,0.5,1,Europe & Central Asia,Upper middle income,2402306.0,18200340853.6517,0.21589,0.2930467274596868,0.2930467274596868,0.1893491124260355,0.3125571074272288,0.1976744186046511,0.6650943396226415,0.1005586592178771,0.4162667037421544,0.2081333518710772,0.05494402594110544,0.02747201297055272
MDA,Moldova,2023,1.0,0.3333333333333333,1,Europe & Central Asia,Upper middle income,2402306.0,18200340853.6517,0.21589,0.2930467274596868,0.2930467274596868,0.1893491124260355,0.3125571074272288,0.1976744186046511,0.6650943396226415,0.1005586592178771,0.4162667037421544,0.13875556791405147,0.05494402594110544,0.01831467531370181
MDA,Moldova,2024,2.0,0.75,2,Europe & Central Asia,Upper middle income,2402306.0,18200340853.6517,0.21589,0.2930467274596868,0.2930467274596868,0.1893491124260355,0.3125571074272288,0.1976744186046511,0.6650943396226415,0.1005586592178771,0.8325334074843088,0.3122000278066158,0.10988805188221087,0.041208019455829074
MDA,Moldova,2025,3.0,1.6666666666666665,3,Europe & Central Asia,Upper middle income,2402306.0,18200340853.6517,0.21589,0.2930467274596868,0.2930467274596868,0.1893491124260355,0.3125571074272288,0.1976744186046511,0.6650943396226415,0.1005586592178771,1.2488001112264633,0.6937778395702573,0.1648320778233163,0.09157337656850906
MDG,Madagascar,2018,1.0,0.3333333333333333,1,Sub-Saharan Africa,Low income,31964956.0,17420814800.7045,0.01275,0.5667771866488281,0.5667771866488281,0.9822485207100592,0.5096266805900013,0.7465116279069768,0.2547169811320754,0.3407821229050279,0.031284260175424614,0.010428086725141537,0.05740259634466466,0.019134198781554885
MDG,Madagascar,2022,1.0,0.25,1,Sub-Saharan Africa,Low income,31964956.0,17420814800.7045,0.01275,0.5667771866488281,0.5667771866488281,0.9822485207100592,0.5096266805900013,0.7465116279069768,0.2547169811320754,0.3407821229050279,0.031284260175424614,0.007821065043856153,0.05740259634466466,0.014350649086166165
MDG,Madagascar,2023,3.0,0.39642857142857146,3,Sub-Saharan Africa,Low income,31964956.0,17420814800.7045,0.01275,0.5667771866488281,0.5667771866488281,0.9822485207100592,0.5096266805900013,0.7465116279069768,0.2547169811320754,0.3407821229050279,0.09385278052627384,0.01240197456954333,0.17220778903399397,0.02275602926520635
MDG,Madagascar,2024,1.0,0.5,1,Sub-Saharan Africa,Low income,31964956.0,17420814800.7045,0.01275,0.5667771866488281,0.5667771866488281,0.9822485207100592,0.5096266805900013,0.7465116279069768,0.2547169811320754,0.3407821229050279,0.031284260175424614,0.015642130087712307,0.05740259634466466,0.02870129817233233
MDG,Madagascar,2025,3.0,0.6742424242424243,3,Sub-Saharan Africa,Low income,31964956.0,17420814800.7045,0.01275,0.5667771866488281,0.5667771866488281,0.9822485207100592,0.5096266805900013,0.7465116279069768,0.2547169811320754,0.3407821229050279,0.09385278052627384,0.02109317542130902,0.17220778903399397,0.03870326571723602
MEX,Mexico,2010,14.0,9.590909090909092,14,Latin America & Caribbean,Upper middle income,130861007.0,1852722885258.11,0.25372,0.5910537052700799,0.5910537052700799,0.378698224852071,0.6547774441978854,0.8906976744186047,0.5283018867924528,0.5027932960893855,0.10698374038952643,0.07329080916295479,0.007556445764985305,0.0051766560273113615
MEX,Mexico,2011,8.0,6.166666666666667,8,Latin America & Caribbean,Upper middle income,130861007.0,1852722885258.11,0.25372,0.5910537052700799,0.5910537052700799,0.378698224852071,0.6547774441978854,0.8906976744186047,0.5283018867924528,0.5027932960893855,0.06113356593687225,0.04712379040967235,0.004317969008563031,0.0033284344441006698
MEX,Mexico,2012,18.0,12.583333333333334,18,Latin America & Caribbean,Upper middle income,130861007.0,1852722885258.11,0.25372,0.5910537052700799,0.5910537052700799,0.378698224852071,0.6547774441978854,0.8906976744186047,0.5283018867924528,0.5027932960893855,0.13755052335796253,0.09615800475487198,0.00971543026926682,0.006791805419718934
MEX,Mexico,2013,15.0,9.25,15,Latin America & Caribbean,Upper middle income,130861007.0,1852722885258.11,0.25372,0.5910537052700799,0.5910537052700799,0.378698224852071,0.6547774441978854,0.8906976744186047,0.5283018867924528,0.5027932960893855,0.11462543613163545,0.07068568561450853,0.008096191891055683,0.004992651666151005
MEX,Mexico,2014,14.0,9.333333333333334,14,Latin America & Caribbean,Upper middle income,130861007.0,1852722885258.11,0.25372,0.5910537052700799,0.5910537052700799,0.378698224852071,0.6547774441978854,0.8906976744186047,0.5283018867924528,0.5027932960893855,0.10698374038952643,0.07132249359301762,0.007556445764985305,0.005037630509990203
MEX,Mexico,2015,20.0,14.549242424242424,20,Latin America & Caribbean,Upper middle income,130861007.0,1852722885258.11,0.25372,0.5910537052700799,0.5910537052700799,0.378698224852071,0.6547774441978854,0.8906976744186047,0.5283018867924528,0.5027932960893855,0.1528339148421806,0.11118088388424541,0.010794922521407577,0.007852897235743657
MEX,Mexico,2016,26.0,17.50952380952381,26,Latin America & Caribbean,Upper middle income,130861007.0,1852722885258.11,0.25372,0.5910537052700799,0.5910537052700799,0.378698224852071,0.6547774441978854,0.8906976744186047,0.5283018867924528,0.5027932960893855,0.1986840892948348,0.13380245354159476,0.01403339927782985,0.009450697645527539
MEX,Mexico,2017,18.0,12.916666666666666,18,Latin America & Caribbean,Upper middle income,130861007.0,1852722885258.11,0.25372,0.5910537052700799,0.5910537052700799,0.378698224852071,0.6547774441978854,0.8906976744186047,0.5283018867924528,0.5027932960893855,0.13755052335796253,0.0987052366689083,0.00971543026926682,0.006971720795075727
MEX,Mexico,2018,34.0,22.60952380952381,34,Latin America & Caribbean,Upper middle income,130861007.0,1852722885258.11,0.25372,0.5910537052700799,0.5910537052700799,0.378698224852071,0.6547774441978854,0.8906976744186047,0.5283018867924528,0.5027932960893855,0.259817655231707,0.17277510182635084,0.01835136828639288,0.012203402888486472
MEX,Mexico,2019,35.0,24.333333333333332,35,Latin America & Caribbean,Upper middle income,130861007.0,1852722885258.11,0.25372,0.5910537052700799,0.5910537052700799,0.378698224852071,0.6547774441978854,0.8906976744186047,0.5283018867924528,0.5027932960893855,0.26745935097381607,0.18594792972465307,0.018891114412463262,0.013133822401045884
MEX,Mexico,2020,45.0,34.75,45,Latin America & Caribbean,Upper middle income,130861007.0,1852722885258.11,0.25372,0.5910537052700799,0.5910537052700799,0.378698224852071,0.6547774441978854,0.8906976744186047,0.5283018867924528,0.5027932960893855,0.3438763083949064,0.2655489270382888,0.02428857567316705,0.018756177880945666
MEX,Mexico,2021,61.0,46.70525210084033,61,Latin America & Caribbean,Upper middle income,130861007.0,1852722885258.11,0.25372,0.5910537052700799,0.5910537052700799,0.378698224852071,0.6547774441978854,0.8906976744186047,0.5283018867924528,0.5027932960893855,0.46614344026865084,0.3569073261131204,0.03292451369029311,0.025208978888568996
MEX,Mexico,2022,77.0,54.41025641025641,77,Latin America & Caribbean,Upper middle income,130861007.0,1852722885258.11,0.25372,0.5910537052700799,0.5910537052700799,0.378698224852071,0.6547774441978854,0.8906976744186047,0.5283018867924528,0.5027932960893855,0.5884105721423953,0.415786624737317,0.04156045170741917,0.0293677251159319
MEX,Mexico,2023,99.0,72.61620879120879,99,Latin America & Caribbean,Upper middle income,130861007.0,1852722885258.11,0.25372,0.5910537052700799,0.5910537052700799,0.378698224852071,0.6547774441978854,0.8906976744186047,0.5283018867924528,0.5027932960893855,0.756527878468794,0.5549109735278805,0.053434866480967506,0.039194317384972734
MEX,Mexico,2024,111.0,75.16230158730158,111,Latin America & Caribbean,Upper middle income,130861007.0,1852722885258.11,0.25372,0.5910537052700799,0.5910537052700799,0.378698224852071,0.6547774441978854,0.8906976744186047,0.5283018867924528,0.5027932960893855,0.8482282273741024,0.5743674400067973,0.05991181999381205,0.04056856110827952
MEX,Mexico,2025,150.0,101.44979275110855,150,Latin America & Caribbean,Upper middle income,130861007.0,1852722885258.11,0.25372,0.5910537052700799,0.5910537052700799,0.378698224852071,0.6547774441978854,0.8906976744186047,0.5283018867924528,0.5027932960893855,1.1462543613163545,0.7752484493039897,0.08096191891055683,0.054757132628053644
MKD,North Macedonia,2011,1.0,0.25,1,Europe & Central Asia,Upper middle income,1824359.0,16685236492.0675,0.37363,0.3827471468329116,0.3827471468329116,0.1893491124260355,0.3737436366009659,0.4,0.5707547169811321,0.3798882681564245,0.5481377294710087,0.13703443236775217,0.05993322303075658,0.014983305757689145
MKD,North Macedonia,2015,1.0,1.0,1,Europe & Central Asia,Upper middle income,1824359.0,16685236492.0675,0.37363,0.3827471468329116,0.3827471468329116,0.1893491124260355,0.3737436366009659,0.4,0.5707547169811321,0.3798882681564245,0.5481377294710087,0.5481377294710087,0.05993322303075658,0.05993322303075658
MKD,North Macedonia,2017,2.0,0.5,2,Europe & Central Asia,Upper middle income,1824359.0,16685236492.0675,0.37363,0.3827471468329116,0.3827471468329116,0.1893491124260355,0.3737436366009659,0.4,0.5707547169811321,0.3798882681564245,1.0962754589420174,0.27406886473550435,0.11986644606151316,0.02996661151537829
MKD,North Macedonia,2018,1.0,1.0,1,Europe & Central Asia,Upper middle income,1824359.0,16685236492.0675,0.37363,0.3827471468329116,0.3827471468329116,0.1893491124260355,0.3737436366009659,0.4,0.5707547169811321,0.3798882681564245,0.5481377294710087,0.5481377294710087,0.05993322303075658,0.05993322303075658
MKD,North Macedonia,2019,1.0,0.3333333333333333,1,Europe & Central Asia,Upper middle income,1824359.0,16685236492.0675,0.37363,0.3827471468329116,0.3827471468329116,0.1893491124260355,0.3737436366009659,0.4,0.5707547169811321,0.3798882681564245,0.5481377294710087,0.18271257649033623,0.05993322303075658,0.01997774101025219
MKD,North Macedonia,2020,4.0,2.1666666666666665,4,Europe & Central Asia,Upper middle income,1824359.0,16685236492.0675,0.37363,0.3827471468329116,0.3827471468329116,0.1893491124260355,0.3737436366009659,0.4,0.5707547169811321,0.3798882681564245,2.1925509178840348,1.1876317471871856,0.23973289212302631,0.12985531656663926
MKD,North Macedonia,2021,3.0,1.5,3,Europe & Central Asia,Upper middle income,1824359.0,16685236492.0675,0.37363,0.3827471468329116,0.3827471468329116,0.1893491124260355,0.3737436366009659,0.4,0.5707547169811321,0.3798882681564245,1.6444131884130262,0.8222065942065131,0.17979966909226974,0.08989983454613487
MKD,North Macedonia,2022,5.0,1.8333333333333333,5,Europe & Central Asia,Upper middle income,1824359.0,16685236492.0675,0.37363,0.3827471468329116,0.3827471468329116,0.1893491124260355,0.3737436366009659,0.4,0.5707547169811321,0.3798882681564245,2.7406886473550434,1.0049191706968494,0.29966611515378294,0.10987757555638707
MKD,North Macedonia,2023,2.0,1.0,2,Europe & Central Asia,Upper middle income,1824359.0,16685236492.0675,0.37363,0.3827471468329116,0.3827471468329116,0.1893491124260355,0.3737436366009659,0.4,0.5707547169811321,0.3798882681564245,1.0962754589420174,0.5481377294710087,0.11986644606151316,0.05993322303075658
MKD,North Macedonia,2024,9.0,4.1504329004329,9,Europe & Central Asia,Upper middle income,1824359.0,16685236492.0675,0.37363,0.3827471468329116,0.3827471468329116,0.1893491124260355,0.3737436366009659,0.4,0.5707547169811321,0.3798882681564245,4.933239565239078,2.275008866365063,0.5393990072768092,0.24874882069583493
MKD,North Macedonia,2025,6.0,2.165,6,Europe & Central Asia,Upper middle income,1824359.0,16685236492.0675,0.37363,0.3827471468329116,0.3827471468329116,0.1893491124260355,0.3737436366009659,0.4,0.5707547169811321,0.3798882681564245,3.2888263768260524,1.186718184304734,0.3595993381845395,0.129755427861588
MLI,Mali,2012,1.0,0.5,1,Sub-Saharan Africa,Low income,24478595.0,26588067731.1692,0.14743,0.527249374409668,0.527249374409668,0.7218934911242604,0.4782665448374885,0.7465116279069768,0.4716981132075472,0.217877094972067,0.04085201785478292,0.02042600892739146,0.037610856498146335,0.018805428249073167
MLI,Mali,2016,1.0,0.3333333333333333,1,Sub-Saharan Africa,Low income,24478595.0,26588067731.1692,0.14743,0.527249374409668,0.527249374409668,0.7218934911242604,0.4782665448374885,0.7465116279069768,0.4716981132075472,0.217877094972067,0.04085201785478292,0.01361733928492764,0.037610856498146335,0.012536952166048776
MLI,Mali,2017,1.0,0.07142857142857142,1,Sub-Saharan Africa,Low income,24478595.0,26588067731.1692,0.14743,0.527249374409668,0.527249374409668,0.7218934911242604,0.4782665448374885,0.7465116279069768,0.4716981132075472,0.217877094972067,0.04085201785478292,0.0029180012753416374,0.037610856498146335,0.002686489749867595
MLI,Mali,2018,1.0,0.5,1,Sub-Saharan Africa,Low income,24478595.0,26588067731.1692,0.14743,0.527249374409668,0.527249374409668,0.7218934911242604,0.4782665448374885,0.7465116279069768,0.4716981132075472,0.217877094972067,0.04085201785478292,0.02042600892739146,0.037610856498146335,0.018805428249073167
MLI,Mali,2020,1.0,0.5,1,Sub-Saharan Africa,Low income,24478595.0,26588067731.1692,0.14743,0.527249374409668,0.527249374409668,0.7218934911242604,0.4782665448374885,0.7465116279069768,0.4716981132075472,0.217877094972067,0.04085201785478292,0.02042600892739146,0.037610856498146335,0.018805428249073167
MLI,Mali,2021,1.0,0.3333333333333333,1,Sub-Saharan Africa,Low income,24478595.0,26588067731.1692,0.14743,0.527249374409668,0.527249374409668,0.7218934911242604,0.4782665448374885,0.7465116279069768,0.4716981132075472,0.217877094972067,0.04085201785478292,0.01361733928492764,0.037610856498146335,0.012536952166048776
MLI,Mali,2022,4.0,2.033333333333333,4,Sub-Saharan Africa,Low income,24478595.0,26588067731.1692,0.14743,0.527249374409668,0.527249374409668,0.7218934911242604,0.4782665448374885,0.7465116279069768,0.4716981132075472,0.217877094972067,0.1634080714191317,0.0830657696380586,0.15044342599258534,0.07647540821289754
MLI,Mali,2024,1.0,0.09090909090909091,1,Sub-Saharan Africa,Low income,24478595.0,26588067731.1692,0.14743,0.527249374409668,0.527249374409668,0.7218934911242604,0.4782665448374885,0.7465116279069768,0.4716981132075472,0.217877094972067,0.04085201785478292,0.0037138198049802658,0.037610856498146335,0.0034191687725587576
MLI,Mali,2025,2.0,0.54,2,Sub-Saharan Africa,Low income,24478595.0,26588067731.1692,0.14743,0.527249374409668,0.527249374409668,0.7218934911242604,0.4782665448374885,0.7465116279069768,0.4716981132075472,0.217877094972067,0.08170403570956584,0.022060089641582778,0.07522171299629267,0.02030986250899902
MLT,Malta,2015,1.0,0.5,1,Middle East & North Africa,High income,568847.0,24322006607.9295,0.64792,0.5063792987444369,0.5063792987444369,0.1893491124260355,0.4979278162119828,0.7465116279069768,0.240566037735849,0.8575418994413407,1.7579419422094167,0.8789709711047083,0.0411150287112404,0.0205575143556202
MLT,Malta,2018,1.0,0.5,1,Middle East & North Africa,High income,568847.0,24322006607.9295,0.64792,0.5063792987444369,0.5063792987444369,0.1893491124260355,0.4979278162119828,0.7465116279069768,0.240566037735849,0.8575418994413407,1.7579419422094167,0.8789709711047083,0.0411150287112404,0.0205575143556202
MLT,Malta,2019,4.0,1.5,4,Middle East & North Africa,High income,568847.0,24322006607.9295,0.64792,0.5063792987444369,0.5063792987444369,0.1893491124260355,0.4979278162119828,0.7465116279069768,0.240566037735849,0.8575418994413407,7.031767768837667,2.636912913314125,0.1644601148449616,0.06167254306686059
MLT,Malta,2020,2.0,2.0,2,Middle East & North Africa,High income,568847.0,24322006607.9295,0.64792,0.5063792987444369,0.5063792987444369,0.1893491124260355,0.4979278162119828,0.7465116279069768,0.240566037735849,0.8575418994413407,3.5158838844188334,3.5158838844188334,0.0822300574224808,0.0822300574224808
MLT,Malta,2021,1.0,1.0,1,Middle East & North Africa,High income,568847.0,24322006607.9295,0.64792,0.5063792987444369,0.5063792987444369,0.1893491124260355,0.4979278162119828,0.7465116279069768,0.240566037735849,0.8575418994413407,1.7579419422094167,1.7579419422094167,0.0411150287112404,0.0411150287112404
MLT,Malta,2022,5.0,2.6666666666666665,5,Middle East & North Africa,High income,568847.0,24322006607.9295,0.64792,0.5063792987444369,0.5063792987444369,0.1893491124260355,0.4979278162119828,0.7465116279069768,0.240566037735849,0.8575418994413407,8.789709711047083,4.687845179225111,0.205575143556202,0.10964007656330771
MLT,Malta,2023,3.0,1.5833333333333333,3,Middle East & North Africa,High income,568847.0,24322006607.9295,0.64792,0.5063792987444369,0.5063792987444369,0.1893491124260355,0.4979278162119828,0.7465116279069768,0.240566037735849,0.8575418994413407,5.27382582662825,2.7834080751649095,0.12334508613372118,0.06509879545946395
MLT,Malta,2024,2.0,0.47619047619047616,2,Middle East & North Africa,High income,568847.0,24322006607.9295,0.64792,0.5063792987444369,0.5063792987444369,0.1893491124260355,0.4979278162119828,0.7465116279069768,0.240566037735849,0.8575418994413407,3.5158838844188334,0.8371152105759126,0.0822300574224808,0.01957858510059066
MLT,Malta,2025,6.0,3.4166666666666665,6,Middle East & North Africa,High income,568847.0,24322006607.9295,0.64792,0.5063792987444369,0.5063792987444369,0.1893491124260355,0.4979278162119828,0.7465116279069768,0.240566037735849,0.8575418994413407,10.5476516532565,6.006301635882173,0.24669017226744236,0.140476348096738
MMR,Myanmar,2018,1.0,1.0,1,East Asia & Pacific,Lower middle income,54500091.0,74079772652.4286,0.02307,0.426174592552662,0.426174592552662,0.5177514792899408,0.4456255710742723,0.2697674418604651,0.7971698113207547,0.1005586592178771,0.018348593216110407,0.018348593216110407,0.013498961513986454,0.013498961513986454
MMR,Myanmar,2019,1.0,1.0,1,East Asia & Pacific,Lower middle income,54500091.0,74079772652.4286,0.02307,0.426174592552662,0.426174592552662,0.5177514792899408,0.4456255710742723,0.2697674418604651,0.7971698113207547,0.1005586592178771,0.018348593216110407,0.018348593216110407,0.013498961513986454,0.013498961513986454
MMR,Myanmar,2021,1.0,0.5,1,East Asia & Pacific,Lower middle income,54500091.0,74079772652.4286,0.02307,0.426174592552662,0.426174592552662,0.5177514792899408,0.4456255710742723,0.2697674418604651,0.7971698113207547,0.1005586592178771,0.018348593216110407,0.009174296608055204,0.013498961513986454,0.006749480756993227
MMR,Myanmar,2023,1.0,0.3333333333333333,1,East Asia & Pacific,Lower middle income,54500091.0,74079772652.4286,0.02307,0.426174592552662,0.426174592552662,0.5177514792899408,0.4456255710742723,0.2697674418604651,0.7971698113207547,0.1005586592178771,0.018348593216110407,0.00611619773870347,0.013498961513986454,0.004499653837995484
MMR,Myanmar,2024,1.0,0.3333333333333333,1,East Asia & Pacific,Lower middle income,54500091.0,74079772652.4286,0.02307,0.426174592552662,0.426174592552662,0.5177514792899408,0.4456255710742723,0.2697674418604651,0.7971698113207547,0.1005586592178771,0.018348593216110407,0.00611619773870347,0.013498961513986454,0.004499653837995484
MMR,Myanmar,2025,2.0,1.1428571428571428,2,East Asia & Pacific,Lower middle income,54500091.0,74079772652.4286,0.02307,0.426174592552662,0.426174592552662,0.5177514792899408,0.4456255710742723,0.2697674418604651,0.7971698113207547,0.1005586592178771,0.036697186432220814,0.020969820818411897,0.02699792302797291,0.015427384587413091
MNE,Montenegro,2018,1.0,0.5,1,Europe & Central Asia,Upper middle income,623525.0,8069536125.80285,0.36328,0.4647914644597902,0.4647914644597902,0.1893491124260355,0.4704836183265892,0.4,0.4764150943396226,0.7877094972067039,1.6037849324405598,0.8018924662202799,0.12392286054739095,0.061961430273695474
MNE,Montenegro,2020,1.0,0.5,1,Europe & Central Asia,Upper middle income,623525.0,8069536125.80285,0.36328,0.4647914644597902,0.4647914644597902,0.1893491124260355,0.4704836183265892,0.4,0.4764150943396226,0.7877094972067039,1.6037849324405598,0.8018924662202799,0.12392286054739095,0.061961430273695474
MNE,Montenegro,2021,1.0,1.0,1,Europe & Central Asia,Upper middle income,623525.0,8069536125.80285,0.36328,0.4647914644597902,0.4647914644597902,0.1893491124260355,0.4704836183265892,0.4,0.4764150943396226,0.7877094972067039,1.6037849324405598,1.6037849324405598,0.12392286054739095,0.12392286054739095
MNE,Montenegro,2022,1.0,0.14285714285714285,1,Europe & Central Asia,Upper middle income,623525.0,8069536125.80285,0.36328,0.4647914644597902,0.4647914644597902,0.1893491124260355,0.4704836183265892,0.4,0.4764150943396226,0.7877094972067039,1.6037849324405598,0.22911213320579424,0.12392286054739095,0.01770326579248442
MNE,Montenegro,2024,1.0,0.5,1,Europe & Central Asia,Upper middle income,623525.0,8069536125.80285,0.36328,0.4647914644597902,0.4647914644597902,0.1893491124260355,0.4704836183265892,0.4,0.4764150943396226,0.7877094972067039,1.6037849324405598,0.8018924662202799,0.12392286054739095,0.061961430273695474
MNE,Montenegro,2025,3.0,1.5,3,Europe & Central Asia,Upper middle income,623525.0,8069536125.80285,0.36328,0.4647914644597902,0.4647914644597902,0.1893491124260355,0.4704836183265892,0.4,0.4764150943396226,0.7877094972067039,4.811354797321679,2.4056773986608393,0.37176858164217286,0.18588429082108643
MNG,Mongolia,2020,1.0,0.5,1,East Asia & Pacific,Upper middle income,3524788.0,23586055802.4517,0.08365,0.3999923898106434,0.3999923898106434,0.1893491124260355,0.4225949614932776,0.0046511627906976,0.981132075471698,0.4022346368715084,0.2837050058046044,0.1418525029023022,0.04239793242141202,0.02119896621070601
MNG,Mongolia,2022,5.0,1.6666666666666665,5,East Asia & Pacific,Upper middle income,3524788.0,23586055802.4517,0.08365,0.3999923898106434,0.3999923898106434,0.1893491124260355,0.4225949614932776,0.0046511627906976,0.981132075471698,0.4022346368715084,1.418525029023022,0.4728416763410073,0.2119896621070601,0.07066322070235335
MNG,Mongolia,2023,1.0,0.5,1,East Asia & Pacific,Upper middle income,3524788.0,23586055802.4517,0.08365,0.3999923898106434,0.3999923898106434,0.1893491124260355,0.4225949614932776,0.0046511627906976,0.981132075471698,0.4022346368715084,0.2837050058046044,0.1418525029023022,0.04239793242141202,0.02119896621070601
MNG,Mongolia,2024,2.0,0.6666666666666666,2,East Asia & Pacific,Upper middle income,3524788.0,23586055802.4517,0.08365,0.3999923898106434,0.3999923898106434,0.1893491124260355,0.4225949614932776,0.0046511627906976,0.981132075471698,0.4022346368715084,0.5674100116092088,0.18913667053640293,0.08479586484282405,0.028265288280941346
MNG,Mongolia,2025,3.0,1.0833333333333333,3,East Asia & Pacific,Upper middle income,3524788.0,23586055802.4517,0.08365,0.3999923898106434,0.3999923898106434,0.1893491124260355,0.4225949614932776,0.0046511627906976,0.981132075471698,0.4022346368715084,0.8511150174138132,0.3073470896216548,0.12719379726423607,0.04593109345652969
MOZ,Mozambique,2017,2.0,0.5833333333333333,2,Sub-Saharan Africa,Low income,34631766.0,22416650343.4786,0.30814,0.6704072260615516,0.6704072260615516,0.8668639053254438,0.5337749641039029,0.7465116279069768,0.6462264150943396,0.5586592178770949,0.057750447955787175,0.01684388065377126,0.08921939582208077,0.02602232378144022
MOZ,Mozambique,2018,2.0,0.43333333333333335,2,Sub-Saharan Africa,Low income,34631766.0,22416650343.4786,0.30814,0.6704072260615516,0.6704072260615516,0.8668639053254438,0.5337749641039029,0.7465116279069768,0.6462264150943396,0.5586592178770949,0.057750447955787175,0.012512597057087222,0.08921939582208077,0.019330869094784167
MOZ,Mozambique,2020,2.0,0.6666666666666666,2,Sub-Saharan Africa,Low income,34631766.0,22416650343.4786,0.30814,0.6704072260615516,0.6704072260615516,0.8668639053254438,0.5337749641039029,0.7465116279069768,0.6462264150943396,0.5586592178770949,0.057750447955787175,0.019250149318595724,0.08921939582208077,0.029739798607360254
MOZ,Mozambique,2021,2.0,0.8333333333333333,2,Sub-Saharan Africa,Low income,34631766.0,22416650343.4786,0.30814,0.6704072260615516,0.6704072260615516,0.8668639053254438,0.5337749641039029,0.7465116279069768,0.6462264150943396,0.5586592178770949,0.057750447955787175,0.024062686648244656,0.08921939582208077,0.037174748259200315
MOZ,Mozambique,2022,1.0,0.5,1,Sub-Saharan Africa,Low income,34631766.0,22416650343.4786,0.30814,0.6704072260615516,0.6704072260615516,0.8668639053254438,0.5337749641039029,0.7465116279069768,0.6462264150943396,0.5586592178770949,0.028875223977893587,0.014437611988946794,0.044609697911040386,0.022304848955520193
MOZ,Mozambique,2023,4.0,1.75,4,Sub-Saharan Africa,Low income,34631766.0,22416650343.4786,0.30814,0.6704072260615516,0.6704072260615516,0.8668639053254438,0.5337749641039029,0.7465116279069768,0.6462264150943396,0.5586592178770949,0.11550089591157435,0.05053164196131379,0.17843879164416154,0.07806697134432067
MOZ,Mozambique,2024,1.0,0.3333333333333333,1,Sub-Saharan Africa,Low income,34631766.0,22416650343.4786,0.30814,0.6704072260615516,0.6704072260615516,0.8668639053254438,0.5337749641039029,0.7465116279069768,0.6462264150943396,0.5586592178770949,0.028875223977893587,0.009625074659297862,0.044609697911040386,0.014869899303680127
MOZ,Mozambique,2025,5.0,2.090909090909091,5,Sub-Saharan Africa,Low income,34631766.0,22416650343.4786,0.30814,0.6704072260615516,0.6704072260615516,0.8668639053254438,0.5337749641039029,0.7465116279069768,0.6462264150943396,0.5586592178770949,0.14437611988946794,0.06037546831741387,0.22304848955520193,0.09327482290490262
MRT,Mauritania,2015,1.0,0.3333333333333333,1,Sub-Saharan Africa,Lower middle income,5169395.0,10766731873.5407,0.01019,0.5997787891497202,0.5997787891497202,0.6331360946745562,0.5234793107949354,0.5720930232558139,0.6556603773584906,0.6145251396648045,0.19344623500428967,0.06448207833476323,0.09287869445857616,0.03095956481952538
MRT,Mauritania,2024,1.0,1.0,1,Sub-Saharan Africa,Lower middle income,5169395.0,10766731873.5407,0.01019,0.5997787891497202,0.5997787891497202,0.6331360946745562,0.5234793107949354,0.5720930232558139,0.6556603773584906,0.6145251396648045,0.19344623500428967,0.19344623500428967,0.09287869445857616,0.09287869445857616
MRT,Mauritania,2025,2.0,0.75,2,Sub-Saharan Africa,Lower middle income,5169395.0,10766731873.5407,0.01019,0.5997787891497202,0.5997787891497202,0.6331360946745562,0.5234793107949354,0.5720930232558139,0.6556603773584906,0.6145251396648045,0.38689247000857935,0.14508467625321728,0.18575738891715232,0.06965902084393212
MUS,Mauritius,2019,1.0,0.3333333333333333,1,Sub-Saharan Africa,Upper middle income,1245779.0,14952555414.8553,0.26181,0.573480325253329,0.573480325253329,0.6331360946745562,0.3901416264195275,0.627906976744186,0.3726415094339622,0.8435754189944135,0.8027105931308843,0.2675701977102948,0.0668782005654033,0.0222927335218011
MUS,Mauritius,2023,2.0,2.0,2,Sub-Saharan Africa,Upper middle income,1245779.0,14952555414.8553,0.26181,0.573480325253329,0.573480325253329,0.6331360946745562,0.3901416264195275,0.627906976744186,0.3726415094339622,0.8435754189944135,1.6054211862617687,1.6054211862617687,0.1337564011308066,0.1337564011308066
MUS,Mauritius,2024,1.0,0.14285714285714285,1,Sub-Saharan Africa,Upper middle income,1245779.0,14952555414.8553,0.26181,0.573480325253329,0.573480325253329,0.6331360946745562,0.3901416264195275,0.627906976744186,0.3726415094339622,0.8435754189944135,0.8027105931308843,0.11467294187584061,0.0668782005654033,0.009554028652200472
MUS,Mauritius,2025,3.0,1.5357142857142856,3,Sub-Saharan Africa,Upper middle income,1245779.0,14952555414.8553,0.26181,0.573480325253329,0.573480325253329,0.6331360946745562,0.3901416264195275,0.627906976744186,0.3726415094339622,0.8435754189944135,2.408131779392653,1.2327341251652868,0.2006346016962099,0.10270580801115506
MWI,Malawi,2011,1.0,1.0,1,Sub-Saharan Africa,Low income,21655286.0,11008925322.5134,0.17752,0.4987796230723164,0.4987796230723164,0.8579881656804734,0.5008402950006526,0.7465116279069768,0.1650943396226415,0.2234636871508379,0.04617810173460651,0.04617810173460651,0.09083538771536462,0.09083538771536462
MWI,Malawi,2015,1.0,0.3333333333333333,1,Sub-Saharan Africa,Low income,21655286.0,11008925322.5134,0.17752,0.4987796230723164,0.4987796230723164,0.8579881656804734,0.5008402950006526,0.7465116279069768,0.1650943396226415,0.2234636871508379,0.04617810173460651,0.015392700578202167,0.09083538771536462,0.0302784625717882
MWI,Malawi,2018,1.0,0.16666666666666666,1,Sub-Saharan Africa,Low income,21655286.0,11008925322.5134,0.17752,0.4987796230723164,0.4987796230723164,0.8579881656804734,0.5008402950006526,0.7465116279069768,0.1650943396226415,0.2234636871508379,0.04617810173460651,0.007696350289101084,0.09083538771536462,0.0151392312858941
MWI,Malawi,2020,2.0,1.1428571428571428,2,Sub-Saharan Africa,Low income,21655286.0,11008925322.5134,0.17752,0.4987796230723164,0.4987796230723164,0.8579881656804734,0.5008402950006526,0.7465116279069768,0.1650943396226415,0.2234636871508379,0.09235620346921301,0.05277497341097886,0.18167077543072924,0.1038118716747024
MWI,Malawi,2021,2.0,0.5333333333333333,2,Sub-Saharan Africa,Low income,21655286.0,11008925322.5134,0.17752,0.4987796230723164,0.4987796230723164,0.8579881656804734,0.5008402950006526,0.7465116279069768,0.1650943396226415,0.2234636871508379,0.09235620346921301,0.02462832092512347,0.18167077543072924,0.04844554011486112
MWI,Malawi,2022,4.0,0.8409090909090908,4,Sub-Saharan Africa,Low income,21655286.0,11008925322.5134,0.17752,0.4987796230723164,0.4987796230723164,0.8579881656804734,0.5008402950006526,0.7465116279069768,0.1650943396226415,0.2234636871508379,0.18471240693842603,0.03883158554955547,0.3633415508614585,0.07638430330610206
MWI,Malawi,2023,3.0,1.3333333333333333,3,Sub-Saharan Africa,Low income,21655286.0,11008925322.5134,0.17752,0.4987796230723164,0.4987796230723164,0.8579881656804734,0.5008402950006526,0.7465116279069768,0.1650943396226415,0.2234636871508379,0.1385343052038195,0.06157080231280867,0.2725061631460938,0.1211138502871528
MWI,Malawi,2024,4.0,1.3666666666666667,4,Sub-Saharan Africa,Low income,21655286.0,11008925322.5134,0.17752,0.4987796230723164,0.4987796230723164,0.8579881656804734,0.5008402950006526,0.7465116279069768,0.1650943396226415,0.2234636871508379,0.18471240693842603,0.06311007237062889,0.3633415508614585,0.12414169654433163
MWI,Malawi,2025,4.0,2.0,4,Sub-Saharan Africa,Low income,21655286.0,11008925322.5134,0.17752,0.4987796230723164,0.4987796230723164,0.8579881656804734,0.5008402950006526,0.7465116279069768,0.1650943396226415,0.2234636871508379,0.18471240693842603,0.09235620346921301,0.3633415508614585,0.18167077543072924
MYS,Malaysia,2010,17.0,15.5,17,East Asia & Pacific,Upper middle income,35557673.0,421972102253.57,1.0121,0.5049635609974047,0.5049635609974047,0.1893491124260355,0.5022190314580341,0.3162790697674418,0.8018867924528302,0.7150837988826816,0.4780965278577144,0.43591154010556316,0.04028702350039344,0.03673228613271167
MYS,Malaysia,2011,20.0,17.833333333333332,20,East Asia & Pacific,Upper middle income,35557673.0,421972102253.57,1.0121,0.5049635609974047,0.5049635609974047,0.1893491124260355,0.5022190314580341,0.3162790697674418,0.8018867924528302,0.7150837988826816,0.562466503362017,0.5015326321644651,0.04739649823575699,0.04226187759354998
MYS,Malaysia,2012,12.0,10.0,12,East Asia & Pacific,Upper middle income,35557673.0,421972102253.57,1.0121,0.5049635609974047,0.5049635609974047,0.1893491124260355,0.5022190314580341,0.3162790697674418,0.8018867924528302,0.7150837988826816,0.3374799020172102,0.2812332516810085,0.028437898941454196,0.023698249117878496
MYS,Malaysia,2013,17.0,12.833333333333334,17,East Asia & Pacific,Upper middle income,35557673.0,421972102253.57,1.0121,0.5049635609974047,0.5049635609974047,0.1893491124260355,0.5022190314580341,0.3162790697674418,0.8018867924528302,0.7150837988826816,0.4780965278577144,0.3609160063239609,0.04028702350039344,0.03041275303461074
MYS,Malaysia,2014,20.0,15.2,20,East Asia & Pacific,Upper middle income,35557673.0,421972102253.57,1.0121,0.5049635609974047,0.5049635609974047,0.1893491124260355,0.5022190314580341,0.3162790697674418,0.8018867924528302,0.7150837988826816,0.562466503362017,0.42747454255513284,0.04739649823575699,0.03602133865917531
MYS,Malaysia,2015,17.0,13.0,17,East Asia & Pacific,Upper middle income,35557673.0,421972102253.57,1.0121,0.5049635609974047,0.5049635609974047,0.1893491124260355,0.5022190314580341,0.3162790697674418,0.8018867924528302,0.7150837988826816,0.4780965278577144,0.365603227185311,0.04028702350039344,0.03080772385324205
MYS,Malaysia,2016,21.0,15.904761904761905,21,East Asia & Pacific,Upper middle income,35557673.0,421972102253.57,1.0121,0.5049635609974047,0.5049635609974047,0.1893491124260355,0.5022190314580341,0.3162790697674418,0.8018867924528302,0.7150837988826816,0.5905898285301179,0.44729479076884204,0.049766323147544846,0.03769150097795913
MYS,Malaysia,2017,31.0,20.75,31,East Asia & Pacific,Upper middle income,35557673.0,421972102253.57,1.0121,0.5049635609974047,0.5049635609974047,0.1893491124260355,0.5022190314580341,0.3162790697674418,0.8018867924528302,0.7150837988826816,0.8718230802111263,0.5835589972380927,0.07346457226542334,0.04917386691959788
MYS,Malaysia,2018,33.0,24.5,33,East Asia & Pacific,Upper middle income,35557673.0,421972102253.57,1.0121,0.5049635609974047,0.5049635609974047,0.1893491124260355,0.5022190314580341,0.3162790697674418,0.8018867924528302,0.7150837988826816,0.928069730547328,0.6890214666184707,0.07820422208899905,0.058060710338802314
MYS,Malaysia,2019,48.0,33.90952380952381,48,East Asia & Pacific,Upper middle income,35557673.0,421972102253.57,1.0121,0.5049635609974047,0.5049635609974047,0.1893491124260355,0.5022190314580341,0.3162790697674418,0.8018867924528302,0.7150837988826816,1.3499196080688407,0.953648564390696,0.11375159576581678,0.08035963427067276
MYS,Malaysia,2020,55.0,40.2,55,East Asia & Pacific,Upper middle income,35557673.0,421972102253.57,1.0121,0.5049635609974047,0.5049635609974047,0.1893491124260355,0.5022190314580341,0.3162790697674418,0.8018867924528302,0.7150837988826816,1.5467828842455467,1.1305576717576542,0.13034037014833175,0.09526696145387156
MYS,Malaysia,2021,100.0,66.59166666666667,100,East Asia & Pacific,Upper middle income,35557673.0,421972102253.57,1.0121,0.5049635609974047,0.5049635609974047,0.1893491124260355,0.5022190314580341,0.3162790697674418,0.8018867924528302,0.7150837988826816,2.812332516810085,1.872779095152449,0.23698249117878498,0.1578105905841392
MYS,Malaysia,2022,139.0,81.80098039215686,139,East Asia & Pacific,Upper middle income,35557673.0,421972102253.57,1.0121,0.5049635609974047,0.5049635609974047,0.1893491124260355,0.5022190314580341,0.3162790697674418,0.8018867924528302,0.7150837988826816,3.9091421983660175,2.3005155706380687,0.3294056627385111,0.19385400114200274
MYS,Malaysia,2023,128.0,78.68095238095238,128,East Asia & Pacific,Upper middle income,35557673.0,421972102253.57,1.0121,0.5049635609974047,0.5049635609974047,0.1893491124260355,0.5022190314580341,0.3162790697674418,0.8018867924528302,0.7150837988826816,3.599785621516909,2.212770008345382,0.30333758870884475,0.18646008103557446
MYS,Malaysia,2024,184.0,110.49372294372294,184,East Asia & Pacific,Upper middle income,35557673.0,421972102253.57,1.0121,0.5049635609974047,0.5049635609974047,0.1893491124260355,0.5022190314580341,0.3162790697674418,0.8018867924528302,0.7150837988826816,5.1746918309305565,3.1074508993803653,0.43604778376896436,0.2618507772282193
MYS,Malaysia,2025,297.0,168.27968253968254,297,East Asia & Pacific,Upper middle income,35557673.0,421972102253.57,1.0121,0.5049635609974047,0.5049635609974047,0.1893491124260355,0.5022190314580341,0.3162790697674418,0.8018867924528302,0.7150837988826816,8.352627574925952,4.732584231248275,0.7038379988009914,0.3987933838302905
NAM,Namibia,2019,1.0,1.0,1,Sub-Saharan Africa,Lower middle income,3030131.0,13372354268.5446,0.64636,0.7188257651156971,0.7188257651156971,0.8165680473372781,0.5323880694426315,0.627906976744186,0.9245283018867924,0.6927374301675978,0.33001873516359526,0.33001873516359526,0.07478114772596707,0.07478114772596707
NAM,Namibia,2021,1.0,0.5,1,Sub-Saharan Africa,Lower middle income,3030131.0,13372354268.5446,0.64636,0.7188257651156971,0.7188257651156971,0.8165680473372781,0.5323880694426315,0.627906976744186,0.9245283018867924,0.6927374301675978,0.33001873516359526,0.16500936758179763,0.07478114772596707,0.037390573862983535
NAM,Namibia,2024,4.0,1.8333333333333333,4,Sub-Saharan Africa,Lower middle income,3030131.0,13372354268.5446,0.64636,0.7188257651156971,0.7188257651156971,0.8165680473372781,0.5323880694426315,0.627906976744186,0.9245283018867924,0.6927374301675978,1.320074940654381,0.6050343477999246,0.2991245909038683,0.13709877083093963
NAM,Namibia,2025,3.0,1.5833333333333333,3,Sub-Saharan Africa,Lower middle income,3030131.0,13372354268.5446,0.64636,0.7188257651156971,0.7188257651156971,0.8165680473372781,0.5323880694426315,0.627906976744186,0.9245283018867924,0.6927374301675978,0.9900562054907857,0.5225296640090258,0.2243434431779012,0.11840348389944784
NCL,New Caledonia,2023,1.0,0.5,1,East Asia & Pacific,High income,292639.0,125103143338.09,,0.5313653908778925,,0.4733727810650887,,0.4302325581395348,0.4481132075471698,0.7737430167597765,3.4171795283608812,1.7085897641804406,0.007993404268808098,0.003996702134404049
NCL,New Caledonia,2024,1.0,0.25,1,East Asia & Pacific,High income,292639.0,125103143338.09,,0.5313653908778925,,0.4733727810650887,,0.4302325581395348,0.4481132075471698,0.7737430167597765,3.4171795283608812,0.8542948820902203,0.007993404268808098,0.0019983510672020245
NCL,New Caledonia,2025,1.0,0.3333333333333333,1,East Asia & Pacific,High income,292639.0,125103143338.09,,0.5313653908778925,,0.4733727810650887,,0.4302325581395348,0.4481132075471698,0.7737430167597765,3.4171795283608812,1.1390598427869603,0.007993404268808098,0.002664468089602699
NER,Niger,2017,1.0,0.07142857142857142,1,Sub-Saharan Africa,Low income,27032412.0,19537639288.0633,,0.539574649349694,0.539574649349694,0.7307692307692307,0.5356024017752252,0.7465116279069768,0.4056603773584906,0.2793296089385474,0.03699262944053975,0.0026423306743242675,0.05118325634207809,0.0036559468815770065
NER,Niger,2018,1.0,0.25,1,Sub-Saharan Africa,Low income,27032412.0,19537639288.0633,,0.539574649349694,0.539574649349694,0.7307692307692307,0.5356024017752252,0.7465116279069768,0.4056603773584906,0.2793296089385474,0.03699262944053975,0.009248157360134937,0.05118325634207809,0.012795814085519523
NER,Niger,2021,1.0,0.3333333333333333,1,Sub-Saharan Africa,Low income,27032412.0,19537639288.0633,,0.539574649349694,0.539574649349694,0.7307692307692307,0.5356024017752252,0.7465116279069768,0.4056603773584906,0.2793296089385474,0.03699262944053975,0.012330876480179916,0.05118325634207809,0.017061085447359365
NER,Niger,2022,2.0,0.5833333333333333,2,Sub-Saharan Africa,Low income,27032412.0,19537639288.0633,,0.539574649349694,0.539574649349694,0.7307692307692307,0.5356024017752252,0.7465116279069768,0.4056603773584906,0.2793296089385474,0.0739852588810795,0.021579033840314853,0.10236651268415618,0.029856899532878883
NER,Niger,2023,2.0,0.5833333333333333,2,Sub-Saharan Africa,Low income,27032412.0,19537639288.0633,,0.539574649349694,0.539574649349694,0.7307692307692307,0.5356024017752252,0.7465116279069768,0.4056603773584906,0.2793296089385474,0.0739852588810795,0.021579033840314853,0.10236651268415618,0.029856899532878883
NER,Niger,2024,3.0,1.3333333333333333,3,Sub-Saharan Africa,Low income,27032412.0,19537639288.0633,,0.539574649349694,0.539574649349694,0.7307692307692307,0.5356024017752252,0.7465116279069768,0.4056603773584906,0.2793296089385474,0.11097788832161926,0.049323505920719664,0.15354976902623427,0.06824434178943746
NER,Niger,2025,2.0,2.0,2,Sub-Saharan Africa,Low income,27032412.0,19537639288.0633,,0.539574649349694,0.539574649349694,0.7307692307692307,0.5356024017752252,0.7465116279069768,0.4056603773584906,0.2793296089385474,0.0739852588810795,0.0739852588810795,0.10236651268415618,0.10236651268415618
NGA,Nigeria,2010,6.0,5.5,6,Sub-Saharan Africa,Lower middle income,232679478.0,187759703099.801,0.28444,0.5618105112644027,0.5618105112644027,0.8402366863905325,0.5548557629552278,0.916279069767442,0.1792452830188679,0.3184357541899441,0.02578654573051776,0.023637666919641274,0.0319557386432955,0.02929276042302087
NGA,Nigeria,2011,4.0,4.0,4,Sub-Saharan Africa,Lower middle income,232679478.0,187759703099.801,0.28444,0.5618105112644027,0.5618105112644027,0.8402366863905325,0.5548557629552278,0.916279069767442,0.1792452830188679,0.3184357541899441,0.017191030487011837,0.017191030487011837,0.021303825762197,0.021303825762197
NGA,Nigeria,2012,1.0,1.0,1,Sub-Saharan Africa,Lower middle income,232679478.0,187759703099.801,0.28444,0.5618105112644027,0.5618105112644027,0.8402366863905325,0.5548557629552278,0.916279069767442,0.1792452830188679,0.3184357541899441,0.004297757621752959,0.004297757621752959,0.00532595644054925,0.00532595644054925
NGA,Nigeria,2013,3.0,2.5,3,Sub-Saharan Africa,Lower middle income,232679478.0,187759703099.801,0.28444,0.5618105112644027,0.5618105112644027,0.8402366863905325,0.5548557629552278,0.916279069767442,0.1792452830188679,0.3184357541899441,0.01289327286525888,0.010744394054382399,0.01597786932164775,0.013314891101373124
NGA,Nigeria,2014,3.0,3.0,3,Sub-Saharan Africa,Lower middle income,232679478.0,187759703099.801,0.28444,0.5618105112644027,0.5618105112644027,0.8402366863905325,0.5548557629552278,0.916279069767442,0.1792452830188679,0.3184357541899441,0.01289327286525888,0.01289327286525888,0.01597786932164775,0.01597786932164775
NGA,Nigeria,2015,8.0,7.0,8,Sub-Saharan Africa,Lower middle income,232679478.0,187759703099.801,0.28444,0.5618105112644027,0.5618105112644027,0.8402366863905325,0.5548557629552278,0.916279069767442,0.1792452830188679,0.3184357541899441,0.03438206097402367,0.030084303352270712,0.042607651524394,0.03728169508384475
NGA,Nigeria,2016,5.0,3.333333333333333,5,Sub-Saharan Africa,Lower middle income,232679478.0,187759703099.801,0.28444,0.5618105112644027,0.5618105112644027,0.8402366863905325,0.5548557629552278,0.916279069767442,0.1792452830188679,0.3184357541899441,0.021488788108764798,0.01432585873917653,0.026629782202746248,0.017753188135164164
NGA,Nigeria,2017,7.0,4.571428571428571,7,Sub-Saharan Africa,Lower middle income,232679478.0,187759703099.801,0.28444,0.5618105112644027,0.5618105112644027,0.8402366863905325,0.5548557629552278,0.916279069767442,0.1792452830188679,0.3184357541899441,0.030084303352270712,0.019646891985156387,0.03728169508384475,0.024347229442510852
NGA,Nigeria,2018,11.0,7.0,11,Sub-Saharan Africa,Lower middle income,232679478.0,187759703099.801,0.28444,0.5618105112644027,0.5618105112644027,0.8402366863905325,0.5548557629552278,0.916279069767442,0.1792452830188679,0.3184357541899441,0.04727533383928255,0.030084303352270712,0.05858552084604174,0.03728169508384475
NGA,Nigeria,2019,20.0,13.033333333333333,20,Sub-Saharan Africa,Lower middle income,232679478.0,187759703099.801,0.28444,0.5618105112644027,0.5618105112644027,0.8402366863905325,0.5548557629552278,0.916279069767442,0.1792452830188679,0.3184357541899441,0.08595515243505919,0.05601410767018024,0.10651912881098499,0.06941496560849188
NGA,Nigeria,2020,18.0,14.166666666666666,18,Sub-Saharan Africa,Lower middle income,232679478.0,187759703099.801,0.28444,0.5618105112644027,0.5618105112644027,0.8402366863905325,0.5548557629552278,0.916279069767442,0.1792452830188679,0.3184357541899441,0.07735963719155327,0.060884899641500255,0.09586721592988649,0.0754510495744477
NGA,Nigeria,2021,32.0,19.57142857142857,32,Sub-Saharan Africa,Lower middle income,232679478.0,187759703099.801,0.28444,0.5618105112644027,0.5618105112644027,0.8402366863905325,0.5548557629552278,0.916279069767442,0.1792452830188679,0.3184357541899441,0.1375282438960947,0.08411325631145077,0.170430606097576,0.1042365760507496
NGA,Nigeria,2022,52.0,31.166666666666668,52,Sub-Saharan Africa,Lower middle income,232679478.0,187759703099.801,0.28444,0.5618105112644027,0.5618105112644027,0.8402366863905325,0.5548557629552278,0.916279069767442,0.1792452830188679,0.3184357541899441,0.22348339633115388,0.13394677921130058,0.276949734908561,0.16599230906378495
NGA,Nigeria,2023,60.0,33.15595238095238,60,Sub-Saharan Africa,Lower middle income,232679478.0,187759703099.801,0.28444,0.5618105112644027,0.5618105112644027,0.8402366863905325,0.5548557629552278,0.916279069767442,0.1792452830188679,0.3184357541899441,0.25786545730517757,0.14249624705171626,0.31955738643295495,0.17658715812587752
NGA,Nigeria,2024,69.0,33.953968253968256,69,Sub-Saharan Africa,Lower middle income,232679478.0,187759703099.801,0.28444,0.5618105112644027,0.5618105112644027,0.8402366863905325,0.5548557629552278,0.916279069767442,0.1792452830188679,0.3184357541899441,0.29654527590095414,0.1459259258522501,0.36749099439789823,0.180837355904427
NGA,Nigeria,2025,117.0,61.62730158730159,117,Sub-Saharan Africa,Lower middle income,232679478.0,187759703099.801,0.28444,0.5618105112644027,0.5618105112644027,0.8402366863905325,0.5548557629552278,0.916279069767442,0.1792452830188679,0.3184357541899441,0.5028376417450963,0.26485920510489364,0.6231369035442622,0.3282243238025599
NIC,Nicaragua,2019,2.0,0.75,2,Latin America & Caribbean,Lower middle income,6916140.0,19693982967.5926,0.10742,0.6876707259585789,0.6876707259585789,0.8047337278106509,0.6199745464038637,0.627906976744186,0.8773584905660378,0.5083798882681564,0.28917864589207276,0.10844199220952729,0.1015538605517785,0.03808269770691694
NLD,Netherlands,2010,37.0,24.65,37,Europe & Central Asia,High income,17993485.0,1227543925316.41,2.26719,0.4242119646078045,0.4242119646078045,0.1893491124260355,0.2734140451638167,0.0837209302325581,0.7924528301886793,0.7821229050279329,2.056299821852187,1.3699402867204435,0.03014148759724662,0.02008074781816565
NLD,Netherlands,2011,19.0,11.616666666666667,19,Europe & Central Asia,High income,17993485.0,1227543925316.41,2.26719,0.4242119646078045,0.4242119646078045,0.1893491124260355,0.2734140451638167,0.0837209302325581,0.7924528301886793,0.7821229050279329,1.0559377463565285,0.6456040431671056,0.015478061198586102,0.009463340925802205
NLD,Netherlands,2012,32.0,23.616666666666667,32,Europe & Central Asia,High income,17993485.0,1227543925316.41,2.26719,0.4242119646078045,0.4242119646078045,0.1893491124260355,0.2734140451638167,0.0837209302325581,0.7924528301886793,0.7821229050279329,1.7784214675478374,1.3125120934975447,0.026068313597618697,0.019238958524909217
NLD,Netherlands,2013,28.0,14.757575757575758,28,Europe & Central Asia,High income,17993485.0,1227543925316.41,2.26719,0.4242119646078045,0.4242119646078045,0.1893491124260355,0.2734140451638167,0.0837209302325581,0.7924528301886793,0.7821229050279329,1.5561187841043578,0.8201621730073834,0.02280977439791636,0.012022034774659381
NLD,Netherlands,2014,36.0,20.351190476190474,36,Europe & Central Asia,High income,17993485.0,1227543925316.41,2.26719,0.4242119646078045,0.4242119646078045,0.1893491124260355,0.2734140451638167,0.0837209302325581,0.7924528301886793,0.7821229050279329,2.000724150991317,1.1310310635316323,0.029326852797321036,0.016578787981818884
NLD,Netherlands,2015,33.0,21.15833333333333,33,Europe & Central Asia,High income,17993485.0,1227543925316.41,2.26719,0.4242119646078045,0.4242119646078045,0.1893491124260355,0.2734140451638167,0.0837209302325581,0.7924528301886793,0.7821229050279329,1.8339971384087073,1.175888569297906,0.026882948397544282,0.01723631464175882
NLD,Netherlands,2016,40.0,20.262619047619047,40,Europe & Central Asia,High income,17993485.0,1227543925316.41,2.26719,0.4242119646078045,0.4242119646078045,0.1893491124260355,0.2734140451638167,0.0837209302325581,0.7924528301886793,0.7821229050279329,2.2230268344347968,1.1261086469696697,0.03258539199702337,0.016506634613825476
NLD,Netherlands,2017,36.0,19.016666666666666,36,Europe & Central Asia,High income,17993485.0,1227543925316.41,2.26719,0.4242119646078045,0.4242119646078045,0.1893491124260355,0.2734140451638167,0.0837209302325581,0.7924528301886793,0.7821229050279329,2.000724150991317,1.056864007537543,0.029326852797321036,0.015491638445251529
NLD,Netherlands,2018,42.0,23.13611111111111,42,Europe & Central Asia,High income,17993485.0,1227543925316.41,2.26719,0.4242119646078045,0.4242119646078045,0.1893491124260355,0.2734140451638167,0.0837209302325581,0.7924528301886793,0.7821229050279329,2.334178176156537,1.2858048961116264,0.03421466159687454,0.018847481246056088
NLD,Netherlands,2019,58.0,35.34847554406378,58,Europe & Central Asia,High income,17993485.0,1227543925316.41,2.26719,0.4242119646078045,0.4242119646078045,0.1893491124260355,0.2734140451638167,0.0837209302325581,0.7924528301886793,0.7821229050279329,3.2233889099304553,1.9645152422703984,0.047248818395683886,0.02879609830251281
NLD,Netherlands,2020,122.0,63.73565323565324,122,Europe & Central Asia,High income,17993485.0,1227543925316.41,2.26719,0.4242119646078045,0.4242119646078045,0.1893491124260355,0.2734140451638167,0.0837209302325581,0.7924528301886793,0.7821229050279329,6.7802318450261305,3.542151686327203,0.09938544559092129,0.051921281121752795
NLD,Netherlands,2021,145.0,84.1429292929293,145,Europe & Central Asia,High income,17993485.0,1227543925316.41,2.26719,0.4242119646078045,0.4242119646078045,0.1893491124260355,0.2734140451638167,0.0837209302325581,0.7924528301886793,0.7821229050279329,8.058472274826139,4.6762997436532885,0.11812204598920972,0.06854575836969803
NLD,Netherlands,2022,155.0,81.35513375513375,155,Europe & Central Asia,High income,17993485.0,1227543925316.41,2.26719,0.4242119646078045,0.4242119646078045,0.1893491124260355,0.2734140451638167,0.0837209302325581,0.7924528301886793,0.7821229050279329,8.614228983434838,4.521366136417361,0.12626839398846557,0.06627472310953253
NLD,Netherlands,2023,176.0,97.36499333999333,176,Europe & Central Asia,High income,17993485.0,1227543925316.41,2.26719,0.4242119646078045,0.4242119646078045,0.1893491124260355,0.2734140451638167,0.0837209302325581,0.7924528301886793,0.7821229050279329,9.781318071513105,5.411124823234261,0.14337572478690286,0.07931691186928132
NLD,Netherlands,2024,216.0,110.73638167388167,216,Europe & Central Asia,High income,17993485.0,1227543925316.41,2.26719,0.4242119646078045,0.4242119646078045,0.1893491124260355,0.2734140451638167,0.0837209302325581,0.7924528301886793,0.7821229050279329,12.004344905947901,6.154248700231315,0.1759611167839262,0.09020971012938574
NLD,Netherlands,2025,309.0,157.48782638414218,309,Europe & Central Asia,High income,17993485.0,1227543925316.41,2.26719,0.4242119646078045,0.4242119646078045,0.1893491124260355,0.2734140451638167,0.0837209302325581,0.7924528301886793,0.7821229050279329,17.172882296008805,8.752491603718912,0.2517221531770056,0.12829506393716084
NOR,Norway,2010,12.0,7.9,12,Europe & Central Asia,High income,5572279.0,483727398216.364,1.85142,0.4774011116104023,0.4774011116104023,0.1893491124260355,0.6595744680851063,0.2697674418604651,0.7264150943396226,0.5418994413407822,2.1535174387355696,1.41773231383425,0.02480736060071706,0.016331512395472064
NOR,Norway,2011,7.0,3.25,7,Europe & Central Asia,High income,5572279.0,483727398216.364,1.85142,0.4774011116104023,0.4774011116104023,0.1893491124260355,0.6595744680851063,0.2697674418604651,0.7264150943396226,0.5418994413407822,1.256218505929082,0.5832443063242168,0.014470960350418284,0.006718660162694204
NOR,Norway,2012,9.0,7.033333333333333,9,Europe & Central Asia,High income,5572279.0,483727398216.364,1.85142,0.4774011116104023,0.4774011116104023,0.1893491124260355,0.6595744680851063,0.2697674418604651,0.7264150943396226,0.5418994413407822,1.615138079051677,1.2622004988144586,0.018605520450537795,0.014539869685420276
NOR,Norway,2013,11.0,6.833333333333333,11,Europe & Central Asia,High income,5572279.0,483727398216.364,1.85142,0.4774011116104023,0.4774011116104023,0.1893491124260355,0.6595744680851063,0.2697674418604651,0.7264150943396226,0.5418994413407822,1.9740576521742719,1.2263085415021993,0.022740080550657304,0.014126413675408324
NOR,Norway,2014,15.0,7.328968253968254,15,Europe & Central Asia,High income,5572279.0,483727398216.364,1.85142,0.4774011116104023,0.4774011116104023,0.1893491124260355,0.6595744680851063,0.2697674418604651,0.7264150943396226,0.5418994413407822,2.691896798419462,1.3152550785716677,0.031009200750896325,0.015151029858949847
NOR,Norway,2015,11.0,7.333333333333333,11,Europe & Central Asia,High income,5572279.0,483727398216.364,1.85142,0.4774011116104023,0.4774011116104023,0.1893491124260355,0.6595744680851063,0.2697674418604651,0.7264150943396226,0.5418994413407822,1.9740576521742719,1.316038434782848,0.022740080550657304,0.015160053700438204
NOR,Norway,2016,15.0,9.738095238095237,15,Europe & Central Asia,High income,5572279.0,483727398216.364,1.85142,0.4774011116104023,0.4774011116104023,0.1893491124260355,0.6595744680851063,0.2697674418604651,0.7264150943396226,0.5418994413407822,2.691896798419462,1.7475964929421584,0.031009200750896325,0.020131370011296185
NOR,Norway,2017,12.0,7.083333333333333,12,Europe & Central Asia,High income,5572279.0,483727398216.364,1.85142,0.4774011116104023,0.4774011116104023,0.1893491124260355,0.6595744680851063,0.2697674418604651,0.7264150943396226,0.5418994413407822,2.1535174387355696,1.2711734881425236,0.02480736060071706,0.014643233687923264
NOR,Norway,2018,17.0,8.916666666666666,17,Europe & Central Asia,High income,5572279.0,483727398216.364,1.85142,0.4774011116104023,0.4774011116104023,0.1893491124260355,0.6595744680851063,0.2697674418604651,0.7264150943396226,0.5418994413407822,3.0508163715420564,1.6001830968382356,0.03514376085101584,0.018433247113032812
NOR,Norway,2019,27.0,13.033333333333333,27,Europe & Central Asia,High income,5572279.0,483727398216.364,1.85142,0.4774011116104023,0.4774011116104023,0.1893491124260355,0.6595744680851063,0.2697674418604651,0.7264150943396226,0.5418994413407822,4.845414237155031,2.3389592181822434,0.055816561351613385,0.026943549985778803
NOR,Norway,2020,50.0,27.276923076923076,50,Europe & Central Asia,High income,5572279.0,483727398216.364,1.85142,0.4774011116104023,0.4774011116104023,0.1893491124260355,0.6595744680851063,0.2697674418604651,0.7264150943396226,0.5418994413407822,8.972989328064873,4.8951107934335445,0.10336400250298775,0.05638903890393762
NOR,Norway,2021,55.0,30.75952380952381,55,Europe & Central Asia,High income,5572279.0,483727398216.364,1.85142,0.4774011116104023,0.4774011116104023,0.1893491124260355,0.6595744680851063,0.2697674418604651,0.7264150943396226,0.5418994413407822,9.87028826087136,5.52009757758429,0.11370040275328652,0.06358854992076661
NOR,Norway,2022,71.0,39.25,71,Europe & Central Asia,High income,5572279.0,483727398216.364,1.85142,0.4774011116104023,0.4774011116104023,0.1893491124260355,0.6595744680851063,0.2697674418604651,0.7264150943396226,0.5418994413407822,12.74164484585212,7.043796622530925,0.1467768835542426,0.08114074196484539
NOR,Norway,2023,59.0,29.171067821067822,59,Europe & Central Asia,High income,5572279.0,483727398216.364,1.85142,0.4774011116104023,0.4774011116104023,0.1893491124260355,0.6595744680851063,0.2697674418604651,0.7264150943396226,0.5418994413407822,10.58812740711655,5.235033604933964,0.12196952295352553,0.06030476654543359
NOR,Norway,2024,85.0,39.85544543176122,85,Europe & Central Asia,High income,5572279.0,483727398216.364,1.85142,0.4774011116104023,0.4774011116104023,0.1893491124260355,0.6595744680851063,0.2697674418604651,0.7264150943396226,0.5418994413407822,15.254081857710284,7.152449730489305,0.17571880425507916,0.08239236722732515
NOR,Norway,2025,98.0,45.01086057217636,98,Europe & Central Asia,High income,5572279.0,483727398216.364,1.85142,0.4774011116104023,0.4774011116104023,0.1893491124260355,0.6595744680851063,0.2697674418604651,0.7264150943396226,0.5418994413407822,17.587059083007148,8.077639431223089,0.20259344490585598,0.0930500540968814
NPL,Nepal,2010,1.0,1.0,1,South Asia,Lower middle income,29651054.0,42914268286.7109,0.30221,0.457610548901134,0.457610548901134,0.5059171597633136,0.3779206369925597,0.7976744186046512,0.3160377358490566,0.2905027932960894,0.03372561393601725,0.03372561393601725,0.023302273111567098,0.023302273111567098
NPL,Nepal,2014,1.0,0.1111111111111111,1,South Asia,Lower middle income,29651054.0,42914268286.7109,0.30221,0.457610548901134,0.457610548901134,0.5059171597633136,0.3779206369925597,0.7976744186046512,0.3160377358490566,0.2905027932960894,0.03372561393601725,0.00374729043733525,0.023302273111567098,0.0025891414568407884
NPL,Nepal,2015,1.0,0.3333333333333333,1,South Asia,Lower middle income,29651054.0,42914268286.7109,0.30221,0.457610548901134,0.457610548901134,0.5059171597633136,0.3779206369925597,0.7976744186046512,0.3160377358490566,0.2905027932960894,0.03372561393601725,0.011241871312005748,0.023302273111567098,0.0077674243705223665
NPL,Nepal,2019,1.0,0.5,1,South Asia,Lower middle income,29651054.0,42914268286.7109,0.30221,0.457610548901134,0.457610548901134,0.5059171597633136,0.3779206369925597,0.7976744186046512,0.3160377358490566,0.2905027932960894,0.03372561393601725,0.016862806968008626,0.023302273111567098,0.011651136555783549
NPL,Nepal,2020,9.0,4.616666666666666,9,South Asia,Lower middle income,29651054.0,42914268286.7109,0.30221,0.457610548901134,0.457610548901134,0.5059171597633136,0.3779206369925597,0.7976744186046512,0.3160377358490566,0.2905027932960894,0.30353052542415526,0.1556999176712796,0.20972045800410388,0.10757882753173476
NPL,Nepal,2021,6.0,3.0666666666666664,6,South Asia,Lower middle income,29651054.0,42914268286.7109,0.30221,0.457610548901134,0.457610548901134,0.5059171597633136,0.3779206369925597,0.7976744186046512,0.3160377358490566,0.2905027932960894,0.2023536836161035,0.1034252160704529,0.13981363866940258,0.07146030420880575
NPL,Nepal,2022,11.0,4.866666666666667,11,South Asia,Lower middle income,29651054.0,42914268286.7109,0.30221,0.457610548901134,0.457610548901134,0.5059171597633136,0.3779206369925597,0.7976744186046512,0.3160377358490566,0.2905027932960894,0.37098175329618976,0.16413132115528395,0.2563250042272381,0.11340439580962655
NPL,Nepal,2023,10.0,4.771428571428571,10,South Asia,Lower middle income,29651054.0,42914268286.7109,0.30221,0.457610548901134,0.457610548901134,0.5059171597633136,0.3779206369925597,0.7976744186046512,0.3160377358490566,0.2905027932960894,0.3372561393601725,0.1609193579232823,0.23302273111567096,0.11118513170376301
NPL,Nepal,2024,11.0,3.212155388471178,11,South Asia,Lower middle income,29651054.0,42914268286.7109,0.30221,0.457610548901134,0.457610548901134,0.5059171597633136,0.3779206369925597,0.7976744186046512,0.3160377358490566,0.2905027932960894,0.37098175329618976,0.10833191253407647,0.2563250042272381,0.0748505221389473
NPL,Nepal,2025,23.0,9.540909090909091,23,South Asia,Lower middle income,29651054.0,42914268286.7109,0.30221,0.457610548901134,0.457610548901134,0.5059171597633136,0.3779206369925597,0.7976744186046512,0.3160377358490566,0.2905027932960894,0.7756891205283967,0.3217730165986373,0.5359522815660432,0.222324869368997
NZL,New Zealand,2010,18.0,12.733333333333333,18,East Asia & Pacific,High income,5287500.0,260235932558.996,1.54848,0.541785913918329,0.541785913918329,0.1893491124260355,0.8936170212765957,0.1209302325581395,0.9575471698113208,0.547486033519553,3.404255319148936,2.408195429472025,0.06916800390706754,0.04892995831944407
NZL,New Zealand,2011,17.0,12.033333333333333,17,East Asia & Pacific,High income,5287500.0,260235932558.996,1.54848,0.541785913918329,0.541785913918329,0.1893491124260355,0.8936170212765957,0.1209302325581395,0.9575471698113208,0.547486033519553,3.215130023640662,2.275807722616233,0.06532533702334156,0.04624009150083589
NZL,New Zealand,2012,13.0,7.833333333333333,13,East Asia & Pacific,High income,5287500.0,260235932558.996,1.54848,0.541785913918329,0.541785913918329,0.1893491124260355,0.8936170212765957,0.1209302325581395,0.9575471698113208,0.547486033519553,2.458628841607565,1.4814814814814814,0.049954669488437665,0.030100890589186798
NZL,New Zealand,2013,13.0,9.75,13,East Asia & Pacific,High income,5287500.0,260235932558.996,1.54848,0.541785913918329,0.541785913918329,0.1893491124260355,0.8936170212765957,0.1209302325581395,0.9575471698113208,0.547486033519553,2.458628841607565,1.8439716312056738,0.049954669488437665,0.03746600211632825
NZL,New Zealand,2014,20.0,13.616666666666667,20,East Asia & Pacific,High income,5287500.0,260235932558.996,1.54848,0.541785913918329,0.541785913918329,0.1893491124260355,0.8936170212765957,0.1209302325581395,0.9575471698113208,0.547486033519553,3.7825059101654848,2.575256107171001,0.07685333767451949,0.05232431406673535
NZL,New Zealand,2015,15.0,9.5,15,East Asia & Pacific,High income,5287500.0,260235932558.996,1.54848,0.541785913918329,0.541785913918329,0.1893491124260355,0.8936170212765957,0.1209302325581395,0.9575471698113208,0.547486033519553,2.8368794326241136,1.7966903073286051,0.05764000325588962,0.03650533539539676
NZL,New Zealand,2016,22.0,13.04,22,East Asia & Pacific,High income,5287500.0,260235932558.996,1.54848,0.541785913918329,0.541785913918329,0.1893491124260355,0.8936170212765957,0.1209302325581395,0.9575471698113208,0.547486033519553,4.160756501182033,2.466193853427896,0.08453867144197143,0.0501083761637867
NZL,New Zealand,2017,19.0,12.0,19,East Asia & Pacific,High income,5287500.0,260235932558.996,1.54848,0.541785913918329,0.541785913918329,0.1893491124260355,0.8936170212765957,0.1209302325581395,0.9575471698113208,0.547486033519553,3.5933806146572103,2.269503546099291,0.07301067079079351,0.0461120026047117
NZL,New Zealand,2018,22.0,12.408333333333333,22,East Asia & Pacific,High income,5287500.0,260235932558.996,1.54848,0.541785913918329,0.541785913918329,0.1893491124260355,0.8936170212765957,0.1209302325581395,0.9575471698113208,0.547486033519553,4.160756501182033,2.346729708431836,0.08453867144197143,0.04768109158223313
NZL,New Zealand,2019,25.0,16.5,25,East Asia & Pacific,High income,5287500.0,260235932558.996,1.54848,0.541785913918329,0.541785913918329,0.1893491124260355,0.8936170212765957,0.1209302325581395,0.9575471698113208,0.547486033519553,4.728132387706856,3.120567375886525,0.09606667209314936,0.06340400358147857
NZL,New Zealand,2020,30.0,20.466666666666665,30,East Asia & Pacific,High income,5287500.0,260235932558.996,1.54848,0.541785913918329,0.541785913918329,0.1893491124260355,0.8936170212765957,0.1209302325581395,0.9575471698113208,0.547486033519553,5.673758865248227,3.870764381402679,0.11528000651177923,0.07864658222025826
NZL,New Zealand,2021,64.0,42.45,64,East Asia & Pacific,High income,5287500.0,260235932558.996,1.54848,0.541785913918329,0.541785913918329,0.1893491124260355,0.8936170212765957,0.1209302325581395,0.9575471698113208,0.547486033519553,12.10401891252955,8.02836879432624,0.24593068055846237,0.16312120921416762
NZL,New Zealand,2022,62.0,37.383823529411764,62,East Asia & Pacific,High income,5287500.0,260235932558.996,1.54848,0.541785913918329,0.541785913918329,0.1893491124260355,0.8936170212765957,0.1209302325581395,0.9575471698113208,0.547486033519553,11.725768321513003,7.0702266722291744,0.2382453467910104,0.14365358066352646
NZL,New Zealand,2023,44.0,26.01227661227661,44,East Asia & Pacific,High income,5287500.0,260235932558.996,1.54848,0.541785913918329,0.541785913918329,0.1893491124260355,0.8936170212765957,0.1209302325581395,0.9575471698113208,0.547486033519553,8.321513002364066,4.9195795011397845,0.16907734288394285,0.09995651390831502
NZL,New Zealand,2024,74.0,46.20324675324675,74,East Asia & Pacific,High income,5287500.0,260235932558.996,1.54848,0.541785913918329,0.541785913918329,0.1893491124260355,0.8936170212765957,0.1209302325581395,0.9575471698113208,0.547486033519553,13.995271867612292,8.738202695649504,0.2843573493957221,0.17754368621932096
NZL,New Zealand,2025,88.0,50.96666666666667,88,East Asia & Pacific,High income,5287500.0,260235932558.996,1.54848,0.541785913918329,0.541785913918329,0.1893491124260355,0.8936170212765957,0.1209302325581395,0.9575471698113208,0.547486033519553,16.64302600472813,9.639085894405044,0.3381546857678857,0.1958479221739005
OMN,Oman,2010,1.0,0.5,1,Middle East & North Africa,High income,5281538.0,106942782834.85,0.38979,0.674874218222015,0.674874218222015,0.5355029585798816,0.6398479310794936,0.8372093023255814,0.6132075471698113,0.7486033519553073,0.18933878730021445,0.09466939365010722,0.009350794635148813,0.004675397317574406
OMN,Oman,2012,3.0,1.3333333333333333,3,Middle East & North Africa,High income,5281538.0,106942782834.85,0.38979,0.674874218222015,0.674874218222015,0.5355029585798816,0.6398479310794936,0.8372093023255814,0.6132075471698113,0.7486033519553073,0.5680163619006433,0.2524517164002859,0.028052383905446437,0.012467726180198417
OMN,Oman,2013,4.0,2.5,4,Middle East & North Africa,High income,5281538.0,106942782834.85,0.38979,0.674874218222015,0.674874218222015,0.5355029585798816,0.6398479310794936,0.8372093023255814,0.6132075471698113,0.7486033519553073,0.7573551492008578,0.47334696825053607,0.03740317854059525,0.02337698658787203
OMN,Oman,2014,4.0,2.5,4,Middle East & North Africa,High income,5281538.0,106942782834.85,0.38979,0.674874218222015,0.674874218222015,0.5355029585798816,0.6398479310794936,0.8372093023255814,0.6132075471698113,0.7486033519553073,0.7573551492008578,0.47334696825053607,0.03740317854059525,0.02337698658787203
OMN,Oman,2016,1.0,1.0,1,Middle East & North Africa,High income,5281538.0,106942782834.85,0.38979,0.674874218222015,0.674874218222015,0.5355029585798816,0.6398479310794936,0.8372093023255814,0.6132075471698113,0.7486033519553073,0.18933878730021445,0.18933878730021445,0.009350794635148813,0.009350794635148813
OMN,Oman,2017,2.0,1.0,2,Middle East & North Africa,High income,5281538.0,106942782834.85,0.38979,0.674874218222015,0.674874218222015,0.5355029585798816,0.6398479310794936,0.8372093023255814,0.6132075471698113,0.7486033519553073,0.3786775746004289,0.18933878730021445,0.018701589270297626,0.009350794635148813
OMN,Oman,2019,3.0,2.0,3,Middle East & North Africa,High income,5281538.0,106942782834.85,0.38979,0.674874218222015,0.674874218222015,0.5355029585798816,0.6398479310794936,0.8372093023255814,0.6132075471698113,0.7486033519553073,0.5680163619006433,0.3786775746004289,0.028052383905446437,0.018701589270297626
OMN,Oman,2020,5.0,2.821428571428571,5,Middle East & North Africa,High income,5281538.0,106942782834.85,0.38979,0.674874218222015,0.674874218222015,0.5355029585798816,0.6398479310794936,0.8372093023255814,0.6132075471698113,0.7486033519553073,0.9466939365010721,0.5342058641684622,0.04675397317574406,0.026382599149169864
OMN,Oman,2021,6.0,2.4833333333333334,6,Middle East & North Africa,High income,5281538.0,106942782834.85,0.38979,0.674874218222015,0.674874218222015,0.5355029585798816,0.6398479310794936,0.8372093023255814,0.6132075471698113,0.7486033519553073,1.1360327238012866,0.4701913217955325,0.056104767810892874,0.02322114001061955
OMN,Oman,2022,7.0,2.9166666666666665,7,Middle East & North Africa,High income,5281538.0,106942782834.85,0.38979,0.674874218222015,0.674874218222015,0.5355029585798816,0.6398479310794936,0.8372093023255814,0.6132075471698113,0.7486033519553073,1.3253715111015012,0.5522381296256255,0.0654555624460417,0.02727315101918404
OMN,Oman,2023,10.0,3.574242424242424,10,Middle East & North Africa,High income,5281538.0,106942782834.85,0.38979,0.674874218222015,0.674874218222015,0.5355029585798816,0.6398479310794936,0.8372093023255814,0.6132075471698113,0.7486033519553073,1.8933878730021443,0.6767427261230392,0.09350794635148812,0.03342200688532734
OMN,Oman,2024,22.0,11.042857142857143,22,Middle East & North Africa,High income,5281538.0,106942782834.85,0.38979,0.674874218222015,0.674874218222015,0.5355029585798816,0.6398479310794936,0.8372093023255814,0.6132075471698113,0.7486033519553073,4.165453320604717,2.090841179758082,0.20571748197327389,0.10325948932814331
OMN,Oman,2025,41.0,18.490909090909092,41,Middle East & North Africa,High income,5281538.0,106942782834.85,0.38979,0.674874218222015,0.674874218222015,0.5355029585798816,0.6398479310794936,0.8372093023255814,0.6132075471698113,0.7486033519553073,7.762890279308792,3.5010463033512385,0.3833825800411014,0.17290469352629717
PAK,Pakistan,2010,2.0,1.0,2,Middle East & North Africa,Lower middle income,251269164.0,373071855731.539,0.16399,0.5341347979408381,0.5341347979408381,0.7899408284023669,0.5813372927816212,0.9488372093023256,0.25,0.1005586592178771,0.007959591890073706,0.003979795945036853,0.005360897557062551,0.0026804487785312757
PAK,Pakistan,2011,3.0,2.5,3,Middle East & North Africa,Lower middle income,251269164.0,373071855731.539,0.16399,0.5341347979408381,0.5341347979408381,0.7899408284023669,0.5813372927816212,0.9488372093023256,0.25,0.1005586592178771,0.01193938783511056,0.009949489862592132,0.008041346335593827,0.0067011219463281885
PAK,Pakistan,2012,2.0,1.5,2,Middle East & North Africa,Lower middle income,251269164.0,373071855731.539,0.16399,0.5341347979408381,0.5341347979408381,0.7899408284023669,0.5813372927816212,0.9488372093023256,0.25,0.1005586592178771,0.007959591890073706,0.00596969391755528,0.005360897557062551,0.004020673167796913
PAK,Pakistan,2013,6.0,3.6666666666666665,6,Middle East & North Africa,Lower middle income,251269164.0,373071855731.539,0.16399,0.5341347979408381,0.5341347979408381,0.7899408284023669,0.5813372927816212,0.9488372093023256,0.25,0.1005586592178771,0.02387877567022112,0.014592585131801793,0.016082692671187653,0.00982831218794801
PAK,Pakistan,2014,8.0,6.111111111111111,8,Middle East & North Africa,Lower middle income,251269164.0,373071855731.539,0.16399,0.5341347979408381,0.5341347979408381,0.7899408284023669,0.5813372927816212,0.9488372093023256,0.25,0.1005586592178771,0.031838367560294824,0.024320975219669656,0.021443590228250205,0.01638052031324668
PAK,Pakistan,2015,9.0,5.583333333333333,9,Middle East & North Africa,Lower middle income,251269164.0,373071855731.539,0.16399,0.5341347979408381,0.5341347979408381,0.7899408284023669,0.5813372927816212,0.9488372093023256,0.25,0.1005586592178771,0.03581816350533168,0.022220527359789095,0.02412403900678148,0.014965839013466287
PAK,Pakistan,2016,7.0,5.0,7,Middle East & North Africa,Lower middle income,251269164.0,373071855731.539,0.16399,0.5341347979408381,0.5341347979408381,0.7899408284023669,0.5813372927816212,0.9488372093023256,0.25,0.1005586592178771,0.02785857161525797,0.019898979725184264,0.01876314144971893,0.013402243892656377
PAK,Pakistan,2017,15.0,11.25,15,Middle East & North Africa,Lower middle income,251269164.0,373071855731.539,0.16399,0.5341347979408381,0.5341347979408381,0.7899408284023669,0.5813372927816212,0.9488372093023256,0.25,0.1005586592178771,0.05969693917555279,0.04477270438166459,0.040206731677969135,0.03015504875847685
PAK,Pakistan,2018,22.0,14.833333333333334,22,Middle East & North Africa,Lower middle income,251269164.0,373071855731.539,0.16399,0.5341347979408381,0.5341347979408381,0.7899408284023669,0.5813372927816212,0.9488372093023256,0.25,0.1005586592178771,0.08755551079081077,0.05903363985137999,0.05896987312768806,0.039759990214880594
PAK,Pakistan,2019,35.0,19.983333333333334,35,Middle East & North Africa,Lower middle income,251269164.0,373071855731.539,0.16399,0.5341347979408381,0.5341347979408381,0.7899408284023669,0.5813372927816212,0.9488372093023256,0.25,0.1005586592178771,0.13929285807628985,0.07952958896831978,0.09381570724859464,0.05356430142431666
PAK,Pakistan,2020,55.0,28.404761904761905,55,Middle East & North Africa,Lower middle income,251269164.0,373071855731.539,0.16399,0.5341347979408381,0.5341347979408381,0.7899408284023669,0.5813372927816212,0.9488372093023256,0.25,0.1005586592178771,0.2188887769770269,0.1130451562483087,0.14742468281922017,0.07613750935209075
PAK,Pakistan,2021,93.0,46.58452380952381,93,Middle East & North Africa,Lower middle income,251269164.0,373071855731.539,0.16399,0.5341347979408381,0.5341347979408381,0.7899408284023669,0.5813372927816212,0.9488372093023256,0.25,0.1005586592178771,0.3701210228884273,0.18539689895861558,0.24928173640340864,0.12486742994369923
PAK,Pakistan,2022,135.0,67.3020202020202,135,Middle East & North Africa,Lower middle income,251269164.0,373071855731.539,0.16399,0.5341347979408381,0.5341347979408381,0.7899408284023669,0.5813372927816212,0.9488372093023256,0.25,0.1005586592178771,0.5372724525799751,0.26784830709278834,0.3618605851017222,0.1803996178431923
PAK,Pakistan,2023,163.0,83.23644688644688,163,Middle East & North Africa,Lower middle income,251269164.0,373071855731.539,0.16399,0.5341347979408381,0.5341347979408381,0.7899408284023669,0.5813372927816212,0.9488372093023256,0.25,0.1005586592178771,0.648706739041007,0.3312640737979567,0.4369131509005979,0.22311103238605995
PAK,Pakistan,2024,218.0,106.84269480519481,218,Middle East & North Africa,Lower middle income,251269164.0,373071855731.539,0.16399,0.5341347979408381,0.5341347979408381,0.7899408284023669,0.5813372927816212,0.9488372093023256,0.25,0.1005586592178771,0.867595516018034,0.42521212354252436,0.5843378337198181,0.2863863707855743
PAK,Pakistan,2025,304.0,135.12344877344879,304,Middle East & North Africa,Lower middle income,251269164.0,373071855731.539,0.16399,0.5341347979408381,0.5341347979408381,0.7899408284023669,0.5813372927816212,0.9488372093023256,0.25,0.1005586592178771,1.2098579672912033,0.5377637535079663,0.8148564286735077,0.3621914832157242
PAN,Panama,2017,2.0,0.3333333333333333,2,Latin America & Caribbean,High income,4515577.0,86260400000.0,0.19708,0.6762337660053978,0.6762337660053978,0.5266272189349113,0.5965523430361572,0.8534883720930233,0.7452830188679245,0.659217877094972,0.44291128243411637,0.07381854707235272,0.023185610082958115,0.0038642683471596852
PAN,Panama,2022,2.0,0.75,2,Latin America & Caribbean,High income,4515577.0,86260400000.0,0.19708,0.6762337660053978,0.6762337660053978,0.5266272189349113,0.5965523430361572,0.8534883720930233,0.7452830188679245,0.659217877094972,0.44291128243411637,0.16609173091279364,0.023185610082958115,0.008694603781109292
PAN,Panama,2023,1.0,0.5,1,Latin America & Caribbean,High income,4515577.0,86260400000.0,0.19708,0.6762337660053978,0.6762337660053978,0.5266272189349113,0.5965523430361572,0.8534883720930233,0.7452830188679245,0.659217877094972,0.22145564121705819,0.11072782060852909,0.011592805041479057,0.005796402520739529
PAN,Panama,2024,3.0,1.8333333333333333,3,Latin America & Caribbean,High income,4515577.0,86260400000.0,0.19708,0.6762337660053978,0.6762337660053978,0.5266272189349113,0.5965523430361572,0.8534883720930233,0.7452830188679245,0.659217877094972,0.6643669236511746,0.40600200889793997,0.03477841512443717,0.021253475909378268
PER,Peru,2010,1.0,0.5,1,Latin America & Caribbean,Upper middle income,34217848.0,289221969059.853,0.17611,0.5923229234759906,0.5923229234759906,0.5828402366863905,0.4328090327633468,0.4860465116279069,0.8537735849056604,0.6061452513966481,0.029224514645105677,0.014612257322552839,0.0034575520084128017,0.0017287760042064009
PER,Peru,2012,1.0,0.5,1,Latin America & Caribbean,Upper middle income,34217848.0,289221969059.853,0.17611,0.5923229234759906,0.5923229234759906,0.5828402366863905,0.4328090327633468,0.4860465116279069,0.8537735849056604,0.6061452513966481,0.029224514645105677,0.014612257322552839,0.0034575520084128017,0.0017287760042064009
PER,Peru,2014,1.0,0.3333333333333333,1,Latin America & Caribbean,Upper middle income,34217848.0,289221969059.853,0.17611,0.5923229234759906,0.5923229234759906,0.5828402366863905,0.4328090327633468,0.4860465116279069,0.8537735849056604,0.6061452513966481,0.029224514645105677,0.009741504881701892,0.0034575520084128017,0.0011525173361376004
PER,Peru,2015,2.0,0.8333333333333333,2,Latin America & Caribbean,Upper middle income,34217848.0,289221969059.853,0.17611,0.5923229234759906,0.5923229234759906,0.5828402366863905,0.4328090327633468,0.4860465116279069,0.8537735849056604,0.6061452513966481,0.058449029290211355,0.02435376220425473,0.0069151040168256035,0.0028812933403440013
PER,Peru,2016,4.0,1.2066666666666666,4,Latin America & Caribbean,Upper middle income,34217848.0,289221969059.853,0.17611,0.5923229234759906,0.5923229234759906,0.5828402366863905,0.4328090327633468,0.4860465116279069,0.8537735849056604,0.6061452513966481,0.11689805858042271,0.03526424767176085,0.013830208033651207,0.004172112756818114
PER,Peru,2017,2.0,0.6666666666666666,2,Latin America & Caribbean,Upper middle income,34217848.0,289221969059.853,0.17611,0.5923229234759906,0.5923229234759906,0.5828402366863905,0.4328090327633468,0.4860465116279069,0.8537735849056604,0.6061452513966481,0.058449029290211355,0.019483009763403784,0.0069151040168256035,0.002305034672275201
PER,Peru,2018,4.0,1.6428571428571428,4,Latin America & Caribbean,Upper middle income,34217848.0,289221969059.853,0.17611,0.5923229234759906,0.5923229234759906,0.5828402366863905,0.4328090327633468,0.4860465116279069,0.8537735849056604,0.6061452513966481,0.11689805858042271,0.04801170263124504,0.013830208033651207,0.005680264013821031
PER,Peru,2019,9.0,5.0,9,Latin America & Caribbean,Upper middle income,34217848.0,289221969059.853,0.17611,0.5923229234759906,0.5923229234759906,0.5828402366863905,0.4328090327633468,0.4860465116279069,0.8537735849056604,0.6061452513966481,0.2630206318059511,0.14612257322552838,0.031117968075715215,0.017287760042064008
PER,Peru,2020,8.0,3.083333333333333,8,Latin America & Caribbean,Upper middle income,34217848.0,289221969059.853,0.17611,0.5923229234759906,0.5923229234759906,0.5828402366863905,0.4328090327633468,0.4860465116279069,0.8537735849056604,0.6061452513966481,0.23379611716084542,0.0901089201557425,0.027660416067302414,0.010660785359272805
PER,Peru,2021,8.0,5.533333333333333,8,Latin America & Caribbean,Upper middle income,34217848.0,289221969059.853,0.17611,0.5923229234759906,0.5923229234759906,0.5828402366863905,0.4328090327633468,0.4860465116279069,0.8537735849056604,0.6061452513966481,0.23379611716084542,0.16170898103625142,0.027660416067302414,0.01913178777988417
PER,Peru,2022,18.0,8.958823529411765,18,Latin America & Caribbean,Upper middle income,34217848.0,289221969059.853,0.17611,0.5923229234759906,0.5923229234759906,0.5828402366863905,0.4328090327633468,0.4860465116279069,0.8537735849056604,0.6061452513966481,0.5260412636119022,0.26181726943821143,0.06223593615143043,0.03097559828713351
PER,Peru,2023,29.0,17.094444444444445,29,Latin America & Caribbean,Upper middle income,34217848.0,289221969059.853,0.17611,0.5923229234759906,0.5923229234759906,0.5828402366863905,0.4328090327633468,0.4860465116279069,0.8537735849056604,0.6061452513966481,0.8475109247080647,0.499576842016612,0.10026900824397125,0.05910493072158995
PER,Peru,2024,33.0,22.741666666666667,33,Latin America & Caribbean,Upper middle income,34217848.0,289221969059.853,0.17611,0.5923229234759906,0.5923229234759906,0.5828402366863905,0.4328090327633468,0.4860465116279069,0.8537735849056604,0.6061452513966481,0.9644089832884872,0.6646141705541116,0.11409921627762246,0.07863049525798779
PER,Peru,2025,62.0,45.79833333333333,62,Latin America & Caribbean,Upper middle income,34217848.0,289221969059.853,0.17611,0.5923229234759906,0.5923229234759906,0.5828402366863905,0.4328090327633468,0.4860465116279069,0.8537735849056604,0.6061452513966481,1.811919907996552,1.3384340632214315,0.21436822452159368,0.15835011939862562
PHL,Philippines,2010,1.0,1.0,1,East Asia & Pacific,Lower middle income,115843670.0,461617509782.355,0.27625,0.288759244276442,0.288759244276442,0.3875739644970414,0.4575936561806553,0.0162790697674418,0.1745283018867924,0.4078212290502793,0.008632323199014672,0.008632323199014672,0.0021662956426230094,0.0021662956426230094
PHL,Philippines,2011,2.0,1.5,2,East Asia & Pacific,Lower middle income,115843670.0,461617509782.355,0.27625,0.288759244276442,0.288759244276442,0.3875739644970414,0.4575936561806553,0.0162790697674418,0.1745283018867924,0.4078212290502793,0.017264646398029344,0.012948484798522009,0.004332591285246019,0.003249443463934514
PHL,Philippines,2013,3.0,2.0,3,East Asia & Pacific,Lower middle income,115843670.0,461617509782.355,0.27625,0.288759244276442,0.288759244276442,0.3875739644970414,0.4575936561806553,0.0162790697674418,0.1745283018867924,0.4078212290502793,0.025896969597044017,0.017264646398029344,0.006498886927869028,0.004332591285246019
PHL,Philippines,2014,1.0,0.5,1,East Asia & Pacific,Lower middle income,115843670.0,461617509782.355,0.27625,0.288759244276442,0.288759244276442,0.3875739644970414,0.4575936561806553,0.0162790697674418,0.1745283018867924,0.4078212290502793,0.008632323199014672,0.004316161599507336,0.0021662956426230094,0.0010831478213115047
PHL,Philippines,2015,7.0,4.666666666666667,7,East Asia & Pacific,Lower middle income,115843670.0,461617509782.355,0.27625,0.288759244276442,0.288759244276442,0.3875739644970414,0.4575936561806553,0.0162790697674418,0.1745283018867924,0.4078212290502793,0.06042626239310271,0.040284174928735136,0.015164069498361066,0.010109379665574045
PHL,Philippines,2016,5.0,3.25,5,East Asia & Pacific,Lower middle income,115843670.0,461617509782.355,0.27625,0.288759244276442,0.288759244276442,0.3875739644970414,0.4575936561806553,0.0162790697674418,0.1745283018867924,0.4078212290502793,0.043161615995073364,0.028055050396797683,0.010831478213115047,0.00704046083852478
PHL,Philippines,2017,4.0,2.75,4,East Asia & Pacific,Lower middle income,115843670.0,461617509782.355,0.27625,0.288759244276442,0.288759244276442,0.3875739644970414,0.4575936561806553,0.0162790697674418,0.1745283018867924,0.4078212290502793,0.03452929279605869,0.023738888797290348,0.008665182570492038,0.005957313017213276
PHL,Philippines,2018,10.0,8.833333333333334,10,East Asia & Pacific,Lower middle income,115843670.0,461617509782.355,0.27625,0.288759244276442,0.288759244276442,0.3875739644970414,0.4575936561806553,0.0162790697674418,0.1745283018867924,0.4078212290502793,0.08632323199014673,0.07625218825796294,0.021662956426230093,0.019135611509836583
PHL,Philippines,2019,14.0,13.0,14,East Asia & Pacific,Lower middle income,115843670.0,461617509782.355,0.27625,0.288759244276442,0.288759244276442,0.3875739644970414,0.4575936561806553,0.0162790697674418,0.1745283018867924,0.4078212290502793,0.12085252478620542,0.11222020158719073,0.030328138996722133,0.02816184335409912
PHL,Philippines,2020,17.0,14.333333333333334,17,East Asia & Pacific,Lower middle income,115843670.0,461617509782.355,0.27625,0.288759244276442,0.288759244276442,0.3875739644970414,0.4575936561806553,0.0162790697674418,0.1745283018867924,0.4078212290502793,0.14674949438324944,0.12372996585254363,0.03682702592459116,0.031050237544263136
PHL,Philippines,2021,17.0,11.416666666666666,17,East Asia & Pacific,Lower middle income,115843670.0,461617509782.355,0.27625,0.288759244276442,0.288759244276442,0.3875739644970414,0.4575936561806553,0.0162790697674418,0.1745283018867924,0.4078212290502793,0.14674949438324944,0.09855235652208416,0.03682702592459116,0.024731875253279353
PHL,Philippines,2022,15.0,8.75,15,East Asia & Pacific,Lower middle income,115843670.0,461617509782.355,0.27625,0.288759244276442,0.288759244276442,0.3875739644970414,0.4575936561806553,0.0162790697674418,0.1745283018867924,0.4078212290502793,0.12948484798522006,0.07553282799137839,0.03249443463934514,0.018955086872951332
PHL,Philippines,2023,25.0,18.791666666666668,25,East Asia & Pacific,Lower middle income,115843670.0,461617509782.355,0.27625,0.288759244276442,0.288759244276442,0.3875739644970414,0.4575936561806553,0.0162790697674418,0.1745283018867924,0.4078212290502793,0.2158080799753668,0.1622157401148174,0.05415739106557524,0.04070830561762405
PHL,Philippines,2024,55.0,39.0004329004329,55,East Asia & Pacific,Lower middle income,115843670.0,461617509782.355,0.27625,0.288759244276442,0.288759244276442,0.3875739644970414,0.4575936561806553,0.0162790697674418,0.1745283018867924,0.4078212290502793,0.474777775945807,0.336664341698022,0.11914626034426552,0.08448646785261885
PHL,Philippines,2025,50.0,33.3904329004329,50,East Asia & Pacific,Lower middle income,115843670.0,461617509782.355,0.27625,0.288759244276442,0.288759244276442,0.3875739644970414,0.4575936561806553,0.0162790697674418,0.1745283018867924,0.4078212290502793,0.4316161599507336,0.28823700855154966,0.10831478213115048,0.07233354929750377
PNG,Papua New Guinea,2014,1.0,0.5,1,East Asia & Pacific,Lower middle income,10576502.0,32538480023.9998,0.03158,0.8079554484467402,0.8079554484467402,0.9349112426035504,0.7624820519514424,0.5720930232558139,0.8066037735849056,0.9636871508379888,0.09454921863580228,0.04727460931790114,0.030732843060352472,0.015366421530176236
PNG,Papua New Guinea,2017,1.0,0.16666666666666666,1,East Asia & Pacific,Lower middle income,10576502.0,32538480023.9998,0.03158,0.8079554484467402,0.8079554484467402,0.9349112426035504,0.7624820519514424,0.5720930232558139,0.8066037735849056,0.9636871508379888,0.09454921863580228,0.015758203105967043,0.030732843060352472,0.005122140510058746
PNG,Papua New Guinea,2019,1.0,0.5,1,East Asia & Pacific,Lower middle income,10576502.0,32538480023.9998,0.03158,0.8079554484467402,0.8079554484467402,0.9349112426035504,0.7624820519514424,0.5720930232558139,0.8066037735849056,0.9636871508379888,0.09454921863580228,0.04727460931790114,0.030732843060352472,0.015366421530176236
PNG,Papua New Guinea,2023,3.0,1.0833333333333333,3,East Asia & Pacific,Lower middle income,10576502.0,32538480023.9998,0.03158,0.8079554484467402,0.8079554484467402,0.9349112426035504,0.7624820519514424,0.5720930232558139,0.8066037735849056,0.9636871508379888,0.2836476559074068,0.10242832018878578,0.09219852918105743,0.03329391331538185
PNG,Papua New Guinea,2024,2.0,0.6666666666666666,2,East Asia & Pacific,Lower middle income,10576502.0,32538480023.9998,0.03158,0.8079554484467402,0.8079554484467402,0.9349112426035504,0.7624820519514424,0.5720930232558139,0.8066037735849056,0.9636871508379888,0.18909843727160455,0.06303281242386817,0.061465686120704945,0.020488562040234984
POL,Poland,2010,20.0,14.924242424242424,20,Europe & Central Asia,High income,36559233.0,914696430325.391,1.55525,0.3105950301838496,0.3105950301838496,0.1893491124260355,0.3352042814254014,0.0976744186046511,0.8301886792452831,0.1005586592178771,0.5470574286938679,0.40822088429049985,0.021865177710254393,0.01631606063984892
POL,Poland,2011,31.0,28.791666666666668,31,Europe & Central Asia,High income,36559233.0,914696430325.391,1.55525,0.3105950301838496,0.3105950301838496,0.1893491124260355,0.3352042814254014,0.0976744186046511,0.8301886792452831,0.1005586592178771,0.8479390144754951,0.7875347567238805,0.03389102545089431,0.03147674541205372
POL,Poland,2012,40.0,36.5,40,Europe & Central Asia,High income,36559233.0,914696430325.391,1.55525,0.3105950301838496,0.3105950301838496,0.1893491124260355,0.3352042814254014,0.0976744186046511,0.8301886792452831,0.1005586592178771,1.0941148573877357,0.9983798073663089,0.043730355420508786,0.03990394932121427
POL,Poland,2013,26.0,22.25,26,Europe & Central Asia,High income,36559233.0,914696430325.391,1.55525,0.3105950301838496,0.3105950301838496,0.1893491124260355,0.3352042814254014,0.0976744186046511,0.8301886792452831,0.1005586592178771,0.7111746573020281,0.608601389421928,0.02842473102333071,0.024325010202658013
POL,Poland,2014,28.0,27.0,28,Europe & Central Asia,High income,36559233.0,914696430325.391,1.55525,0.3105950301838496,0.3105950301838496,0.1893491124260355,0.3352042814254014,0.0976744186046511,0.8301886792452831,0.1005586592178771,0.765880400171415,0.7385275287367216,0.030611248794356147,0.029517989908843432
POL,Poland,2015,37.0,30.299242424242426,37,Europe & Central Asia,High income,36559233.0,914696430325.391,1.55525,0.3105950301838496,0.3105950301838496,0.1893491124260355,0.3352042814254014,0.0976744186046511,0.8301886792452831,0.1005586592178771,1.0120562430836555,0.8287712825989108,0.04045057876397063,0.033124916004606986
POL,Poland,2016,38.0,32.1,38,Europe & Central Asia,High income,36559233.0,914696430325.391,1.55525,0.3105950301838496,0.3105950301838496,0.1893491124260355,0.3352042814254014,0.0976744186046511,0.8301886792452831,0.1005586592178771,1.039409114518349,0.878027173053658,0.04154383764948334,0.0350936102249583
POL,Poland,2017,39.0,32.35,39,Europe & Central Asia,High income,36559233.0,914696430325.391,1.55525,0.3105950301838496,0.3105950301838496,0.1893491124260355,0.3352042814254014,0.0976744186046511,0.8301886792452831,0.1005586592178771,1.0667619859530422,0.8848653909123313,0.04263709653499607,0.03536692494633648
POL,Poland,2018,46.0,41.416666666666664,46,Europe & Central Asia,High income,36559233.0,914696430325.391,1.55525,0.3105950301838496,0.3105950301838496,0.1893491124260355,0.3352042814254014,0.0976744186046511,0.8301886792452831,0.1005586592178771,1.2582320859958962,1.1328647585868845,0.050289908733585104,0.04527913884165181
POL,Poland,2019,60.0,51.3421568627451,60,Europe & Central Asia,High income,36559233.0,914696430325.391,1.55525,0.3105950301838496,0.3105950301838496,0.1893491124260355,0.3352042814254014,0.0976744186046511,0.8301886792452831,0.1005586592178771,1.6411722860816034,1.4043554158465277,0.06559553313076318,0.05613026919158394
POL,Poland,2020,75.0,55.77361111111111,75,Europe & Central Asia,High income,36559233.0,914696430325.391,1.55525,0.3105950301838496,0.3105950301838496,0.1893491124260355,0.3352042814254014,0.0976744186046511,0.8301886792452831,0.1005586592178771,2.0514653576020043,1.525568414170809,0.08199441641345397,0.06097499592435317
POL,Poland,2021,110.0,80.455089763178,110,Europe & Central Asia,High income,36559233.0,914696430325.391,1.55525,0.3105950301838496,0.3105950301838496,0.1893491124260355,0.3352042814254014,0.0976744186046511,0.8301886792452831,0.1005586592178771,3.008815857816273,2.2006777265589244,0.12025847740639915,0.08795824176831779
POL,Poland,2022,134.0,103.06993464052287,134,Europe & Central Asia,High income,36559233.0,914696430325.391,1.55525,0.3105950301838496,0.3105950301838496,0.1893491124260355,0.3352042814254014,0.0976744186046511,0.8301886792452831,0.1005586592178771,3.665284772248915,2.819258671004473,0.14649669065870444,0.1126821218749669
POL,Poland,2023,128.0,85.26612276612276,128,Europe & Central Asia,High income,36559233.0,914696430325.391,1.55525,0.3105950301838496,0.3105950301838496,0.1893491124260355,0.3352042814254014,0.0976744186046511,0.8301886792452831,0.1005586592178771,3.5011675436407543,2.3322732937565394,0.13993713734562813,0.0932179463472821
POL,Poland,2024,142.0,90.8327380952381,142,Europe & Central Asia,High income,36559233.0,914696430325.391,1.55525,0.3105950301838496,0.3105950301838496,0.1893491124260355,0.3352042814254014,0.0976744186046511,0.8301886792452831,0.1005586592178771,3.8841077437264615,2.4845362071802244,0.15524276174280618,0.09930369801806876
POL,Poland,2025,202.0,132.9870238095238,202,Europe & Central Asia,High income,36559233.0,914696430325.391,1.55525,0.3105950301838496,0.3105950301838496,0.1893491124260355,0.3352042814254014,0.0976744186046511,0.8301886792452831,0.1005586592178771,5.525280029808065,3.637576964744414,0.22083829487356937,0.1453892454376535
PRT,Portugal,2010,3.0,2.0,3,Europe & Central Asia,High income,10694681.0,308683317392.68,1.69491,0.5409381105487107,0.5409381105487107,0.1893491124260355,0.3164648870904581,0.9348837209302324,0.5377358490566038,0.7262569832402235,0.280513275711543,0.18700885047436197,0.009718698196390256,0.006479132130926837
PRT,Portugal,2011,10.0,6.833333333333333,10,Europe & Central Asia,High income,10694681.0,308683317392.68,1.69491,0.5409381105487107,0.5409381105487107,0.1893491124260355,0.3164648870904581,0.9348837209302324,0.5377358490566038,0.7262569832402235,0.9350442523718099,0.6389469057874033,0.03239566065463419,0.022137034780666694
PRT,Portugal,2012,5.0,4.5,5,Europe & Central Asia,High income,10694681.0,308683317392.68,1.69491,0.5409381105487107,0.5409381105487107,0.1893491124260355,0.3164648870904581,0.9348837209302324,0.5377358490566038,0.7262569832402235,0.46752212618590494,0.4207699135673144,0.016197830327317093,0.014578047294585382
PRT,Portugal,2013,11.0,6.166666666666667,11,Europe & Central Asia,High income,10694681.0,308683317392.68,1.69491,0.5409381105487107,0.5409381105487107,0.1893491124260355,0.3164648870904581,0.9348837209302324,0.5377358490566038,0.7262569832402235,1.028548677608991,0.5766106222959494,0.035635226720097606,0.01997732407035775
PRT,Portugal,2014,16.0,11.0,16,Europe & Central Asia,High income,10694681.0,308683317392.68,1.69491,0.5409381105487107,0.5409381105487107,0.1893491124260355,0.3164648870904581,0.9348837209302324,0.5377358490566038,0.7262569832402235,1.4960708037948958,1.028548677608991,0.0518330570474147,0.035635226720097606
PRT,Portugal,2015,15.0,10.0,15,Europe & Central Asia,High income,10694681.0,308683317392.68,1.69491,0.5409381105487107,0.5409381105487107,0.1893491124260355,0.3164648870904581,0.9348837209302324,0.5377358490566038,0.7262569832402235,1.4025663785577147,0.9350442523718099,0.04859349098195128,0.03239566065463419
PRT,Portugal,2016,20.0,13.033333333333333,20,Europe & Central Asia,High income,10694681.0,308683317392.68,1.69491,0.5409381105487107,0.5409381105487107,0.1893491124260355,0.3164648870904581,0.9348837209302324,0.5377358490566038,0.7262569832402235,1.8700885047436198,1.2186743422579256,0.06479132130926837,0.04222234438653989
PRT,Portugal,2017,26.0,16.5,26,Europe & Central Asia,High income,10694681.0,308683317392.68,1.69491,0.5409381105487107,0.5409381105487107,0.1893491124260355,0.3164648870904581,0.9348837209302324,0.5377358490566038,0.7262569832402235,2.4311150561667056,1.5428230164134862,0.08422871770204889,0.053452840080146405
PRT,Portugal,2018,28.0,18.52777777777778,28,Europe & Central Asia,High income,10694681.0,308683317392.68,1.69491,0.5409381105487107,0.5409381105487107,0.1893491124260355,0.3164648870904581,0.9348837209302324,0.5377358490566038,0.7262569832402235,2.6181239066410678,1.7324292120333258,0.09070784983297572,0.06002196015733612
PRT,Portugal,2019,25.0,15.321794871794872,25,Europe & Central Asia,High income,10694681.0,308683317392.68,1.69491,0.5409381105487107,0.5409381105487107,0.1893491124260355,0.3164648870904581,0.9348837209302324,0.5377358490566038,0.7262569832402235,2.337610630929525,1.4326556230891667,0.08098915163658547,0.049635966728658096
PRT,Portugal,2020,42.0,27.59027777777778,42,Europe & Central Asia,High income,10694681.0,308683317392.68,1.69491,0.5409381105487107,0.5409381105487107,0.1893491124260355,0.3164648870904581,0.9348837209302324,0.5377358490566038,0.7262569832402235,3.9271858599616016,2.5798130657452782,0.13606177474946357,0.08938052762559835
PRT,Portugal,2021,67.0,44.49354575163399,67,Europe & Central Asia,High income,10694681.0,308683317392.68,1.69491,0.5409381105487107,0.5409381105487107,0.1893491124260355,0.3164648870904581,0.9348837209302324,0.5377358490566038,0.7262569832402235,6.2647964908911264,4.160343422270753,0.21705092638604906,0.1441397809491375
PRT,Portugal,2022,73.0,50.266666666666666,73,Europe & Central Asia,High income,10694681.0,308683317392.68,1.69491,0.5409381105487107,0.5409381105487107,0.1893491124260355,0.3164648870904581,0.9348837209302324,0.5377358490566038,0.7262569832402235,6.825823042314212,4.700155775255631,0.23648832277882956,0.16284218755729452
PRT,Portugal,2023,97.0,61.52448107448107,97,Europe & Central Asia,High income,10694681.0,308683317392.68,1.69491,0.5409381105487107,0.5409381105487107,0.1893491124260355,0.3164648870904581,0.9348837209302324,0.5377358490566038,0.7262569832402235,9.069929248006556,5.752811240885172,0.31423790834995163,0.19931262108413522
PRT,Portugal,2024,100.0,57.54115971747551,100,Europe & Central Asia,High income,10694681.0,308683317392.68,1.69491,0.5409381105487107,0.5409381105487107,0.1893491124260355,0.3164648870904581,0.9348837209302324,0.5377358490566038,0.7262569832402235,9.3504425237181,5.380353066863379,0.3239566065463419,0.1864083883881443
PRT,Portugal,2025,100.0,57.49605680868839,100,Europe & Central Asia,High income,10694681.0,308683317392.68,1.69491,0.5409381105487107,0.5409381105487107,0.1893491124260355,0.3164648870904581,0.9348837209302324,0.5377358490566038,0.7262569832402235,9.3504425237181,5.376135745300714,0.3239566065463419,0.18626227453538383
PRY,Paraguay,2025,3.0,1.0769230769230769,3,Latin America & Caribbean,Upper middle income,6929153.0,44458118399.6669,0.14117,0.5135391305835033,0.5135391305835033,0.4940828402366864,0.3340458164730453,0.6767441860465117,0.9622641509433962,0.1005586592178771,0.4329533494209177,0.15541915107417556,0.06747923906789716,0.0242233165884759
PSE,West Bank and Gaza,2012,1.0,0.5,1,Middle East & North Africa,Lower middle income,5289152.0,13711100000.0,0.45434,,,,0.3466257668711656,0.872093023255814,0.2028301886792453,,0.18906622460462472,0.09453311230231236,0.07293360853614954,0.03646680426807477
PSE,West Bank and Gaza,2013,1.0,0.5,1,Middle East & North Africa,Lower middle income,5289152.0,13711100000.0,0.45434,,,,0.3466257668711656,0.872093023255814,0.2028301886792453,,0.18906622460462472,0.09453311230231236,0.07293360853614954,0.03646680426807477
PSE,West Bank and Gaza,2019,1.0,0.5,1,Middle East & North Africa,Lower middle income,5289152.0,13711100000.0,0.45434,,,,0.3466257668711656,0.872093023255814,0.2028301886792453,,0.18906622460462472,0.09453311230231236,0.07293360853614954,0.03646680426807477
PSE,West Bank and Gaza,2020,3.0,1.0,3,Middle East & North Africa,Lower middle income,5289152.0,13711100000.0,0.45434,,,,0.3466257668711656,0.872093023255814,0.2028301886792453,,0.5671986738138741,0.18906622460462472,0.21880082560844863,0.07293360853614954
PSE,West Bank and Gaza,2022,3.0,1.6,3,Middle East & North Africa,Lower middle income,5289152.0,13711100000.0,0.45434,,,,0.3466257668711656,0.872093023255814,0.2028301886792453,,0.5671986738138741,0.30250595936739955,0.21880082560844863,0.11669377365783928
PSE,West Bank and Gaza,2023,5.0,2.0011655011655014,5,Middle East & North Africa,Lower middle income,5289152.0,13711100000.0,0.45434,,,,0.3466257668711656,0.872093023255814,0.2028301886792453,,0.9453311230231236,0.3783528061143831,0.3646680426807477,0.14595222127805219
PSE,West Bank and Gaza,2024,9.0,4.657575757575757,9,Middle East & North Africa,Lower middle income,5289152.0,13711100000.0,0.45434,,,,0.3466257668711656,0.872093023255814,0.2028301886792453,,1.7015960214416224,0.8805902642948732,0.6564024768253458,0.3396938070304904
PSE,West Bank and Gaza,2025,9.0,3.2670995670995673,9,Middle East & North Africa,Lower middle income,5289152.0,13711100000.0,0.45434,,,,0.3466257668711656,0.872093023255814,0.2028301886792453,,1.7015960214416224,0.6176981805589189,0.6564024768253458,0.2382813608754635
PYF,French Polynesia,2018,1.0,0.3333333333333333,1,East Asia & Pacific,High income,281807.0,6402221222.32749,,0.4349761369802446,,0.4319526627218935,,0.3162790697674418,0.0754716981132075,0.9162011173184358,3.5485278932035045,1.1828426310678348,0.15619578975380294,0.05206526325126765
PYF,French Polynesia,2020,2.0,0.6666666666666666,2,East Asia & Pacific,High income,281807.0,6402221222.32749,,0.4349761369802446,,0.4319526627218935,,0.3162790697674418,0.0754716981132075,0.9162011173184358,7.097055786407009,2.3656852621356697,0.3123915795076059,0.1041305265025353
QAT,Qatar,2010,1.0,0.09090909090909091,1,Middle East & North Africa,High income,2857822.0,217982967032.967,0.68058,,,,0.5834257929774181,0.7976744186046512,0.8632075471698113,,0.349916824770752,0.03181062043370473,0.004587514398997804,0.00041704676354525504
QAT,Qatar,2013,2.0,1.0,2,Middle East & North Africa,High income,2857822.0,217982967032.967,0.68058,,,,0.5834257929774181,0.7976744186046512,0.8632075471698113,,0.699833649541504,0.349916824770752,0.009175028797995609,0.004587514398997804
QAT,Qatar,2014,1.0,0.5,1,Middle East & North Africa,High income,2857822.0,217982967032.967,0.68058,,,,0.5834257929774181,0.7976744186046512,0.8632075471698113,,0.349916824770752,0.174958412385376,0.004587514398997804,0.002293757199498902
QAT,Qatar,2015,2.0,1.3333333333333333,2,Middle East & North Africa,High income,2857822.0,217982967032.967,0.68058,,,,0.5834257929774181,0.7976744186046512,0.8632075471698113,,0.699833649541504,0.46655576636100266,0.009175028797995609,0.006116685865330406
QAT,Qatar,2017,1.0,0.5,1,Middle East & North Africa,High income,2857822.0,217982967032.967,0.68058,,,,0.5834257929774181,0.7976744186046512,0.8632075471698113,,0.349916824770752,0.174958412385376,0.004587514398997804,0.002293757199498902
QAT,Qatar,2018,3.0,1.75,3,Middle East & North Africa,High income,2857822.0,217982967032.967,0.68058,,,,0.5834257929774181,0.7976744186046512,0.8632075471698113,,1.0497504743122559,0.612354443348816,0.013762543196993415,0.008028150198246159
QAT,Qatar,2019,4.0,3.333333333333333,4,Middle East & North Africa,High income,2857822.0,217982967032.967,0.68058,,,,0.5834257929774181,0.7976744186046512,0.8632075471698113,,1.399667299083008,1.1663894159025066,0.018350057595991218,0.015291714663326015
QAT,Qatar,2020,11.0,5.75,11,Middle East & North Africa,High income,2857822.0,217982967032.967,0.68058,,,,0.5834257929774181,0.7976744186046512,0.8632075471698113,,3.8490850724782724,2.012021742431824,0.05046265838897586,0.026378207794237378
QAT,Qatar,2021,16.0,7.216666666666667,16,Middle East & North Africa,High income,2857822.0,217982967032.967,0.68058,,,,0.5834257929774181,0.7976744186046512,0.8632075471698113,,5.598669196332032,2.525233085428927,0.07340023038396487,0.033106562246100826
QAT,Qatar,2022,18.0,9.083333333333334,18,Middle East & North Africa,High income,2857822.0,217982967032.967,0.68058,,,,0.5834257929774181,0.7976744186046512,0.8632075471698113,,6.298502845873536,3.1784111583343306,0.08257525918196049,0.0416699224575634
QAT,Qatar,2023,32.0,14.66068931068931,32,Middle East & North Africa,High income,2857822.0,217982967032.967,0.68058,,,,0.5834257929774181,0.7976744186046512,0.8632075471698113,,11.197338392664063,5.130021852546908,0.14680046076792974,0.06725612331202041
QAT,Qatar,2024,32.0,14.941666666666666,32,Middle East & North Africa,High income,2857822.0,217982967032.967,0.68058,,,,0.5834257929774181,0.7976744186046512,0.8632075471698113,,11.197338392664063,5.228340556782986,0.14680046076792974,0.06854511097835887
QAT,Qatar,2025,41.0,20.329254955570747,41,Middle East & North Africa,High income,2857822.0,217982967032.967,0.68058,,,,0.5834257929774181,0.7976744186046512,0.8632075471698113,,14.346589815600831,7.11354834400839,0.18808809035891003,0.09326074982957828
ROU,Romania,2011,4.0,3.5,4,Europe & Central Asia,High income,19051804.0,382767571329.158,0.51656,0.3185741762825829,0.3185741762825829,0.1893491124260355,0.545832789453074,0.1627906976744186,0.5943396226415094,0.1005586592178771,0.2099538710349949,0.18370963715562055,0.010450206077045724,0.009143930317415009
ROU,Romania,2012,4.0,3.333333333333333,4,Europe & Central Asia,High income,19051804.0,382767571329.158,0.51656,0.3185741762825829,0.3185741762825829,0.1893491124260355,0.545832789453074,0.1627906976744186,0.5943396226415094,0.1005586592178771,0.2099538710349949,0.17496155919582906,0.010450206077045724,0.00870850506420477
ROU,Romania,2013,1.0,1.0,1,Europe & Central Asia,High income,19051804.0,382767571329.158,0.51656,0.3185741762825829,0.3185741762825829,0.1893491124260355,0.545832789453074,0.1627906976744186,0.5943396226415094,0.1005586592178771,0.05248846775874873,0.05248846775874873,0.002612551519261431,0.002612551519261431
ROU,Romania,2014,3.0,3.0,3,Europe & Central Asia,High income,19051804.0,382767571329.158,0.51656,0.3185741762825829,0.3185741762825829,0.1893491124260355,0.545832789453074,0.1627906976744186,0.5943396226415094,0.1005586592178771,0.1574654032762462,0.1574654032762462,0.007837654557784294,0.007837654557784294
ROU,Romania,2015,7.0,7.0,7,Europe & Central Asia,High income,19051804.0,382767571329.158,0.51656,0.3185741762825829,0.3185741762825829,0.1893491124260355,0.545832789453074,0.1627906976744186,0.5943396226415094,0.1005586592178771,0.3674192743112411,0.3674192743112411,0.018287860634830018,0.018287860634830018
ROU,Romania,2016,6.0,4.833333333333333,6,Europe & Central Asia,High income,19051804.0,382767571329.158,0.51656,0.3185741762825829,0.3185741762825829,0.1893491124260355,0.545832789453074,0.1627906976744186,0.5943396226415094,0.1005586592178771,0.3149308065524924,0.25369426083395213,0.015675309115568588,0.012627332343096917
ROU,Romania,2017,6.0,4.333333333333333,6,Europe & Central Asia,High income,19051804.0,382767571329.158,0.51656,0.3185741762825829,0.3185741762825829,0.1893491124260355,0.545832789453074,0.1627906976744186,0.5943396226415094,0.1005586592178771,0.3149308065524924,0.22745002695457778,0.015675309115568588,0.011321056583466202
ROU,Romania,2018,8.0,6.0,8,Europe & Central Asia,High income,19051804.0,382767571329.158,0.51656,0.3185741762825829,0.3185741762825829,0.1893491124260355,0.545832789453074,0.1627906976744186,0.5943396226415094,0.1005586592178771,0.4199077420699898,0.3149308065524924,0.020900412154091448,0.015675309115568588
ROU,Romania,2019,11.0,6.958823529411765,11,Europe & Central Asia,High income,19051804.0,382767571329.158,0.51656,0.3185741762825829,0.3185741762825829,0.1893491124260355,0.545832789453074,0.1627906976744186,0.5943396226415094,0.1005586592178771,0.577373145346236,0.3652579844623514,0.028738066711875742,0.0181802849840369
ROU,Romania,2020,14.0,12.0625,14,Europe & Central Asia,High income,19051804.0,382767571329.158,0.51656,0.3185741762825829,0.3185741762825829,0.1893491124260355,0.545832789453074,0.1627906976744186,0.5943396226415094,0.1005586592178771,0.7348385486224822,0.6331421423399065,0.036575721269660036,0.031513902701091015
ROU,Romania,2021,22.0,14.929166666666667,22,Europe & Central Asia,High income,19051804.0,382767571329.158,0.51656,0.3185741762825829,0.3185741762825829,0.1893491124260355,0.545832789453074,0.1627906976744186,0.5943396226415094,0.1005586592178771,1.154746290692472,0.7836090832483196,0.057476133423751484,0.03900321705630712
ROU,Romania,2022,37.0,29.583333333333332,37,Europe & Central Asia,High income,19051804.0,382767571329.158,0.51656,0.3185741762825829,0.3185741762825829,0.1893491124260355,0.545832789453074,0.1627906976744186,0.5943396226415094,0.1005586592178771,1.9420733070737026,1.552783837862983,0.09666440621267294,0.07728798244481734
ROU,Romania,2023,50.0,41.057575757575755,50,Europe & Central Asia,High income,19051804.0,382767571329.158,0.51656,0.3185741762825829,0.3185741762825829,0.1893491124260355,0.545832789453074,0.1627906976744186,0.5943396226415094,0.1005586592178771,2.6244233879374366,2.155049241403898,0.13062757596307153,0.10726503192264585
ROU,Romania,2024,51.0,30.955393217893217,51,Europe & Central Asia,High income,19051804.0,382767571329.158,0.51656,0.3185741762825829,0.3185741762825829,0.1893491124260355,0.545832789453074,0.1627906976744186,0.5943396226415094,0.1005586592178771,2.676911855696185,1.624801158876777,0.133240127482333,0.08087255958074192
ROU,Romania,2025,101.0,75.77504337767496,101,Europe & Central Asia,High income,19051804.0,382767571329.158,0.51656,0.3185741762825829,0.3185741762825829,0.1893491124260355,0.545832789453074,0.1627906976744186,0.5943396226415094,0.1005586592178771,5.301335243633621,3.9773159212468783,0.26386770344540456,0.19796620469844556
RUS,Russian Federation,2010,5.0,2.9,5,Europe & Central Asia,High income,143533851.0,2173835806671.66,0.93706,0.3427611795843537,0.3427611795843537,0.1893491124260355,0.6223404255319149,0.0232558139534883,0.7783018867924528,0.1005586592178771,0.03483498815899533,0.02020429313221729,0.0023000817194447887,0.0013340473972779773
RUS,Russian Federation,2011,9.0,5.5,9,Europe & Central Asia,High income,143533851.0,2173835806671.66,0.93706,0.3427611795843537,0.3427611795843537,0.1893491124260355,0.6223404255319149,0.0232558139534883,0.7783018867924528,0.1005586592178771,0.0627029786861916,0.038318486974894865,0.004140147095000619,0.002530089891389267
RUS,Russian Federation,2012,1.0,1.0,1,Europe & Central Asia,High income,143533851.0,2173835806671.66,0.93706,0.3427611795843537,0.3427611795843537,0.1893491124260355,0.6223404255319149,0.0232558139534883,0.7783018867924528,0.1005586592178771,0.006966997631799066,0.006966997631799066,0.00046001634388895767,0.00046001634388895767
RUS,Russian Federation,2013,4.0,2.75,4,Europe & Central Asia,High income,143533851.0,2173835806671.66,0.93706,0.3427611795843537,0.3427611795843537,0.1893491124260355,0.6223404255319149,0.0232558139534883,0.7783018867924528,0.1005586592178771,0.027867990527196265,0.019159243487447433,0.0018400653755558307,0.0012650449456946336
RUS,Russian Federation,2014,11.0,7.25,11,Europe & Central Asia,High income,143533851.0,2173835806671.66,0.93706,0.3427611795843537,0.3427611795843537,0.1893491124260355,0.6223404255319149,0.0232558139534883,0.7783018867924528,0.1005586592178771,0.07663697394978973,0.05051073283054323,0.005060179782778534,0.003335118493194943
RUS,Russian Federation,2015,11.0,7.5,11,Europe & Central Asia,High income,143533851.0,2173835806671.66,0.93706,0.3427611795843537,0.3427611795843537,0.1893491124260355,0.6223404255319149,0.0232558139534883,0.7783018867924528,0.1005586592178771,0.07663697394978973,0.052252482238493,0.005060179782778534,0.0034501225791671824
RUS,Russian Federation,2016,12.0,8.666666666666666,12,Europe & Central Asia,High income,143533851.0,2173835806671.66,0.93706,0.3427611795843537,0.3427611795843537,0.1893491124260355,0.6223404255319149,0.0232558139534883,0.7783018867924528,0.1005586592178771,0.08360397158158879,0.06038064614225856,0.005520196126667492,0.003986808313704299
RUS,Russian Federation,2017,16.0,12.283333333333333,16,Europe & Central Asia,High income,143533851.0,2173835806671.66,0.93706,0.3427611795843537,0.3427611795843537,0.1893491124260355,0.6223404255319149,0.0232558139534883,0.7783018867924528,0.1005586592178771,0.11147196210878506,0.08557795424393186,0.007360261502223323,0.005650534090769363
RUS,Russian Federation,2018,16.0,11.2,16,Europe & Central Asia,High income,143533851.0,2173835806671.66,0.93706,0.3427611795843537,0.3427611795843537,0.1893491124260355,0.6223404255319149,0.0232558139534883,0.7783018867924528,0.1005586592178771,0.11147196210878506,0.07803037347614954,0.007360261502223323,0.0051521830515563255
RUS,Russian Federation,2019,22.0,15.316239316239317,22,Europe & Central Asia,High income,143533851.0,2173835806671.66,0.93706,0.3427611795843537,0.3427611795843537,0.1893491124260355,0.6223404255319149,0.0232558139534883,0.7783018867924528,0.1005586592178771,0.15327394789957946,0.10670820304430706,0.010120359565557069,0.007045720412384719
RUS,Russian Federation,2020,26.0,19.243589743589745,26,Europe & Central Asia,High income,143533851.0,2173835806671.66,0.93706,0.3427611795843537,0.3427611795843537,0.1893491124260355,0.6223404255319149,0.0232558139534883,0.7783018867924528,0.1005586592178771,0.1811419384267757,0.13407004417090254,0.011960424941112898,0.008852365797145198
RUS,Russian Federation,2021,47.0,29.9046568627451,47,Europe & Central Asia,High income,143533851.0,2173835806671.66,0.93706,0.3427611795843537,0.3427611795843537,0.1893491124260355,0.6223404255319149,0.0232558139534883,0.7783018867924528,0.1005586592178771,0.3274488886945561,0.2083456735425088,0.02162076816278101,0.013756630915253828
RUS,Russian Federation,2022,73.0,42.08015873015873,73,Europe & Central Asia,High income,143533851.0,2173835806671.66,0.93706,0.3427611795843537,0.3427611795843537,0.1893491124260355,0.6223404255319149,0.0232558139534883,0.7783018867924528,0.1005586592178771,0.5085908271213319,0.29317236621874465,0.03358119310389391,0.019357560769314622
RUS,Russian Federation,2023,93.0,70.78525641025641,93,Europe & Central Asia,High income,143533851.0,2173835806671.66,0.93706,0.3427611795843537,0.3427611795843537,0.1893491124260355,0.6223404255319149,0.0232558139534883,0.7783018867924528,0.1005586592178771,0.6479307797573132,0.493160713776546,0.04278151998167306,0.03256237485508856
RUS,Russian Federation,2024,84.0,55.14646464646464,84,Europe & Central Asia,High income,143533851.0,2173835806671.66,0.93706,0.3427611795843537,0.3427611795843537,0.1893491124260355,0.6223404255319149,0.0232558139534883,0.7783018867924528,0.1005586592178771,0.5852278010711215,0.3842052885940101,0.038641372886672444,0.025368275045068327
RUS,Russian Federation,2025,137.0,93.42179824561403,137,Europe & Central Asia,High income,143533851.0,2173835806671.66,0.93706,0.3427611795843537,0.3427611795843537,0.1893491124260355,0.6223404255319149,0.0232558139534883,0.7783018867924528,0.1005586592178771,0.954478675556472,0.6508694471356031,0.0630222391127872,0.0429755540684792
RWA,Rwanda,2012,1.0,0.5,1,Sub-Saharan Africa,Low income,14256567.0,14251642231.4932,0.78149,0.5768780266418896,0.5768780266418896,0.9112426035502958,0.4799797676543532,0.9604651162790696,0.080188679245283,0.4525139664804469,0.0701431136963057,0.03507155684815285,0.07016735220802874,0.03508367610401437
RWA,Rwanda,2013,1.0,0.5,1,Sub-Saharan Africa,Low income,14256567.0,14251642231.4932,0.78149,0.5768780266418896,0.5768780266418896,0.9112426035502958,0.4799797676543532,0.9604651162790696,0.080188679245283,0.4525139664804469,0.0701431136963057,0.03507155684815285,0.07016735220802874,0.03508367610401437
RWA,Rwanda,2019,1.0,0.5,1,Sub-Saharan Africa,Low income,14256567.0,14251642231.4932,0.78149,0.5768780266418896,0.5768780266418896,0.9112426035502958,0.4799797676543532,0.9604651162790696,0.080188679245283,0.4525139664804469,0.0701431136963057,0.03507155684815285,0.07016735220802874,0.03508367610401437
RWA,Rwanda,2020,2.0,1.0,2,Sub-Saharan Africa,Low income,14256567.0,14251642231.4932,0.78149,0.5768780266418896,0.5768780266418896,0.9112426035502958,0.4799797676543532,0.9604651162790696,0.080188679245283,0.4525139664804469,0.1402862273926114,0.0701431136963057,0.14033470441605747,0.07016735220802874
RWA,Rwanda,2021,4.0,1.8333333333333333,4,Sub-Saharan Africa,Low income,14256567.0,14251642231.4932,0.78149,0.5768780266418896,0.5768780266418896,0.9112426035502958,0.4799797676543532,0.9604651162790696,0.080188679245283,0.4525139664804469,0.2805724547852228,0.12859570844322712,0.28066940883211494,0.12864014571471935
RWA,Rwanda,2022,8.0,2.583333333333333,8,Sub-Saharan Africa,Low income,14256567.0,14251642231.4932,0.78149,0.5768780266418896,0.5768780266418896,0.9112426035502958,0.4799797676543532,0.9604651162790696,0.080188679245283,0.4525139664804469,0.5611449095704456,0.1812030437154564,0.5613388176642299,0.1812656598707409
RWA,Rwanda,2023,7.0,3.1166666666666667,7,Sub-Saharan Africa,Low income,14256567.0,14251642231.4932,0.78149,0.5768780266418896,0.5768780266418896,0.9112426035502958,0.4799797676543532,0.9604651162790696,0.080188679245283,0.4525139664804469,0.49100179587414,0.21861270435348612,0.49117146545620116,0.2186882477150229
RWA,Rwanda,2024,14.0,5.7859649122807015,14,Sub-Saharan Africa,Low income,14256567.0,14251642231.4932,0.78149,0.5768780266418896,0.5768780266418896,0.9112426035502958,0.4799797676543532,0.9604651162790696,0.080188679245283,0.4525139664804469,0.98200359174828,0.40584559468494075,0.9823429309124023,0.4059858378632961
RWA,Rwanda,2025,12.0,6.511904761904762,12,Sub-Saharan Africa,Low income,14256567.0,14251642231.4932,0.78149,0.5768780266418896,0.5768780266418896,0.9112426035502958,0.4799797676543532,0.9604651162790696,0.080188679245283,0.4525139664804469,0.8417173643556685,0.45676527609380024,0.8420082264963449,0.45692311497371096
SAU,Saudi Arabia,2010,2.0,1.5,2,Middle East & North Africa,High income,35300280.0,1237529866666.67,0.63522,0.6344866078970555,0.6344866078970555,0.1893491124260355,0.6789257277117869,0.8906976744186047,0.5754716981132075,0.8379888268156425,0.0566567743938575,0.04249258079539313,0.0016161226115593234,0.0012120919586694927
SAU,Saudi Arabia,2011,5.0,2.6666666666666665,5,Middle East & North Africa,High income,35300280.0,1237529866666.67,0.63522,0.6344866078970555,0.6344866078970555,0.1893491124260355,0.6789257277117869,0.8906976744186047,0.5754716981132075,0.8379888268156425,0.14164193598464375,0.07554236585847665,0.004040306528898309,0.0021548301487457643
SAU,Saudi Arabia,2012,4.0,2.333333333333333,4,Middle East & North Africa,High income,35300280.0,1237529866666.67,0.63522,0.6344866078970555,0.6344866078970555,0.1893491124260355,0.6789257277117869,0.8906976744186047,0.5754716981132075,0.8379888268156425,0.113313548787715,0.06609957012616707,0.0032322452231186467,0.0018854763801525436
SAU,Saudi Arabia,2013,8.0,4.833333333333333,8,Middle East & North Africa,High income,35300280.0,1237529866666.67,0.63522,0.6344866078970555,0.6344866078970555,0.1893491124260355,0.6789257277117869,0.8906976744186047,0.5754716981132075,0.8379888268156425,0.22662709757543,0.13692053811848895,0.0064644904462372935,0.0039056296446016983
SAU,Saudi Arabia,2014,12.0,8.333333333333334,12,Middle East & North Africa,High income,35300280.0,1237529866666.67,0.63522,0.6344866078970555,0.6344866078970555,0.1893491124260355,0.6789257277117869,0.8906976744186047,0.5754716981132075,0.8379888268156425,0.339940646363145,0.2360698933077396,0.009696735669355942,0.0067338442148305155
SAU,Saudi Arabia,2015,11.0,6.666666666666666,11,Middle East & North Africa,High income,35300280.0,1237529866666.67,0.63522,0.6344866078970555,0.6344866078970555,0.1893491124260355,0.6789257277117869,0.8906976744186047,0.5754716981132075,0.8379888268156425,0.31161225916621627,0.18885591464619164,0.00888867436357628,0.0053870753718644115
SAU,Saudi Arabia,2016,7.0,3.583333333333333,7,Middle East & North Africa,High income,35300280.0,1237529866666.67,0.63522,0.6344866078970555,0.6344866078970555,0.1893491124260355,0.6789257277117869,0.8906976744186047,0.5754716981132075,0.8379888268156425,0.19829871037850125,0.10151005412232801,0.005656429140457632,0.002895553012377121
SAU,Saudi Arabia,2017,15.0,9.533333333333333,15,Middle East & North Africa,High income,35300280.0,1237529866666.67,0.63522,0.6344866078970555,0.6344866078970555,0.1893491124260355,0.6789257277117869,0.8906976744186047,0.5754716981132075,0.8379888268156425,0.4249258079539312,0.2700639579440541,0.012120919586694926,0.0077035177817661084
SAU,Saudi Arabia,2018,18.0,9.4,18,Middle East & North Africa,High income,35300280.0,1237529866666.67,0.63522,0.6344866078970555,0.6344866078970555,0.1893491124260355,0.6789257277117869,0.8906976744186047,0.5754716981132075,0.8379888268156425,0.5099109695447175,0.26628683965113026,0.01454510350403391,0.007595776274328821
SAU,Saudi Arabia,2019,40.0,22.616666666666667,40,Middle East & North Africa,High income,35300280.0,1237529866666.67,0.63522,0.6344866078970555,0.6344866078970555,0.1893491124260355,0.6789257277117869,0.8906976744186047,0.5754716981132075,0.8379888268156425,1.13313548787715,0.6406936904372053,0.032322452231186474,0.01827565319905002
SAU,Saudi Arabia,2020,45.0,23.71978021978022,45,Middle East & North Africa,High income,35300280.0,1237529866666.67,0.63522,0.6344866078970555,0.6344866078970555,0.1893491124260355,0.6789257277117869,0.8906976744186047,0.5754716981132075,0.8379888268156425,1.2747774238617937,0.6719431182919857,0.03636275876008478,0.019167036577202198
SAU,Saudi Arabia,2021,101.0,47.858333333333334,101,Middle East & North Africa,High income,35300280.0,1237529866666.67,0.63522,0.6344866078970555,0.6344866078970555,0.1893491124260355,0.6789257277117869,0.8906976744186047,0.5754716981132075,0.8379888268156425,2.8611671068898037,1.3557493972663484,0.08161419188374583,0.03867246732577165
SAU,Saudi Arabia,2022,209.0,94.61190476190477,209,Middle East & North Africa,High income,35300280.0,1237529866666.67,0.63522,0.6344866078970555,0.6344866078970555,0.1893491124260355,0.6789257277117869,0.8906976744186047,0.5754716981132075,0.8379888268156425,5.920632924158109,2.6802026715341856,0.1688848129079493,0.07645221930420576
SAU,Saudi Arabia,2023,249.0,118.36545121545122,249,Middle East & North Africa,High income,35300280.0,1237529866666.67,0.63522,0.6344866078970555,0.6344866078970555,0.1893491124260355,0.6789257277117869,0.8906976744186047,0.5754716981132075,0.8379888268156425,7.053768412035259,3.353102332770483,0.20120726513913578,0.09564654106835636
SAU,Saudi Arabia,2024,293.0,133.30519480519482,293,Middle East & North Africa,High income,35300280.0,1237529866666.67,0.63522,0.6344866078970555,0.6344866078970555,0.1893491124260355,0.6789257277117869,0.8906976744186047,0.5754716981132075,0.8379888268156425,8.300217448700124,3.7763211738035736,0.23676196259344087,0.1077187697814979
SAU,Saudi Arabia,2025,563.0,271.8179292929293,563,Middle East & North Africa,High income,35300280.0,1237529866666.67,0.63522,0.6344866078970555,0.6344866078970555,0.1893491124260355,0.6789257277117869,0.8906976744186047,0.5754716981132075,0.8379888268156425,15.948881991870886,7.700163548077503,0.45493851515394956,0.21964555087876825
SDN,Sudan,2011,3.0,1.5,3,Sub-Saharan Africa,Low income,50448963.0,49909807029.6996,0.225,0.7216713597701386,0.7216713597701386,0.6745562130177515,0.9386503067484664,0.9255813953488372,0.6226415094339622,0.4469273743016759,0.05946603897487447,0.029733019487437236,0.06010842715169794,0.03005421357584897
SDN,Sudan,2014,2.0,1.0,2,Sub-Saharan Africa,Low income,50448963.0,49909807029.6996,0.225,0.7216713597701386,0.7216713597701386,0.6745562130177515,0.9386503067484664,0.9255813953488372,0.6226415094339622,0.4469273743016759,0.03964402598324965,0.019822012991624824,0.04007228476779862,0.02003614238389931
SDN,Sudan,2015,1.0,0.5,1,Sub-Saharan Africa,Low income,50448963.0,49909807029.6996,0.225,0.7216713597701386,0.7216713597701386,0.6745562130177515,0.9386503067484664,0.9255813953488372,0.6226415094339622,0.4469273743016759,0.019822012991624824,0.009911006495812412,0.02003614238389931,0.010018071191949656
SDN,Sudan,2016,2.0,0.8333333333333333,2,Sub-Saharan Africa,Low income,50448963.0,49909807029.6996,0.225,0.7216713597701386,0.7216713597701386,0.6745562130177515,0.9386503067484664,0.9255813953488372,0.6226415094339622,0.4469273743016759,0.03964402598324965,0.01651834415968735,0.04007228476779862,0.016696785319916092
SDN,Sudan,2018,2.0,0.8333333333333333,2,Sub-Saharan Africa,Low income,50448963.0,49909807029.6996,0.225,0.7216713597701386,0.7216713597701386,0.6745562130177515,0.9386503067484664,0.9255813953488372,0.6226415094339622,0.4469273743016759,0.03964402598324965,0.01651834415968735,0.04007228476779862,0.016696785319916092
SDN,Sudan,2019,1.0,0.5,1,Sub-Saharan Africa,Low income,50448963.0,49909807029.6996,0.225,0.7216713597701386,0.7216713597701386,0.6745562130177515,0.9386503067484664,0.9255813953488372,0.6226415094339622,0.4469273743016759,0.019822012991624824,0.009911006495812412,0.02003614238389931,0.010018071191949656
SDN,Sudan,2020,2.0,0.5,2,Sub-Saharan Africa,Low income,50448963.0,49909807029.6996,0.225,0.7216713597701386,0.7216713597701386,0.6745562130177515,0.9386503067484664,0.9255813953488372,0.6226415094339622,0.4469273743016759,0.03964402598324965,0.009911006495812412,0.04007228476779862,0.010018071191949656
SDN,Sudan,2021,4.0,1.5,4,Sub-Saharan Africa,Low income,50448963.0,49909807029.6996,0.225,0.7216713597701386,0.7216713597701386,0.6745562130177515,0.9386503067484664,0.9255813953488372,0.6226415094339622,0.4469273743016759,0.0792880519664993,0.029733019487437236,0.08014456953559725,0.03005421357584897
SDN,Sudan,2022,2.0,0.5833333333333333,2,Sub-Saharan Africa,Low income,50448963.0,49909807029.6996,0.225,0.7216713597701386,0.7216713597701386,0.6745562130177515,0.9386503067484664,0.9255813953488372,0.6226415094339622,0.4469273743016759,0.03964402598324965,0.011562840911781147,0.04007228476779862,0.011687749723941264
SDN,Sudan,2023,1.0,0.3333333333333333,1,Sub-Saharan Africa,Low income,50448963.0,49909807029.6996,0.225,0.7216713597701386,0.7216713597701386,0.6745562130177515,0.9386503067484664,0.9255813953488372,0.6226415094339622,0.4469273743016759,0.019822012991624824,0.006607337663874941,0.02003614238389931,0.006678714127966437
SDN,Sudan,2024,6.0,1.8666666666666667,6,Sub-Saharan Africa,Low income,50448963.0,49909807029.6996,0.225,0.7216713597701386,0.7216713597701386,0.6745562130177515,0.9386503067484664,0.9255813953488372,0.6226415094339622,0.4469273743016759,0.11893207794974894,0.037001090917699674,0.12021685430339588,0.03740079911661205
SDN,Sudan,2025,11.0,4.616666666666666,11,Sub-Saharan Africa,Low income,50448963.0,49909807029.6996,0.225,0.7216713597701386,0.7216713597701386,0.6745562130177515,0.9386503067484664,0.9255813953488372,0.6226415094339622,0.4469273743016759,0.21804214290787305,0.09151162664466791,0.22039756622289244,0.09250019067233516
SEN,Senegal,2010,1.0,0.3333333333333333,1,Sub-Saharan Africa,Lower middle income,18501984.0,32267254425.052,0.5772,0.3881027210448463,0.3881027210448463,0.4822485207100592,0.4019873384675629,0.2558139534883721,0.2641509433962264,0.5363128491620112,0.05404825774360198,0.018016085914533995,0.030991171012790267,0.010330390337596754
SEN,Senegal,2014,1.0,0.5,1,Sub-Saharan Africa,Lower middle income,18501984.0,32267254425.052,0.5772,0.3881027210448463,0.3881027210448463,0.4822485207100592,0.4019873384675629,0.2558139534883721,0.2641509433962264,0.5363128491620112,0.05404825774360198,0.02702412887180099,0.030991171012790267,0.015495585506395133
SEN,Senegal,2017,1.0,0.07142857142857142,1,Sub-Saharan Africa,Lower middle income,18501984.0,32267254425.052,0.5772,0.3881027210448463,0.3881027210448463,0.4822485207100592,0.4019873384675629,0.2558139534883721,0.2641509433962264,0.5363128491620112,0.05404825774360198,0.003860589838828713,0.030991171012790267,0.002213655072342162
SEN,Senegal,2018,3.0,1.0833333333333333,3,Sub-Saharan Africa,Lower middle income,18501984.0,32267254425.052,0.5772,0.3881027210448463,0.3881027210448463,0.4822485207100592,0.4019873384675629,0.2558139534883721,0.2641509433962264,0.5363128491620112,0.16214477323080595,0.05855227922223548,0.09297351303837081,0.033573768597189454
SEN,Senegal,2019,3.0,0.7051282051282051,3,Sub-Saharan Africa,Lower middle income,18501984.0,32267254425.052,0.5772,0.3881027210448463,0.3881027210448463,0.4822485207100592,0.4019873384675629,0.2558139534883721,0.2641509433962264,0.5363128491620112,0.16214477323080595,0.03811095097305268,0.09297351303837081,0.02185274879107006
SEN,Senegal,2020,3.0,1.0,3,Sub-Saharan Africa,Lower middle income,18501984.0,32267254425.052,0.5772,0.3881027210448463,0.3881027210448463,0.4822485207100592,0.4019873384675629,0.2558139534883721,0.2641509433962264,0.5363128491620112,0.16214477323080595,0.05404825774360198,0.09297351303837081,0.030991171012790267
SEN,Senegal,2021,1.0,0.5,1,Sub-Saharan Africa,Lower middle income,18501984.0,32267254425.052,0.5772,0.3881027210448463,0.3881027210448463,0.4822485207100592,0.4019873384675629,0.2558139534883721,0.2641509433962264,0.5363128491620112,0.05404825774360198,0.02702412887180099,0.030991171012790267,0.015495585506395133
SEN,Senegal,2022,5.0,1.6166666666666667,5,Sub-Saharan Africa,Lower middle income,18501984.0,32267254425.052,0.5772,0.3881027210448463,0.3881027210448463,0.4822485207100592,0.4019873384675629,0.2558139534883721,0.2641509433962264,0.5363128491620112,0.2702412887180099,0.08737801668548988,0.15495585506395135,0.05010239313734426
SEN,Senegal,2023,7.0,3.075,7,Sub-Saharan Africa,Lower middle income,18501984.0,32267254425.052,0.5772,0.3881027210448463,0.3881027210448463,0.4822485207100592,0.4019873384675629,0.2558139534883721,0.2641509433962264,0.5363128491620112,0.37833780420521385,0.1661983925615761,0.21693819708953188,0.09529785086433008
SEN,Senegal,2024,8.0,2.6666666666666665,8,Sub-Saharan Africa,Lower middle income,18501984.0,32267254425.052,0.5772,0.3881027210448463,0.3881027210448463,0.4822485207100592,0.4019873384675629,0.2558139534883721,0.2641509433962264,0.5363128491620112,0.43238606194881585,0.14412868731627196,0.24792936810232213,0.08264312270077404
SEN,Senegal,2025,8.0,4.166666666666666,8,Sub-Saharan Africa,Lower middle income,18501984.0,32267254425.052,0.5772,0.3881027210448463,0.3881027210448463,0.4822485207100592,0.4019873384675629,0.2558139534883721,0.2641509433962264,0.5363128491620112,0.43238606194881585,0.22520107393167488,0.24792936810232213,0.12912987921995944
SGP,Singapore,2010,1.0,0.3333333333333333,1,East Asia & Pacific,High income,6036860.0,547386645891.847,1.80821,,,,0.1347898446677979,0.1674418604651162,0.1367924528301886,,0.1656490294623364,0.05521634315411212,0.0018268622508514406,0.0006089540836171468
SGP,Singapore,2011,4.0,2.833333333333333,4,East Asia & Pacific,High income,6036860.0,547386645891.847,1.80821,,,,0.1347898446677979,0.1674418604651162,0.1367924528301886,,0.6625961178493456,0.46933891680995304,0.007307449003405762,0.005176109710745748
SGP,Singapore,2012,7.0,5.083333333333333,7,East Asia & Pacific,High income,6036860.0,547386645891.847,1.80821,,,,0.1347898446677979,0.1674418604651162,0.1367924528301886,,1.1595432062363547,0.8420492331002098,0.012788035755960084,0.009286549775161489
SGP,Singapore,2013,5.0,2.9166666666666665,5,East Asia & Pacific,High income,6036860.0,547386645891.847,1.80821,,,,0.1347898446677979,0.1674418604651162,0.1367924528301886,,0.8282451473116819,0.4831430025984811,0.009134311254257203,0.005328348231650034
SGP,Singapore,2014,9.0,6.083333333333333,9,East Asia & Pacific,High income,6036860.0,547386645891.847,1.80821,,,,0.1347898446677979,0.1674418604651162,0.1367924528301886,,1.4908412651610274,1.0076982625625464,0.016441760257662967,0.01111341202601293
SGP,Singapore,2015,13.0,6.292857142857143,13,East Asia & Pacific,High income,6036860.0,547386645891.847,1.80821,,,,0.1347898446677979,0.1674418604651162,0.1367924528301886,,2.153437383010373,1.0424056782594169,0.023749209261068726,0.011496183164286565
SGP,Singapore,2016,9.0,3.833333333333333,9,East Asia & Pacific,High income,6036860.0,547386645891.847,1.80821,,,,0.1347898446677979,0.1674418604651162,0.1367924528301886,,1.4908412651610274,0.6349879462722894,0.016441760257662967,0.007002971961597188
SGP,Singapore,2017,18.0,8.45,18,East Asia & Pacific,High income,6036860.0,547386645891.847,1.80821,,,,0.1347898446677979,0.1674418604651162,0.1367924528301886,,2.981682530322055,1.3997342989567423,0.032883520515325934,0.015436986019694671
SGP,Singapore,2018,22.0,13.208333333333334,22,East Asia & Pacific,High income,6036860.0,547386645891.847,1.80821,,,,0.1347898446677979,0.1674418604651162,0.1367924528301886,,3.6442786481714005,2.1879475974816933,0.04019096951873169,0.024129805563329443
SGP,Singapore,2019,29.0,14.371794871794872,29,East Asia & Pacific,High income,6036860.0,547386645891.847,1.80821,,,,0.1347898446677979,0.1674418604651162,0.1367924528301886,,4.803821854407755,2.380673872144604,0.05297900527469177,0.02625528952826237
SGP,Singapore,2020,60.0,31.945833333333333,60,East Asia & Pacific,High income,6036860.0,547386645891.847,1.80821,,,,0.1347898446677979,0.1674418604651162,0.1367924528301886,,9.938941767740184,5.291796287032221,0.10961173505108643,0.058360636988658315
SGP,Singapore,2021,57.0,29.78333333333333,57,East Asia & Pacific,High income,6036860.0,547386645891.847,1.80821,,,,0.1347898446677979,0.1674418604651162,0.1367924528301886,,9.441994679353174,4.933580260819919,0.10413114829853211,0.054410047371192066
SGP,Singapore,2022,90.0,48.11764705882353,90,East Asia & Pacific,High income,6036860.0,547386645891.847,1.80821,,,,0.1347898446677979,0.1674418604651162,0.1367924528301886,,14.908412651610274,7.970641535305363,0.16441760257662966,0.08790431301155756
SGP,Singapore,2023,89.0,45.63333333333333,89,East Asia & Pacific,High income,6036860.0,547386645891.847,1.80821,,,,0.1347898446677979,0.1674418604651162,0.1367924528301886,,14.742763622147939,7.55911737779795,0.1625907403257782,0.0833658140471874
SGP,Singapore,2024,138.0,71.47619047619048,138,East Asia & Pacific,High income,6036860.0,547386645891.847,1.80821,,,,0.1347898446677979,0.1674418604651162,0.1367924528301886,,22.85956606580242,11.839961582046044,0.2521069906174988,0.13057715421561963
SGP,Singapore,2025,207.0,108.04563492063492,207,East Asia & Pacific,High income,6036860.0,547386645891.847,1.80821,,,,0.1347898446677979,0.1674418604651162,0.1367924528301886,,34.28934909870363,17.897654562245094,0.3781604859262482,0.19738449180578413
SLE,Sierra Leone,2017,2.0,0.3214285714285714,2,Sub-Saharan Africa,Low income,8642022.0,7547843281.27425,,0.5696043505528131,0.5696043505528131,0.9053254437869822,0.5008647696123222,0.7465116279069768,0.1981132075471698,0.4972067039106145,0.23142732105981678,0.03719367659889913,0.2649763548962233,0.04258548560832159
SLE,Sierra Leone,2019,1.0,0.5,1,Sub-Saharan Africa,Low income,8642022.0,7547843281.27425,,0.5696043505528131,0.5696043505528131,0.9053254437869822,0.5008647696123222,0.7465116279069768,0.1981132075471698,0.4972067039106145,0.11571366052990839,0.057856830264954195,0.13248817744811164,0.06624408872405582
SLE,Sierra Leone,2021,1.0,0.3333333333333333,1,Sub-Saharan Africa,Low income,8642022.0,7547843281.27425,,0.5696043505528131,0.5696043505528131,0.9053254437869822,0.5008647696123222,0.7465116279069768,0.1981132075471698,0.4972067039106145,0.11571366052990839,0.038571220176636126,0.13248817744811164,0.0441627258160372
SLE,Sierra Leone,2024,2.0,1.0,2,Sub-Saharan Africa,Low income,8642022.0,7547843281.27425,,0.5696043505528131,0.5696043505528131,0.9053254437869822,0.5008647696123222,0.7465116279069768,0.1981132075471698,0.4972067039106145,0.23142732105981678,0.11571366052990839,0.2649763548962233,0.13248817744811164
SLE,Sierra Leone,2025,2.0,0.8333333333333333,2,Sub-Saharan Africa,Low income,8642022.0,7547843281.27425,,0.5696043505528131,0.5696043505528131,0.9053254437869822,0.5008647696123222,0.7465116279069768,0.1981132075471698,0.4972067039106145,0.23142732105981678,0.09642805044159032,0.2649763548962233,0.11040681454009302
SLV,El Salvador,2018,1.0,0.5,1,Latin America & Caribbean,Upper middle income,6338193.0,35364960000.0,0.10152,0.5219951936738714,0.5219951936738714,0.5621301775147929,0.5477907583866336,0.6767441860465117,0.2311320754716981,0.5921787709497207,0.15777367461041342,0.07888683730520671,0.028276576588804284,0.014138288294402142
SLV,El Salvador,2022,1.0,0.3333333333333333,1,Latin America & Caribbean,Upper middle income,6338193.0,35364960000.0,0.10152,0.5219951936738714,0.5219951936738714,0.5621301775147929,0.5477907583866336,0.6767441860465117,0.2311320754716981,0.5921787709497207,0.15777367461041342,0.0525912248701378,0.028276576588804284,0.009425525529601428
SRB,Serbia,2010,2.0,2.0,2,Europe & Central Asia,Upper middle income,6586476.0,89083506277.2344,0.93978,0.4685724855046709,0.4685724855046709,0.1893491124260355,0.3628932254274898,0.9023255813953488,0.7877358490566038,0.1005586592178771,0.3036525146375695,0.3036525146375695,0.022450845095565206,0.022450845095565206
SRB,Serbia,2011,3.0,3.0,3,Europe & Central Asia,Upper middle income,6586476.0,89083506277.2344,0.93978,0.4685724855046709,0.4685724855046709,0.1893491124260355,0.3628932254274898,0.9023255813953488,0.7877358490566038,0.1005586592178771,0.45547877195635417,0.45547877195635417,0.0336762676433478,0.0336762676433478
SRB,Serbia,2012,2.0,0.8333333333333333,2,Europe & Central Asia,Upper middle income,6586476.0,89083506277.2344,0.93978,0.4685724855046709,0.4685724855046709,0.1893491124260355,0.3628932254274898,0.9023255813953488,0.7877358490566038,0.1005586592178771,0.3036525146375695,0.12652188109898727,0.022450845095565206,0.009354518789818833
SRB,Serbia,2013,10.0,10.0,10,Europe & Central Asia,Upper middle income,6586476.0,89083506277.2344,0.93978,0.4685724855046709,0.4685724855046709,0.1893491124260355,0.3628932254274898,0.9023255813953488,0.7877358490566038,0.1005586592178771,1.5182625731878474,1.5182625731878474,0.11225422547782601,0.11225422547782601
SRB,Serbia,2014,4.0,3.5,4,Europe & Central Asia,Upper middle income,6586476.0,89083506277.2344,0.93978,0.4685724855046709,0.4685724855046709,0.1893491124260355,0.3628932254274898,0.9023255813953488,0.7877358490566038,0.1005586592178771,0.607305029275139,0.5313919006157465,0.04490169019113041,0.039288978917239106
SRB,Serbia,2015,5.0,3.833333333333333,5,Europe & Central Asia,Upper middle income,6586476.0,89083506277.2344,0.93978,0.4685724855046709,0.4685724855046709,0.1893491124260355,0.3628932254274898,0.9023255813953488,0.7877358490566038,0.1005586592178771,0.7591312865939237,0.5820006530553414,0.05612711273891301,0.043030786433166636
SRB,Serbia,2016,6.0,5.5,6,Europe & Central Asia,Upper middle income,6586476.0,89083506277.2344,0.93978,0.4685724855046709,0.4685724855046709,0.1893491124260355,0.3628932254274898,0.9023255813953488,0.7877358490566038,0.1005586592178771,0.9109575439127083,0.8350444152533161,0.0673525352866956,0.061739824012804305
SRB,Serbia,2017,14.0,12.0,14,Europe & Central Asia,Upper middle income,6586476.0,89083506277.2344,0.93978,0.4685724855046709,0.4685724855046709,0.1893491124260355,0.3628932254274898,0.9023255813953488,0.7877358490566038,0.1005586592178771,2.125567602462986,1.8219150878254167,0.15715591566895643,0.1347050705733912
SRB,Serbia,2018,9.0,5.658333333333333,9,Europe & Central Asia,Upper middle income,6586476.0,89083506277.2344,0.93978,0.4685724855046709,0.4685724855046709,0.1893491124260355,0.3628932254274898,0.9023255813953488,0.7877358490566038,0.1005586592178771,1.3664363158690627,0.8590835726621237,0.1010288029300434,0.0635171825828699
SRB,Serbia,2019,16.0,11.892156862745098,16,Europe & Central Asia,Upper middle income,6586476.0,89083506277.2344,0.93978,0.4685724855046709,0.4685724855046709,0.1893491124260355,0.3628932254274898,0.9023255813953488,0.7877358490566038,0.1005586592178771,2.429220117100556,1.805541667918489,0.17960676076452164,0.13349448578882644
SRB,Serbia,2020,16.0,10.479166666666666,16,Europe & Central Asia,Upper middle income,6586476.0,89083506277.2344,0.93978,0.4685724855046709,0.4685724855046709,0.1893491124260355,0.3628932254274898,0.9023255813953488,0.7877358490566038,0.1005586592178771,2.429220117100556,1.591012654819765,0.17960676076452164,0.11763307378197183
SRB,Serbia,2021,27.0,14.175490196078432,27,Europe & Central Asia,Upper middle income,6586476.0,89083506277.2344,0.93978,0.4685724855046709,0.4685724855046709,0.1893491124260355,0.3628932254274898,0.9023255813953488,0.7877358490566038,0.1005586592178771,4.099308947607188,2.1522116221297143,0.30308640879013027,0.15912586727293002
SRB,Serbia,2022,37.0,26.916666666666668,37,Europe & Central Asia,Upper middle income,6586476.0,89083506277.2344,0.93978,0.4685724855046709,0.4685724855046709,0.1893491124260355,0.3628932254274898,0.9023255813953488,0.7877358490566038,0.1005586592178771,5.617571520795035,4.08665675949729,0.41534063426795625,0.3021509569111484
SRB,Serbia,2023,20.0,13.2,20,Europe & Central Asia,Upper middle income,6586476.0,89083506277.2344,0.93978,0.4685724855046709,0.4685724855046709,0.1893491124260355,0.3628932254274898,0.9023255813953488,0.7877358490566038,0.1005586592178771,3.036525146375695,2.0041065966079588,0.22450845095565203,0.14817557763073033
SRB,Serbia,2024,37.0,24.416666666666668,37,Europe & Central Asia,Upper middle income,6586476.0,89083506277.2344,0.93978,0.4685724855046709,0.4685724855046709,0.1893491124260355,0.3628932254274898,0.9023255813953488,0.7877358490566038,0.1005586592178771,5.617571520795035,3.7070911162003277,0.41534063426795625,0.2740874005416919
SRB,Serbia,2025,42.0,25.406666666666666,42,Europe & Central Asia,Upper middle income,6586476.0,89083506277.2344,0.93978,0.4685724855046709,0.4685724855046709,0.1893491124260355,0.3628932254274898,0.9023255813953488,0.7877358490566038,0.1005586592178771,6.376702807388959,3.857399110945924,0.4714677470068692,0.28520056886399664
SSD,South Sudan,2021,1.0,0.5,1,Sub-Saharan Africa,Low income,11943408.0,35349689171.3055,,0.8352707325147098,,0.8875739644970414,0.8343558282208589,0.7465116279069768,0.8726415094339622,,0.08372819550332702,0.04186409775166351,0.028288791880289935,0.014144395940144968
SSD,South Sudan,2022,1.0,0.3333333333333333,1,Sub-Saharan Africa,Low income,11943408.0,35349689171.3055,,0.8352707325147098,,0.8875739644970414,0.8343558282208589,0.7465116279069768,0.8726415094339622,,0.08372819550332702,0.027909398501109007,0.028288791880289935,0.009429597293429978
SSD,South Sudan,2025,2.0,0.5,2,Sub-Saharan Africa,Low income,11943408.0,35349689171.3055,,0.8352707325147098,,0.8875739644970414,0.8343558282208589,0.7465116279069768,0.8726415094339622,,0.16745639100665405,0.04186409775166351,0.05657758376057987,0.014144395940144968
SUR,Suriname,2014,1.0,0.25,1,Latin America & Caribbean,Upper middle income,634431.0,4714267822.2233,,0.5963754806239591,0.5963754806239591,0.6568047337278107,0.5619207675238219,0.6767441860465117,0.9858490566037736,0.1005586592178771,1.5762155380175307,0.39405388450438267,0.21212201718492718,0.053030504296231795
SUR,Suriname,2020,1.0,0.5,1,Latin America & Caribbean,Upper middle income,634431.0,4714267822.2233,,0.5963754806239591,0.5963754806239591,0.6568047337278107,0.5619207675238219,0.6767441860465117,0.9858490566037736,0.1005586592178771,1.5762155380175307,0.7881077690087653,0.21212201718492718,0.10606100859246359
SUR,Suriname,2021,1.0,0.25,1,Latin America & Caribbean,Upper middle income,634431.0,4714267822.2233,,0.5963754806239591,0.5963754806239591,0.6568047337278107,0.5619207675238219,0.6767441860465117,0.9858490566037736,0.1005586592178771,1.5762155380175307,0.39405388450438267,0.21212201718492718,0.053030504296231795
SVK,Slovak Republic,2010,3.0,1.5,3,Europe & Central Asia,High income,5422069.0,141775733420.114,1.03359,0.2882382328782345,0.2882382328782345,0.3994082840236686,0.5,0.1534883720930232,0.2877358490566037,0.1005586592178771,0.553294323624432,0.276647161812216,0.02116017972631686,0.01058008986315843
SVK,Slovak Republic,2011,1.0,1.0,1,Europe & Central Asia,High income,5422069.0,141775733420.114,1.03359,0.2882382328782345,0.2882382328782345,0.3994082840236686,0.5,0.1534883720930232,0.2877358490566037,0.1005586592178771,0.18443144120814398,0.18443144120814398,0.007053393242105619,0.007053393242105619
SVK,Slovak Republic,2012,1.0,0.3333333333333333,1,Europe & Central Asia,High income,5422069.0,141775733420.114,1.03359,0.2882382328782345,0.2882382328782345,0.3994082840236686,0.5,0.1534883720930232,0.2877358490566037,0.1005586592178771,0.18443144120814398,0.06147714706938132,0.007053393242105619,0.0023511310807018734
SVK,Slovak Republic,2013,3.0,1.625,3,Europe & Central Asia,High income,5422069.0,141775733420.114,1.03359,0.2882382328782345,0.2882382328782345,0.3994082840236686,0.5,0.1534883720930232,0.2877358490566037,0.1005586592178771,0.553294323624432,0.29970109196323397,0.02116017972631686,0.011461764018421632
SVK,Slovak Republic,2014,1.0,1.0,1,Europe & Central Asia,High income,5422069.0,141775733420.114,1.03359,0.2882382328782345,0.2882382328782345,0.3994082840236686,0.5,0.1534883720930232,0.2877358490566037,0.1005586592178771,0.18443144120814398,0.18443144120814398,0.007053393242105619,0.007053393242105619
SVK,Slovak Republic,2015,2.0,2.0,2,Europe & Central Asia,High income,5422069.0,141775733420.114,1.03359,0.2882382328782345,0.2882382328782345,0.3994082840236686,0.5,0.1534883720930232,0.2877358490566037,0.1005586592178771,0.36886288241628795,0.36886288241628795,0.014106786484211238,0.014106786484211238
SVK,Slovak Republic,2016,2.0,1.3333333333333333,2,Europe & Central Asia,High income,5422069.0,141775733420.114,1.03359,0.2882382328782345,0.2882382328782345,0.3994082840236686,0.5,0.1534883720930232,0.2877358490566037,0.1005586592178771,0.36886288241628795,0.2459085882775253,0.014106786484211238,0.009404524322807493
SVK,Slovak Republic,2017,4.0,3.5,4,Europe & Central Asia,High income,5422069.0,141775733420.114,1.03359,0.2882382328782345,0.2882382328782345,0.3994082840236686,0.5,0.1534883720930232,0.2877358490566037,0.1005586592178771,0.7377257648325759,0.6455100442285039,0.028213572968422477,0.024686876347369668
SVK,Slovak Republic,2018,3.0,2.5,3,Europe & Central Asia,High income,5422069.0,141775733420.114,1.03359,0.2882382328782345,0.2882382328782345,0.3994082840236686,0.5,0.1534883720930232,0.2877358490566037,0.1005586592178771,0.553294323624432,0.4610786030203599,0.02116017972631686,0.017633483105264046
SVK,Slovak Republic,2019,7.0,4.75,7,Europe & Central Asia,High income,5422069.0,141775733420.114,1.03359,0.2882382328782345,0.2882382328782345,0.3994082840236686,0.5,0.1534883720930232,0.2877358490566037,0.1005586592178771,1.2910200884570078,0.8760493457386839,0.049373752694739335,0.03350361790000169
SVK,Slovak Republic,2020,10.0,5.166666666666666,10,Europe & Central Asia,High income,5422069.0,141775733420.114,1.03359,0.2882382328782345,0.2882382328782345,0.3994082840236686,0.5,0.1534883720930232,0.2877358490566037,0.1005586592178771,1.8443144120814396,0.9528957795754104,0.07053393242105618,0.03644253175087903
SVK,Slovak Republic,2021,10.0,4.966666666666667,10,Europe & Central Asia,High income,5422069.0,141775733420.114,1.03359,0.2882382328782345,0.2882382328782345,0.3994082840236686,0.5,0.1534883720930232,0.2877358490566037,0.1005586592178771,1.8443144120814396,0.9160094913337818,0.07053393242105618,0.03503185310245791
SVK,Slovak Republic,2022,6.0,3.5,6,Europe & Central Asia,High income,5422069.0,141775733420.114,1.03359,0.2882382328782345,0.2882382328782345,0.3994082840236686,0.5,0.1534883720930232,0.2877358490566037,0.1005586592178771,1.106588647248864,0.6455100442285039,0.04232035945263372,0.024686876347369668
SVK,Slovak Republic,2023,12.0,5.566666666666666,12,Europe & Central Asia,High income,5422069.0,141775733420.114,1.03359,0.2882382328782345,0.2882382328782345,0.3994082840236686,0.5,0.1534883720930232,0.2877358490566037,0.1005586592178771,2.213177294497728,1.026668356058668,0.08464071890526743,0.03926388904772128
SVK,Slovak Republic,2024,17.0,7.235353535353536,17,Europe & Central Asia,High income,5422069.0,141775733420.114,1.03359,0.2882382328782345,0.2882382328782345,0.3994082840236686,0.5,0.1534883720930232,0.2877358490566037,0.1005586592178771,3.1353345005384474,1.3344266801756923,0.11990768511579551,0.05103379373050763
SVK,Slovak Republic,2025,22.0,11.465,22,Europe & Central Asia,High income,5422069.0,141775733420.114,1.03359,0.2882382328782345,0.2882382328782345,0.3994082840236686,0.5,0.1534883720930232,0.2877358490566037,0.1005586592178771,4.057491706579167,2.1145064734513705,0.15517465132632363,0.08086715352074092
SVN,Slovenia,2010,1.0,0.5,1,Europe & Central Asia,High income,2127400.0,72485008929.2766,2.13385,0.346901179595828,0.346901179595828,0.1893491124260355,0.4787234042553192,0.027906976744186,0.6698113207547169,0.3687150837988827,0.47005734699633356,0.23502867349816678,0.013795956084874004,0.006897978042437002
SVN,Slovenia,2011,4.0,3.5,4,Europe & Central Asia,High income,2127400.0,72485008929.2766,2.13385,0.346901179595828,0.346901179595828,0.1893491124260355,0.4787234042553192,0.027906976744186,0.6698113207547169,0.3687150837988827,1.8802293879853342,1.6452007144871674,0.055183824339496014,0.04828584629705902
SVN,Slovenia,2012,7.0,6.5,7,Europe & Central Asia,High income,2127400.0,72485008929.2766,2.13385,0.346901179595828,0.346901179595828,0.1893491124260355,0.4787234042553192,0.027906976744186,0.6698113207547169,0.3687150837988827,3.290401428974335,3.055372755476168,0.09657169259411803,0.08967371455168102
SVN,Slovenia,2013,3.0,3.0,3,Europe & Central Asia,High income,2127400.0,72485008929.2766,2.13385,0.346901179595828,0.346901179595828,0.1893491124260355,0.4787234042553192,0.027906976744186,0.6698113207547169,0.3687150837988827,1.4101720409890006,1.4101720409890006,0.04138786825462201,0.04138786825462201
SVN,Slovenia,2014,4.0,2.0833333333333335,4,Europe & Central Asia,High income,2127400.0,72485008929.2766,2.13385,0.346901179595828,0.346901179595828,0.1893491124260355,0.4787234042553192,0.027906976744186,0.6698113207547169,0.3687150837988827,1.8802293879853342,0.979286139575695,0.055183824339496014,0.028741575176820845
SVN,Slovenia,2015,4.0,3.0,4,Europe & Central Asia,High income,2127400.0,72485008929.2766,2.13385,0.346901179595828,0.346901179595828,0.1893491124260355,0.4787234042553192,0.027906976744186,0.6698113207547169,0.3687150837988827,1.8802293879853342,1.4101720409890006,0.055183824339496014,0.04138786825462201
SVN,Slovenia,2016,5.0,5.0,5,Europe & Central Asia,High income,2127400.0,72485008929.2766,2.13385,0.346901179595828,0.346901179595828,0.1893491124260355,0.4787234042553192,0.027906976744186,0.6698113207547169,0.3687150837988827,2.3502867349816676,2.3502867349816676,0.06897978042437003,0.06897978042437003
SVN,Slovenia,2017,11.0,8.75,11,Europe & Central Asia,High income,2127400.0,72485008929.2766,2.13385,0.346901179595828,0.346901179595828,0.1893491124260355,0.4787234042553192,0.027906976744186,0.6698113207547169,0.3687150837988827,5.170630816959669,4.113001786217919,0.15175551693361405,0.12071461574264754
SVN,Slovenia,2018,6.0,4.333333333333333,6,Europe & Central Asia,High income,2127400.0,72485008929.2766,2.13385,0.346901179595828,0.346901179595828,0.1893491124260355,0.4787234042553192,0.027906976744186,0.6698113207547169,0.3687150837988827,2.8203440819780012,2.036915170317445,0.08277573650924402,0.05978247636778734
SVN,Slovenia,2019,11.0,5.925490196078432,11,Europe & Central Asia,High income,2127400.0,72485008929.2766,2.13385,0.346901179595828,0.346901179595828,0.1893491124260355,0.4787234042553192,0.027906976744186,0.6698113207547169,0.3687150837988827,5.170630816959669,2.785320201221412,0.15175551693361405,0.0817478025264495
SVN,Slovenia,2020,14.0,10.229166666666666,14,Europe & Central Asia,High income,2127400.0,72485008929.2766,2.13385,0.346901179595828,0.346901179595828,0.1893491124260355,0.4787234042553192,0.027906976744186,0.6698113207547169,0.3687150837988827,6.58080285794867,4.8082949453166615,0.19314338518823607,0.14112113411819033
SVN,Slovenia,2021,14.0,6.079166666666667,14,Europe & Central Asia,High income,2127400.0,72485008929.2766,2.13385,0.346901179595828,0.346901179595828,0.1893491124260355,0.4787234042553192,0.027906976744186,0.6698113207547169,0.3687150837988827,6.58080285794867,2.8575569552818774,0.19314338518823607,0.08386791636596322
SVN,Slovenia,2022,20.0,9.858333333333333,20,Europe & Central Asia,High income,2127400.0,72485008929.2766,2.13385,0.346901179595828,0.346901179595828,0.1893491124260355,0.4787234042553192,0.027906976744186,0.6698113207547169,0.3687150837988827,9.40114693992667,4.633982012472188,0.2759191216974801,0.13600513373671622
SVN,Slovenia,2023,11.0,6.791666666666666,11,Europe & Central Asia,High income,2127400.0,72485008929.2766,2.13385,0.346901179595828,0.346901179595828,0.1893491124260355,0.4787234042553192,0.027906976744186,0.6698113207547169,0.3687150837988827,5.170630816959669,3.192472815016765,0.15175551693361405,0.09369753507643594
SVN,Slovenia,2024,23.0,15.883333333333333,23,Europe & Central Asia,High income,2127400.0,72485008929.2766,2.13385,0.346901179595828,0.346901179595828,0.1893491124260355,0.4787234042553192,0.027906976744186,0.6698113207547169,0.3687150837988827,10.811318980915672,7.466077528125098,0.3173069899521021,0.2191257691480821
SVN,Slovenia,2025,25.0,15.38452380952381,25,Europe & Central Asia,High income,2127400.0,72485008929.2766,2.13385,0.346901179595828,0.346901179595828,0.1893491124260355,0.4787234042553192,0.027906976744186,0.6698113207547169,0.3687150837988827,11.751433674908338,7.231608446706689,0.34489890212185015,0.212244214862889
SWE,Sweden,2010,12.0,6.6,12,Europe & Central Asia,High income,10569709.0,610117791237.089,3.59978,0.3549295438351916,0.3549295438351916,0.1893491124260355,0.5053191489361702,0.1209302325581395,0.8584905660377359,0.1005586592178771,1.1353198087099654,0.6244258947904809,0.019668333184758503,0.010817583251617177
SWE,Sweden,2011,21.0,11.125,21,Europe & Central Asia,High income,10569709.0,610117791237.089,3.59978,0.3549295438351916,0.3549295438351916,0.1893491124260355,0.5053191489361702,0.1209302325581395,0.8584905660377359,0.1005586592178771,1.9868096652424394,1.0525360726581972,0.03441958307332738,0.01823418389003653
SWE,Sweden,2012,23.0,13.616666666666667,23,Europe & Central Asia,High income,10569709.0,610117791237.089,3.59978,0.3549295438351916,0.3549295438351916,0.1893491124260355,0.5053191489361702,0.1209302325581395,0.8584905660377359,0.1005586592178771,2.176029633360767,1.2882726162722802,0.03769763860412047,0.02231809473881625
SWE,Sweden,2013,25.0,12.749242424242423,25,Europe & Central Asia,High income,10569709.0,610117791237.089,3.59978,0.3549295438351916,0.3549295438351916,0.1893491124260355,0.5053191489361702,0.1209302325581395,0.8584905660377359,0.1005586592178771,2.3652496014790945,1.2062056225239903,0.04097569413491356,0.020896362321104856
SWE,Sweden,2014,15.0,9.166666666666666,15,Europe & Central Asia,High income,10569709.0,610117791237.089,3.59978,0.3549295438351916,0.3549295438351916,0.1893491124260355,0.5053191489361702,0.1209302325581395,0.8584905660377359,0.1005586592178771,1.4191497608874568,0.8672581872090014,0.024585416480948134,0.015024421182801635
SWE,Sweden,2015,21.0,9.858333333333333,21,Europe & Central Asia,High income,10569709.0,610117791237.089,3.59978,0.3549295438351916,0.3549295438351916,0.1893491124260355,0.5053191489361702,0.1209302325581395,0.8584905660377359,0.1005586592178771,1.9868096652424394,0.9326967595165896,0.03441958307332738,0.016158082053867578
SWE,Sweden,2016,21.0,8.687619047619048,21,Europe & Central Asia,High income,10569709.0,610117791237.089,3.59978,0.3549295438351916,0.3549295438351916,0.1893491124260355,0.5053191489361702,0.1209302325581395,0.8584905660377359,0.1005586592178771,1.9868096652424394,0.8219354996073258,0.03441958307332738,0.014239248834235484
SWE,Sweden,2017,22.0,10.85,22,Europe & Central Asia,High income,10569709.0,610117791237.089,3.59978,0.3549295438351916,0.3549295438351916,0.1893491124260355,0.5053191489361702,0.1209302325581395,0.8584905660377359,0.1005586592178771,2.081419649301603,1.026518327041927,0.03605861083872393,0.017783451254552482
SWE,Sweden,2018,21.0,15.277777777777779,21,Europe & Central Asia,High income,10569709.0,610117791237.089,3.59978,0.3549295438351916,0.3549295438351916,0.1893491124260355,0.5053191489361702,0.1209302325581395,0.8584905660377359,0.1005586592178771,1.9868096652424394,1.4454303120150025,0.03441958307332738,0.025040701971336062
SWE,Sweden,2019,26.0,12.34957264957265,26,Europe & Central Asia,High income,10569709.0,610117791237.089,3.59978,0.3549295438351916,0.3549295438351916,0.1893491124260355,0.5053191489361702,0.1209302325581395,0.8584905660377359,0.1005586592178771,2.459859585538258,1.1683928715135534,0.0426147219003101,0.020241292463431315
SWE,Sweden,2020,46.0,19.9093253968254,46,Europe & Central Asia,High income,10569709.0,610117791237.089,3.59978,0.3549295438351916,0.3549295438351916,0.1893491124260355,0.5053191489361702,0.1209302325581395,0.8584905660377359,0.1005586592178771,4.352059266721534,1.8836209584223558,0.07539527720824094,0.03263193711571136
SWE,Sweden,2021,57.0,28.329004329004327,57,Europe & Central Asia,High income,10569709.0,610117791237.089,3.59978,0.3549295438351916,0.3549295438351916,0.1893491124260355,0.5053191489361702,0.1209302325581395,0.8584905660377359,0.1005586592178771,5.392769091372336,2.6802066479790816,0.0934245826276029,0.04643202466127693
SWE,Sweden,2022,65.0,31.600490196078432,65,Europe & Central Asia,High income,10569709.0,610117791237.089,3.59978,0.3549295438351916,0.3549295438351916,0.1893491124260355,0.5053191489361702,0.1209302325581395,0.8584905660377359,0.1005586592178771,6.149648963845646,2.9897218737127416,0.10653680475077523,0.051794080831513774
SWE,Sweden,2023,91.0,42.02527472527473,91,Europe & Central Asia,High income,10569709.0,610117791237.089,3.59978,0.3549295438351916,0.3549295438351916,0.1893491124260355,0.5053191489361702,0.1209302325581395,0.8584905660377359,0.1005586592178771,8.609508549383904,3.97601057184022,0.14915152665108536,0.06888059212314282
SWE,Sweden,2024,128.0,59.70400432900433,128,Europe & Central Asia,High income,10569709.0,610117791237.089,3.59978,0.3549295438351916,0.3549295438351916,0.1893491124260355,0.5053191489361702,0.1209302325581395,0.8584905660377359,0.1005586592178771,12.110077959572966,5.648594897835345,0.20979555397075741,0.09785652080059344
SWE,Sweden,2025,153.0,67.47934010434011,153,Europe & Central Asia,High income,10569709.0,610117791237.089,3.59978,0.3549295438351916,0.3549295438351916,0.1893491124260355,0.5053191489361702,0.1209302325581395,0.8584905660377359,0.1005586592178771,14.47532756105206,6.384219291594509,0.250771248105671,0.11060051202164985
SWZ,Eswatini,2025,1.0,0.5,1,Sub-Saharan Africa,Lower middle income,1242822.0,4891883720.15742,0.27807,0.6110259170351179,0.6110259170351179,0.7633136094674556,0.4998694687377627,0.5720930232558139,0.5801886792452831,0.6396648044692738,0.8046204524863577,0.40231022624317886,0.2044202309796154,0.1022101154898077
SYC,Seychelles,2019,1.0,0.14285714285714285,1,Sub-Saharan Africa,High income,121354.0,2167239562.46013,0.2017,0.5139265214733614,0.5139265214733614,0.1893491124260355,0.3140745333507375,0.9953488372093025,0.2216981132075471,0.8491620111731844,8.240354664864775,1.1771935235521107,0.46141645682439253,0.06591663668919892
SYR,Syrian Arab Republic,2014,1.0,1.0,1,Middle East & North Africa,Low income,24672760.0,19993439949.5435,0.04217,0.6635081366219098,0.6635081366219098,0.9763313609467456,0.8159182874298394,0.9883720930232558,0.1179245283018868,0.4189944134078212,0.040530528404604915,0.040530528404604915,0.050016405507189,0.050016405507189
SYR,Syrian Arab Republic,2018,1.0,0.5,1,Middle East & North Africa,Low income,24672760.0,19993439949.5435,0.04217,0.6635081366219098,0.6635081366219098,0.9763313609467456,0.8159182874298394,0.9883720930232558,0.1179245283018868,0.4189944134078212,0.040530528404604915,0.020265264202302458,0.050016405507189,0.0250082027535945
SYR,Syrian Arab Republic,2019,1.0,0.5,1,Middle East & North Africa,Low income,24672760.0,19993439949.5435,0.04217,0.6635081366219098,0.6635081366219098,0.9763313609467456,0.8159182874298394,0.9883720930232558,0.1179245283018868,0.4189944134078212,0.040530528404604915,0.020265264202302458,0.050016405507189,0.0250082027535945
SYR,Syrian Arab Republic,2020,3.0,2.0,3,Middle East & North Africa,Low income,24672760.0,19993439949.5435,0.04217,0.6635081366219098,0.6635081366219098,0.9763313609467456,0.8159182874298394,0.9883720930232558,0.1179245283018868,0.4189944134078212,0.12159158521381475,0.08106105680920983,0.150049216521567,0.100032811014378
SYR,Syrian Arab Republic,2022,1.0,0.1,1,Middle East & North Africa,Low income,24672760.0,19993439949.5435,0.04217,0.6635081366219098,0.6635081366219098,0.9763313609467456,0.8159182874298394,0.9883720930232558,0.1179245283018868,0.4189944134078212,0.040530528404604915,0.004053052840460492,0.050016405507189,0.0050016405507189
SYR,Syrian Arab Republic,2023,4.0,1.6833333333333333,4,Middle East & North Africa,Low income,24672760.0,19993439949.5435,0.04217,0.6635081366219098,0.6635081366219098,0.9763313609467456,0.8159182874298394,0.9883720930232558,0.1179245283018868,0.4189944134078212,0.16212211361841966,0.06822638948108495,0.200065622028756,0.08419428260376816
SYR,Syrian Arab Republic,2024,5.0,2.158333333333333,5,Middle East & North Africa,Low income,24672760.0,19993439949.5435,0.04217,0.6635081366219098,0.6635081366219098,0.9763313609467456,0.8159182874298394,0.9883720930232558,0.1179245283018868,0.4189944134078212,0.20265264202302458,0.08747839047327227,0.250082027535945,0.10795207521968292
SYR,Syrian Arab Republic,2025,18.0,6.910714285714286,18,Middle East & North Africa,Low income,24672760.0,19993439949.5435,0.04217,0.6635081366219098,0.6635081366219098,0.9763313609467456,0.8159182874298394,0.9883720930232558,0.1179245283018868,0.4189944134078212,0.7295495112828885,0.28009490165325185,0.900295299129402,0.34564908805860967
TCD,Chad,2025,4.0,1.3666666666666667,4,Sub-Saharan Africa,Low income,20299123.0,20625711664.6472,0.23294,0.6538893372524038,0.6538893372524038,0.9467455621301776,0.4818235217334551,0.7465116279069768,0.8820754716981132,0.2122905027932961,0.19705284804668655,0.06732638974928458,0.1939327023006951,0.06626033995273749
TGO,Togo,2010,1.0,0.3333333333333333,1,Sub-Saharan Africa,Low income,9515236.0,9925732119.72034,0.22229,0.4612604766406516,0.4612604766406516,0.6449704142011834,0.4582218378801723,0.7465116279069768,0.0990566037735849,0.3575418994413408,0.10509460826825526,0.03503153608941841,0.10074823579141437,0.03358274526380479
TGO,Togo,2017,1.0,0.07142857142857142,1,Sub-Saharan Africa,Low income,9515236.0,9925732119.72034,0.22229,0.4612604766406516,0.4612604766406516,0.6449704142011834,0.4582218378801723,0.7465116279069768,0.0990566037735849,0.3575418994413408,0.10509460826825526,0.007506757733446803,0.10074823579141437,0.0071963025565295975
TGO,Togo,2022,1.0,1.0,1,Sub-Saharan Africa,Low income,9515236.0,9925732119.72034,0.22229,0.4612604766406516,0.4612604766406516,0.6449704142011834,0.4582218378801723,0.7465116279069768,0.0990566037735849,0.3575418994413408,0.10509460826825526,0.10509460826825526,0.10074823579141437,0.10074823579141437
TGO,Togo,2023,1.0,0.3333333333333333,1,Sub-Saharan Africa,Low income,9515236.0,9925732119.72034,0.22229,0.4612604766406516,0.4612604766406516,0.6449704142011834,0.4582218378801723,0.7465116279069768,0.0990566037735849,0.3575418994413408,0.10509460826825526,0.03503153608941841,0.10074823579141437,0.03358274526380479
TGO,Togo,2024,1.0,0.5,1,Sub-Saharan Africa,Low income,9515236.0,9925732119.72034,0.22229,0.4612604766406516,0.4612604766406516,0.6449704142011834,0.4582218378801723,0.7465116279069768,0.0990566037735849,0.3575418994413408,0.10509460826825526,0.05254730413412763,0.10074823579141437,0.050374117895707185
TGO,Togo,2025,2.0,0.8333333333333333,2,Sub-Saharan Africa,Low income,9515236.0,9925732119.72034,0.22229,0.4612604766406516,0.4612604766406516,0.6449704142011834,0.4582218378801723,0.7465116279069768,0.0990566037735849,0.3575418994413408,0.21018921653651051,0.08757884022354603,0.20149647158282874,0.08395686315951197
THA,Thailand,2010,11.0,8.5,11,East Asia & Pacific,Upper middle income,71668011.0,526411265427.683,0.93628,0.4068491318351259,0.4068491318351259,0.4615384615384615,0.3551674063438194,0.4,0.7169811320754716,0.1005586592178771,0.15348549299072917,0.11860242640192707,0.02089620933750923,0.01614707085171168
THA,Thailand,2011,15.0,11.0,15,East Asia & Pacific,Upper middle income,71668011.0,526411265427.683,0.93628,0.4068491318351259,0.4068491318351259,0.4615384615384615,0.3551674063438194,0.4,0.7169811320754716,0.1005586592178771,0.20929839953281248,0.15348549299072917,0.028494830914785316,0.02089620933750923
THA,Thailand,2012,11.0,8.833333333333334,11,East Asia & Pacific,Upper middle income,71668011.0,526411265427.683,0.93628,0.4068491318351259,0.4068491318351259,0.4615384615384615,0.3551674063438194,0.4,0.7169811320754716,0.1005586592178771,0.15348549299072917,0.12325350194710069,0.02089620933750923,0.016780289316484686
THA,Thailand,2013,9.0,4.5,9,East Asia & Pacific,Upper middle income,71668011.0,526411265427.683,0.93628,0.4068491318351259,0.4068491318351259,0.4615384615384615,0.3551674063438194,0.4,0.7169811320754716,0.1005586592178771,0.1255790397196875,0.06278951985984375,0.017096898548871187,0.008548449274435594
THA,Thailand,2014,12.0,9.583333333333334,12,East Asia & Pacific,Upper middle income,71668011.0,526411265427.683,0.93628,0.4068491318351259,0.4068491318351259,0.4615384615384615,0.3551674063438194,0.4,0.7169811320754716,0.1005586592178771,0.16743871962624998,0.1337184219237413,0.022795864731828253,0.018205030862223952
THA,Thailand,2015,13.0,10.642857142857142,13,East Asia & Pacific,Upper middle income,71668011.0,526411265427.683,0.93628,0.4068491318351259,0.4068491318351259,0.4615384615384615,0.3551674063438194,0.4,0.7169811320754716,0.1005586592178771,0.18139194626177083,0.14850219776375742,0.024695520126147275,0.020217760982395295
THA,Thailand,2016,13.0,10.666666666666666,13,East Asia & Pacific,Upper middle income,71668011.0,526411265427.683,0.93628,0.4068491318351259,0.4068491318351259,0.4615384615384615,0.3551674063438194,0.4,0.7169811320754716,0.1005586592178771,0.18139194626177083,0.14883441744555553,0.024695520126147275,0.020262990872736225
THA,Thailand,2017,14.0,8.333333333333334,14,East Asia & Pacific,Upper middle income,71668011.0,526411265427.683,0.93628,0.4068491318351259,0.4068491318351259,0.4615384615384615,0.3551674063438194,0.4,0.7169811320754716,0.1005586592178771,0.19534517289729164,0.11627688862934027,0.026595175520466294,0.01583046161932518
THA,Thailand,2018,14.0,10.583333333333334,14,East Asia & Pacific,Upper middle income,71668011.0,526411265427.683,0.93628,0.4068491318351259,0.4068491318351259,0.4615384615384615,0.3551674063438194,0.4,0.7169811320754716,0.1005586592178771,0.19534517289729164,0.14767164855926215,0.026595175520466294,0.020104686256542974
THA,Thailand,2019,19.0,13.416666666666666,19,East Asia & Pacific,Upper middle income,71668011.0,526411265427.683,0.93628,0.4068491318351259,0.4068491318351259,0.4615384615384615,0.3551674063438194,0.4,0.7169811320754716,0.1005586592178771,0.2651113060748958,0.18720579069323784,0.0360934524920614,0.025487043207113532
THA,Thailand,2020,36.0,24.065873015873017,36,East Asia & Pacific,Upper middle income,71668011.0,526411265427.683,0.93628,0.4068491318351259,0.4068491318351259,0.4615384615384615,0.3551674063438194,0.4,0.7169811320754716,0.1005586592178771,0.50231615887875,0.33579658037214144,0.06838759419548475,0.04571686549359974
THA,Thailand,2021,51.0,36.780252100840336,51,East Asia & Pacific,Upper middle income,71668011.0,526411265427.683,0.93628,0.4068491318351259,0.4068491318351259,0.4615384615384615,0.3551674063438194,0.4,0.7169811320754716,0.1005586592178771,0.7116145584115625,0.5132031932746164,0.09688242511027008,0.06986980430777485
THA,Thailand,2022,76.0,53.98501400560224,76,East Asia & Pacific,Upper middle income,71668011.0,526411265427.683,0.93628,0.4068491318351259,0.4068491318351259,0.4615384615384615,0.3551674063438194,0.4,0.7169811320754716,0.1005586592178771,1.0604452242995832,0.7532651353419343,0.1443738099682456,0.1025529230681302
THA,Thailand,2023,91.0,64.25119047619047,91,East Asia & Pacific,Upper middle income,71668011.0,526411265427.683,0.93628,0.4068491318351259,0.4068491318351259,0.4615384615384615,0.3551674063438194,0.4,0.7169811320754716,0.1005586592178771,1.2697436238323956,0.8965114223163033,0.17286864088303092,0.12205512057951415
THA,Thailand,2024,129.0,88.75111642743222,129,East Asia & Pacific,Upper middle income,71668011.0,526411265427.683,0.93628,0.4068491318351259,0.4068491318351259,0.4615384615384615,0.3551674063438194,0.4,0.7169811320754716,0.1005586592178771,1.7999662359821873,1.238364441667458,0.24505554586715375,0.16859653707320713
THA,Thailand,2025,208.0,133.67928571428573,208,East Asia & Pacific,Upper middle income,71668011.0,526411265427.683,0.93628,0.4068491318351259,0.4068491318351259,0.4615384615384615,0.3551674063438194,0.4,0.7169811320754716,0.1005586592178771,2.902271140188333,1.8652573700459711,0.3951283220183564,0.25394457621585653
TJK,Tajikistan,2025,1.0,0.5,1,Europe & Central Asia,Lower middle income,10590927.0,14204575548.5536,0.08969,0.4336801192155802,0.4336801192155802,0.621301775147929,0.4160194491580734,0.4,0.1556603773584905,0.5754189944134078,0.09442044119461876,0.04721022059730938,0.07039985084959657,0.03519992542479829
TLS,Timor-Leste,2021,1.0,0.5,1,East Asia & Pacific,Lower middle income,1400638.0,1881265333.4187,,0.4937968712163961,0.4937968712163961,0.8224852071005917,0.4939710873254144,0.2697674418604651,0.3632075471698113,0.5195530726256983,0.713960352353713,0.3569801761768565,0.5315571292555344,0.2657785646277672
TTO,Trinidad and Tobago,2011,1.0,0.3333333333333333,1,Latin America & Caribbean,High income,1368333.0,26428963758.1307,0.05039,0.7001505463042144,0.7001505463042144,0.6893491124260355,0.3852548622895183,0.4860465116279069,0.9764150943396226,0.9636871508379888,0.7308162559844716,0.24360541866149055,0.037837276147172305,0.012612425382390767
TTO,Trinidad and Tobago,2014,1.0,0.3333333333333333,1,Latin America & Caribbean,High income,1368333.0,26428963758.1307,0.05039,0.7001505463042144,0.7001505463042144,0.6893491124260355,0.3852548622895183,0.4860465116279069,0.9764150943396226,0.9636871508379888,0.7308162559844716,0.24360541866149055,0.037837276147172305,0.012612425382390767
TTO,Trinidad and Tobago,2017,1.0,1.0,1,Latin America & Caribbean,High income,1368333.0,26428963758.1307,0.05039,0.7001505463042144,0.7001505463042144,0.6893491124260355,0.3852548622895183,0.4860465116279069,0.9764150943396226,0.9636871508379888,0.7308162559844716,0.7308162559844716,0.037837276147172305,0.037837276147172305
TTO,Trinidad and Tobago,2022,1.0,0.5,1,Latin America & Caribbean,High income,1368333.0,26428963758.1307,0.05039,0.7001505463042144,0.7001505463042144,0.6893491124260355,0.3852548622895183,0.4860465116279069,0.9764150943396226,0.9636871508379888,0.7308162559844716,0.3654081279922358,0.037837276147172305,0.018918638073586153
TTO,Trinidad and Tobago,2023,1.0,1.0,1,Latin America & Caribbean,High income,1368333.0,26428963758.1307,0.05039,0.7001505463042144,0.7001505463042144,0.6893491124260355,0.3852548622895183,0.4860465116279069,0.9764150943396226,0.9636871508379888,0.7308162559844716,0.7308162559844716,0.037837276147172305,0.037837276147172305
TTO,Trinidad and Tobago,2024,2.0,0.75,2,Latin America & Caribbean,High income,1368333.0,26428963758.1307,0.05039,0.7001505463042144,0.7001505463042144,0.6893491124260355,0.3852548622895183,0.4860465116279069,0.9764150943396226,0.9636871508379888,1.4616325119689433,0.5481121919883537,0.07567455229434461,0.02837795711037923
TTO,Trinidad and Tobago,2025,3.0,2.083333333333333,3,Latin America & Caribbean,High income,1368333.0,26428963758.1307,0.05039,0.7001505463042144,0.7001505463042144,0.6893491124260355,0.3852548622895183,0.4860465116279069,0.9764150943396226,0.9636871508379888,2.192448767953415,1.5225338666343158,0.11351182844151692,0.07882765863994229
TUN,Tunisia,2010,3.0,3.0,3,Middle East & North Africa,Lower middle income,12277109.0,53409988744.5968,0.74658,0.5940836210002081,0.5940836210002081,0.3875739644970414,0.5703074011225688,0.9883720930232558,0.3537735849056603,0.6703910614525139,0.24435720168323014,0.24435720168323014,0.05616926853038316,0.05616926853038316
TUN,Tunisia,2011,2.0,1.5,2,Middle East & North Africa,Lower middle income,12277109.0,53409988744.5968,0.74658,0.5940836210002081,0.5940836210002081,0.3875739644970414,0.5703074011225688,0.9883720930232558,0.3537735849056603,0.6703910614525139,0.16290480112215344,0.12217860084161507,0.03744617902025544,0.02808463426519158
TUN,Tunisia,2013,2.0,0.8333333333333333,2,Middle East & North Africa,Lower middle income,12277109.0,53409988744.5968,0.74658,0.5940836210002081,0.5940836210002081,0.3875739644970414,0.5703074011225688,0.9883720930232558,0.3537735849056603,0.6703910614525139,0.16290480112215344,0.06787700046756392,0.03744617902025544,0.0156025745917731
TUN,Tunisia,2014,2.0,1.3333333333333333,2,Middle East & North Africa,Lower middle income,12277109.0,53409988744.5968,0.74658,0.5940836210002081,0.5940836210002081,0.3875739644970414,0.5703074011225688,0.9883720930232558,0.3537735849056603,0.6703910614525139,0.16290480112215344,0.10860320074810229,0.03744617902025544,0.02496411934683696
TUN,Tunisia,2015,3.0,2.0,3,Middle East & North Africa,Lower middle income,12277109.0,53409988744.5968,0.74658,0.5940836210002081,0.5940836210002081,0.3875739644970414,0.5703074011225688,0.9883720930232558,0.3537735849056603,0.6703910614525139,0.24435720168323014,0.16290480112215344,0.05616926853038316,0.03744617902025544
TUN,Tunisia,2016,8.0,4.706666666666667,8,Middle East & North Africa,Lower middle income,12277109.0,53409988744.5968,0.74658,0.5940836210002081,0.5940836210002081,0.3875739644970414,0.5703074011225688,0.9883720930232558,0.3537735849056603,0.6703910614525139,0.6516192044886138,0.3833692986408011,0.14978471608102176,0.08812334129433447
TUN,Tunisia,2017,7.0,4.0,7,Middle East & North Africa,Lower middle income,12277109.0,53409988744.5968,0.74658,0.5940836210002081,0.5940836210002081,0.3875739644970414,0.5703074011225688,0.9883720930232558,0.3537735849056603,0.6703910614525139,0.570166803927537,0.3258096022443069,0.13106162657089404,0.07489235804051088
TUN,Tunisia,2018,5.0,3.6666666666666665,5,Middle East & North Africa,Lower middle income,12277109.0,53409988744.5968,0.74658,0.5940836210002081,0.5940836210002081,0.3875739644970414,0.5703074011225688,0.9883720930232558,0.3537735849056603,0.6703910614525139,0.40726200280538355,0.2986588020572813,0.09361544755063861,0.06865132820380164
TUN,Tunisia,2019,6.0,4.333333333333333,6,Middle East & North Africa,Lower middle income,12277109.0,53409988744.5968,0.74658,0.5940836210002081,0.5940836210002081,0.3875739644970414,0.5703074011225688,0.9883720930232558,0.3537735849056603,0.6703910614525139,0.48871440336646027,0.3529604024313324,0.11233853706076632,0.08113338787722012
TUN,Tunisia,2020,5.0,3.833333333333333,5,Middle East & North Africa,Lower middle income,12277109.0,53409988744.5968,0.74658,0.5940836210002081,0.5940836210002081,0.3875739644970414,0.5703074011225688,0.9883720930232558,0.3537735849056603,0.6703910614525139,0.40726200280538355,0.31223420215079406,0.09361544755063861,0.07177184312215626
TUN,Tunisia,2021,10.0,5.833333333333333,10,Middle East & North Africa,Lower middle income,12277109.0,53409988744.5968,0.74658,0.5940836210002081,0.5940836210002081,0.3875739644970414,0.5703074011225688,0.9883720930232558,0.3537735849056603,0.6703910614525139,0.8145240056107671,0.47513900327294745,0.18723089510127722,0.1092180221424117
TUN,Tunisia,2022,31.0,16.183333333333334,31,Middle East & North Africa,Lower middle income,12277109.0,53409988744.5968,0.74658,0.5940836210002081,0.5940836210002081,0.3875739644970414,0.5703074011225688,0.9883720930232558,0.3537735849056603,0.6703910614525139,2.5250244173933782,1.3181713490800915,0.5804157748139593,0.30300199857223364
TUN,Tunisia,2023,26.0,13.041666666666666,26,Middle East & North Africa,Lower middle income,12277109.0,53409988744.5968,0.74658,0.5940836210002081,0.5940836210002081,0.3875739644970414,0.5703074011225688,0.9883720930232558,0.3537735849056603,0.6703910614525139,2.1177624145879945,1.0622750573173754,0.48680032726332073,0.24418029236124902
TUN,Tunisia,2024,19.0,9.709523809523809,19,Middle East & North Africa,Lower middle income,12277109.0,53409988744.5968,0.74658,0.5940836210002081,0.5940836210002081,0.3875739644970414,0.5703074011225688,0.9883720930232558,0.3537735849056603,0.6703910614525139,1.5475956106604576,0.7908640225906448,0.3557387006924267,0.18179228338643055
TUN,Tunisia,2025,47.0,26.054401154401155,47,Middle East & North Africa,Lower middle income,12277109.0,53409988744.5968,0.74658,0.5940836210002081,0.5940836210002081,0.3875739644970414,0.5703074011225688,0.9883720930232558,0.3537735849056603,0.6703910614525139,3.8282628263706058,2.1221935192072627,0.8799852069760029,0.4878188849466278
TUR,Türkiye,2010,18.0,14.833333333333334,18,Europe & Central Asia,Upper middle income,85518661.0,1323254808058.74,1.42224,0.4766598320832694,0.4766598320832694,0.1893491124260355,0.5575479702388721,0.872093023255814,0.490566037735849,0.2737430167597765,0.21048037690861413,0.17345142171172834,0.013602822291200752,0.011209733184415434
TUR,Türkiye,2011,31.0,24.583333333333332,31,Europe & Central Asia,Upper middle income,85518661.0,1323254808058.74,1.42224,0.4766598320832694,0.4766598320832694,0.1893491124260355,0.5575479702388721,0.872093023255814,0.490566037735849,0.2737430167597765,0.36249398245372433,0.28746162587056096,0.02342708283484574,0.018577928592149174
TUR,Türkiye,2012,35.0,29.03333333333333,35,Europe & Central Asia,Upper middle income,85518661.0,1323254808058.74,1.42224,0.4766598320832694,0.4766598320832694,0.1893491124260355,0.5575479702388721,0.872093023255814,0.490566037735849,0.2737430167597765,0.40926739954452745,0.33949705238407946,0.02644993223289035,0.021940848547473805
TUR,Türkiye,2013,33.0,27.424242424242426,33,Europe & Central Asia,Upper middle income,85518661.0,1323254808058.74,1.42224,0.4766598320832694,0.4766598320832694,0.1893491124260355,0.5575479702388721,0.872093023255814,0.490566037735849,0.2737430167597765,0.3858806909991259,0.3206813823270973,0.024938507533868046,0.020724838675987678
TUR,Türkiye,2014,31.0,26.25,31,Europe & Central Asia,Upper middle income,85518661.0,1323254808058.74,1.42224,0.4766598320832694,0.4766598320832694,0.1893491124260355,0.5575479702388721,0.872093023255814,0.490566037735849,0.2737430167597765,0.36249398245372433,0.3069505496583956,0.02342708283484574,0.019837449174667763
TUR,Türkiye,2015,32.0,27.2,32,Europe & Central Asia,Upper middle income,85518661.0,1323254808058.74,1.42224,0.4766598320832694,0.4766598320832694,0.1893491124260355,0.5575479702388721,0.872093023255814,0.490566037735849,0.2737430167597765,0.3741873367264251,0.3180592362174613,0.02418279518435689,0.020555375906703355
TUR,Türkiye,2016,36.0,31.0,36,Europe & Central Asia,Upper middle income,85518661.0,1323254808058.74,1.42224,0.4766598320832694,0.4766598320832694,0.1893491124260355,0.5575479702388721,0.872093023255814,0.490566037735849,0.2737430167597765,0.42096075381722825,0.36249398245372433,0.027205644582401503,0.02342708283484574
TUR,Türkiye,2017,31.0,27.166666666666668,31,Europe & Central Asia,Upper middle income,85518661.0,1323254808058.74,1.42224,0.4766598320832694,0.4766598320832694,0.1893491124260355,0.5575479702388721,0.872093023255814,0.490566037735849,0.2737430167597765,0.36249398245372433,0.3176694577417047,0.02342708283484574,0.020530185495052988
TUR,Türkiye,2018,37.0,31.28333333333333,37,Europe & Central Asia,Upper middle income,85518661.0,1323254808058.74,1.42224,0.4766598320832694,0.4766598320832694,0.1893491124260355,0.5575479702388721,0.872093023255814,0.490566037735849,0.2737430167597765,0.43265410808992905,0.36580709949765616,0.027961356931912654,0.023641201333873898
TUR,Türkiye,2019,48.0,38.2,48,Europe & Central Asia,Upper middle income,85518661.0,1323254808058.74,1.42224,0.4766598320832694,0.4766598320832694,0.1893491124260355,0.5575479702388721,0.872093023255814,0.490566037735849,0.2737430167597765,0.5612810050896377,0.44668613321717004,0.03627419277653534,0.02886821175132604
TUR,Türkiye,2020,63.0,52.666666666666664,63,Europe & Central Asia,Upper middle income,85518661.0,1323254808058.74,1.42224,0.4766598320832694,0.4766598320832694,0.1893491124260355,0.5575479702388721,0.872093023255814,0.490566037735849,0.2737430167597765,0.7366813191801495,0.6158499916955746,0.04760987801920263,0.03980085040758738
TUR,Türkiye,2021,94.0,78.67777777777778,94,Europe & Central Asia,Upper middle income,85518661.0,1323254808058.74,1.42224,0.4766598320832694,0.4766598320832694,0.1893491124260355,0.5575479702388721,0.872093023255814,0.490566037735849,0.2737430167597765,1.099175301633874,0.9200071289443806,0.07103696085404837,0.05945776829876082
TUR,Türkiye,2022,139.0,112.24444444444444,139,Europe & Central Asia,Upper middle income,85518661.0,1323254808058.74,1.42224,0.4766598320832694,0.4766598320832694,0.1893491124260355,0.5575479702388721,0.872093023255814,0.490566037735849,0.2737430167597765,1.6253762439054091,1.3125140540313704,0.10504401658205025,0.08482451283068518
TUR,Türkiye,2023,203.0,154.0659090909091,203,Europe & Central Asia,Upper middle income,85518661.0,1323254808058.74,1.42224,0.4766598320832694,0.4766598320832694,0.1893491124260355,0.5575479702388721,0.872093023255814,0.490566037735849,0.2737430167597765,2.3737509173582594,1.8015472563457127,0.15340960695076405,0.11642951013866258
TUR,Türkiye,2024,272.0,204.74051226551225,272,Europe & Central Asia,Upper middle income,85518661.0,1323254808058.74,1.42224,0.4766598320832694,0.4766598320832694,0.1893491124260355,0.5575479702388721,0.872093023255814,0.490566037735849,0.2737430167597765,3.1805923621746133,2.394103343894875,0.20555375906703358,0.15472493356428726
TUR,Türkiye,2025,465.0,346.0761471861472,465,Europe & Central Asia,Upper middle income,85518661.0,1323254808058.74,1.42224,0.4766598320832694,0.4766598320832694,0.1893491124260355,0.5575479702388721,0.872093023255814,0.490566037735849,0.2737430167597765,5.437409736805865,4.04679099437896,0.3514062425226861,0.2615340182998108
TWN,TWN,2010,16.0,13.0,16,,,,,,,,,,,,,,,,
TWN,TWN,2011,16.0,14.833333333333334,16,,,,,,,,,,,,,,,,
TWN,TWN,2012,19.0,17.5,19,,,,,,,,,,,,,,,,
TWN,TWN,2013,22.0,20.0,22,,,,,,,,,,,,,,,,
TWN,TWN,2014,16.0,13.333333333333334,16,,,,,,,,,,,,,,,,
TWN,TWN,2015,15.0,11.176190476190476,15,,,,,,,,,,,,,,,,
TWN,TWN,2016,20.0,14.1,20,,,,,,,,,,,,,,,,
TWN,TWN,2017,19.0,16.6,19,,,,,,,,,,,,,,,,
TWN,TWN,2018,13.0,8.5,13,,,,,,,,,,,,,,,,
TWN,TWN,2019,30.0,22.78846153846154,30,,,,,,,,,,,,,,,,
TWN,TWN,2020,49.0,32.044444444444444,49,,,,,,,,,,,,,,,,
TWN,TWN,2021,86.0,68.34285714285714,86,,,,,,,,,,,,,,,,
TWN,TWN,2022,131.0,94.73501400560224,131,,,,,,,,,,,,,,,,
TWN,TWN,2023,83.0,54.52136752136752,83,,,,,,,,,,,,,,,,
TWN,TWN,2024,118.0,87.91904761904762,118,,,,,,,,,,,,,,,,
TWN,TWN,2025,191.0,129.37738095238095,191,,,,,,,,,,,,,,,,
TZA,Tanzania,2010,1.0,0.06666666666666667,1,Sub-Saharan Africa,Lower middle income,68560157.0,78779864877.3018,0.51456,0.6308530643635442,0.6308530643635442,0.8520710059171598,0.520493408171257,0.972093023255814,0.6084905660377359,0.2011173184357542,0.01458573089323585,0.0009723820595490565,0.01269359882195129,0.0008462399214634194
TZA,Tanzania,2011,3.0,1.6666666666666665,3,Sub-Saharan Africa,Lower middle income,68560157.0,78779864877.3018,0.51456,0.6308530643635442,0.6308530643635442,0.8520710059171598,0.520493408171257,0.972093023255814,0.6084905660377359,0.2011173184357542,0.04375719267970755,0.024309551488726412,0.03808079646585387,0.021155998036585483
TZA,Tanzania,2012,2.0,0.75,2,Sub-Saharan Africa,Lower middle income,68560157.0,78779864877.3018,0.51456,0.6308530643635442,0.6308530643635442,0.8520710059171598,0.520493408171257,0.972093023255814,0.6084905660377359,0.2011173184357542,0.0291714617864717,0.010939298169926887,0.02538719764390258,0.009520199116463467
TZA,Tanzania,2014,1.0,0.1111111111111111,1,Sub-Saharan Africa,Lower middle income,68560157.0,78779864877.3018,0.51456,0.6308530643635442,0.6308530643635442,0.8520710059171598,0.520493408171257,0.972093023255814,0.6084905660377359,0.2011173184357542,0.01458573089323585,0.0016206367659150943,0.01269359882195129,0.0014103998691056988
TZA,Tanzania,2017,5.0,2.571428571428571,5,Sub-Saharan Africa,Lower middle income,68560157.0,78779864877.3018,0.51456,0.6308530643635442,0.6308530643635442,0.8520710059171598,0.520493408171257,0.972093023255814,0.6084905660377359,0.2011173184357542,0.07292865446617924,0.037506165154035036,0.06346799410975645,0.0326406826850176
TZA,Tanzania,2018,5.0,2.433333333333333,5,Sub-Saharan Africa,Lower middle income,68560157.0,78779864877.3018,0.51456,0.6308530643635442,0.6308530643635442,0.8520710059171598,0.520493408171257,0.972093023255814,0.6084905660377359,0.2011173184357542,0.07292865446617924,0.03549194517354056,0.06346799410975645,0.030887757133414805
TZA,Tanzania,2019,4.0,2.1666666666666665,4,Sub-Saharan Africa,Lower middle income,68560157.0,78779864877.3018,0.51456,0.6308530643635442,0.6308530643635442,0.8520710059171598,0.520493408171257,0.972093023255814,0.6084905660377359,0.2011173184357542,0.0583429235729434,0.03160241693534434,0.05077439528780516,0.027502797447561126
TZA,Tanzania,2020,6.0,2.75,6,Sub-Saharan Africa,Lower middle income,68560157.0,78779864877.3018,0.51456,0.6308530643635442,0.6308530643635442,0.8520710059171598,0.520493408171257,0.972093023255814,0.6084905660377359,0.2011173184357542,0.0875143853594151,0.04011075995639859,0.07616159293170774,0.03490739676036605
TZA,Tanzania,2021,6.0,2.833333333333333,6,Sub-Saharan Africa,Lower middle income,68560157.0,78779864877.3018,0.51456,0.6308530643635442,0.6308530643635442,0.8520710059171598,0.520493408171257,0.972093023255814,0.6084905660377359,0.2011173184357542,0.0875143853594151,0.0413262375308349,0.07616159293170774,0.035965196662195324
TZA,Tanzania,2022,6.0,2.0,6,Sub-Saharan Africa,Lower middle income,68560157.0,78779864877.3018,0.51456,0.6308530643635442,0.6308530643635442,0.8520710059171598,0.520493408171257,0.972093023255814,0.6084905660377359,0.2011173184357542,0.0875143853594151,0.0291714617864717,0.07616159293170774,0.02538719764390258
TZA,Tanzania,2023,7.0,4.392857142857142,7,Sub-Saharan Africa,Lower middle income,68560157.0,78779864877.3018,0.51456,0.6308530643635442,0.6308530643635442,0.8520710059171598,0.520493408171257,0.972093023255814,0.6084905660377359,0.2011173184357542,0.10210011625265095,0.0640730321381432,0.08885519175365902,0.05576116625357173
TZA,Tanzania,2024,15.0,7.25,15,Sub-Saharan Africa,Lower middle income,68560157.0,78779864877.3018,0.51456,0.6308530643635442,0.6308530643635442,0.8520710059171598,0.520493408171257,0.972093023255814,0.6084905660377359,0.2011173184357542,0.21878596339853773,0.1057465489759599,0.19040398232926933,0.09202859145914685
TZA,Tanzania,2025,21.0,10.799242424242424,21,Sub-Saharan Africa,Lower middle income,68560157.0,78779864877.3018,0.51456,0.6308530643635442,0.6308530643635442,0.8520710059171598,0.520493408171257,0.972093023255814,0.6084905660377359,0.2011173184357542,0.3063003487579528,0.1575148438508159,0.26656557526097713,0.13708125091433002
UGA,Uganda,2010,1.0,1.0,1,Sub-Saharan Africa,Low income,50015092.0,53651874313.9836,0.4383,0.5371374771675681,0.5371374771675681,0.8757396449704142,0.3921403863725362,0.9069767441860463,0.2594339622641509,0.2513966480446927,0.01999396502159788,0.01999396502159788,0.018638677824147597,0.018638677824147597
UGA,Uganda,2011,1.0,1.0,1,Sub-Saharan Africa,Low income,50015092.0,53651874313.9836,0.4383,0.5371374771675681,0.5371374771675681,0.8757396449704142,0.3921403863725362,0.9069767441860463,0.2594339622641509,0.2513966480446927,0.01999396502159788,0.01999396502159788,0.018638677824147597,0.018638677824147597
UGA,Uganda,2013,1.0,0.5,1,Sub-Saharan Africa,Low income,50015092.0,53651874313.9836,0.4383,0.5371374771675681,0.5371374771675681,0.8757396449704142,0.3921403863725362,0.9069767441860463,0.2594339622641509,0.2513966480446927,0.01999396502159788,0.00999698251079894,0.018638677824147597,0.009319338912073798
UGA,Uganda,2014,2.0,1.0,2,Sub-Saharan Africa,Low income,50015092.0,53651874313.9836,0.4383,0.5371374771675681,0.5371374771675681,0.8757396449704142,0.3921403863725362,0.9069767441860463,0.2594339622641509,0.2513966480446927,0.03998793004319576,0.01999396502159788,0.03727735564829519,0.018638677824147597
UGA,Uganda,2016,3.0,1.1428571428571428,3,Sub-Saharan Africa,Low income,50015092.0,53651874313.9836,0.4383,0.5371374771675681,0.5371374771675681,0.8757396449704142,0.3921403863725362,0.9069767441860463,0.2594339622641509,0.2513966480446927,0.05998189506479364,0.022850245738969006,0.05591603347244278,0.021301346084740106
UGA,Uganda,2019,3.0,1.1666666666666667,3,Sub-Saharan Africa,Low income,50015092.0,53651874313.9836,0.4383,0.5371374771675681,0.5371374771675681,0.8757396449704142,0.3921403863725362,0.9069767441860463,0.2594339622641509,0.2513966480446927,0.05998189506479364,0.02332629252519753,0.05591603347244278,0.021745124128172193
UGA,Uganda,2020,5.0,1.7357142857142858,5,Sub-Saharan Africa,Low income,50015092.0,53651874313.9836,0.4383,0.5371374771675681,0.5371374771675681,0.8757396449704142,0.3921403863725362,0.9069767441860463,0.2594339622641509,0.2513966480446927,0.09996982510798941,0.03470381071605918,0.09319338912073798,0.032351419366199036
UGA,Uganda,2021,2.0,1.3333333333333333,2,Sub-Saharan Africa,Low income,50015092.0,53651874313.9836,0.4383,0.5371374771675681,0.5371374771675681,0.8757396449704142,0.3921403863725362,0.9069767441860463,0.2594339622641509,0.2513966480446927,0.03998793004319576,0.026658620028797174,0.03727735564829519,0.024851570432196792
UGA,Uganda,2022,7.0,2.2575757575757573,7,Sub-Saharan Africa,Low income,50015092.0,53651874313.9836,0.4383,0.5371374771675681,0.5371374771675681,0.8757396449704142,0.3921403863725362,0.9069767441860463,0.2594339622641509,0.2513966480446927,0.13995775515118516,0.04513789073057703,0.13047074476903314,0.04207822720906047
UGA,Uganda,2023,12.0,5.476190476190476,12,Sub-Saharan Africa,Low income,50015092.0,53651874313.9836,0.4383,0.5371374771675681,0.5371374771675681,0.8757396449704142,0.3921403863725362,0.9069767441860463,0.2594339622641509,0.2513966480446927,0.23992758025917457,0.10949076083255983,0.22366413388977113,0.1020689499893797
UGA,Uganda,2024,23.0,12.416666666666666,23,Sub-Saharan Africa,Low income,50015092.0,53651874313.9836,0.4383,0.5371374771675681,0.5371374771675681,0.8757396449704142,0.3921403863725362,0.9069767441860463,0.2594339622641509,0.2513966480446927,0.45986119549675125,0.24825839901817368,0.4286895899553947,0.23143024964983264
UGA,Uganda,2025,22.0,10.619047619047619,22,Sub-Saharan Africa,Low income,50015092.0,53651874313.9836,0.4383,0.5371374771675681,0.5371374771675681,0.8757396449704142,0.3921403863725362,0.9069767441860463,0.2594339622641509,0.2513966480446927,0.4398672304751534,0.21231686665792035,0.4100509121312471,0.19792500737071017
UKR,Ukraine,2010,1.0,0.5,1,Europe & Central Asia,Upper middle income,37860221.0,190741263731.535,0.36988,0.4529555361232809,0.4529555361232809,0.5828402366863905,0.6923704477222294,0.1767441860465116,0.7122641509433962,0.1005586592178771,0.026412946717875734,0.013206473358937867,0.005242704071665807,0.0026213520358329035
UKR,Ukraine,2012,1.0,0.5,1,Europe & Central Asia,Upper middle income,37860221.0,190741263731.535,0.36988,0.4529555361232809,0.4529555361232809,0.5828402366863905,0.6923704477222294,0.1767441860465116,0.7122641509433962,0.1005586592178771,0.026412946717875734,0.013206473358937867,0.005242704071665807,0.0026213520358329035
UKR,Ukraine,2014,3.0,1.1666666666666665,3,Europe & Central Asia,Upper middle income,37860221.0,190741263731.535,0.36988,0.4529555361232809,0.4529555361232809,0.5828402366863905,0.6923704477222294,0.1767441860465116,0.7122641509433962,0.1005586592178771,0.0792388401536272,0.030815104504188357,0.01572811221499742,0.0061164880836101065
UKR,Ukraine,2016,5.0,2.283333333333333,5,Europe & Central Asia,Upper middle income,37860221.0,190741263731.535,0.36988,0.4529555361232809,0.4529555361232809,0.5828402366863905,0.6923704477222294,0.1767441860465116,0.7122641509433962,0.1005586592178771,0.13206473358937867,0.06030956167248292,0.026213520358329034,0.011970840963636925
UKR,Ukraine,2017,3.0,2.0,3,Europe & Central Asia,Upper middle income,37860221.0,190741263731.535,0.36988,0.4529555361232809,0.4529555361232809,0.5828402366863905,0.6923704477222294,0.1767441860465116,0.7122641509433962,0.1005586592178771,0.0792388401536272,0.05282589343575147,0.01572811221499742,0.010485408143331614
UKR,Ukraine,2018,3.0,2.5,3,Europe & Central Asia,Upper middle income,37860221.0,190741263731.535,0.36988,0.4529555361232809,0.4529555361232809,0.5828402366863905,0.6923704477222294,0.1767441860465116,0.7122641509433962,0.1005586592178771,0.0792388401536272,0.06603236679468934,0.01572811221499742,0.013106760179164517
UKR,Ukraine,2019,10.0,7.944444444444445,10,Europe & Central Asia,Upper middle income,37860221.0,190741263731.535,0.36988,0.4529555361232809,0.4529555361232809,0.5828402366863905,0.6923704477222294,0.1767441860465116,0.7122641509433962,0.1005586592178771,0.26412946717875735,0.20983618781423502,0.05242704071665807,0.04165037123601168
UKR,Ukraine,2020,8.0,6.0,8,Europe & Central Asia,Upper middle income,37860221.0,190741263731.535,0.36988,0.4529555361232809,0.4529555361232809,0.5828402366863905,0.6923704477222294,0.1767441860465116,0.7122641509433962,0.1005586592178771,0.21130357374300587,0.1584776803072544,0.041941632573326455,0.03145622442999484
UKR,Ukraine,2021,8.0,6.6,8,Europe & Central Asia,Upper middle income,37860221.0,190741263731.535,0.36988,0.4529555361232809,0.4529555361232809,0.5828402366863905,0.6923704477222294,0.1767441860465116,0.7122641509433962,0.1005586592178771,0.21130357374300587,0.17432544833797983,0.041941632573326455,0.03460184687299432
UKR,Ukraine,2022,9.0,5.533333333333333,9,Europe & Central Asia,Upper middle income,37860221.0,190741263731.535,0.36988,0.4529555361232809,0.4529555361232809,0.5828402366863905,0.6923704477222294,0.1767441860465116,0.7122641509433962,0.1005586592178771,0.23771652046088163,0.14615163850557908,0.04718433664499226,0.0290096291965508
UKR,Ukraine,2023,22.0,14.916666666666666,22,Europe & Central Asia,Upper middle income,37860221.0,190741263731.535,0.36988,0.4529555361232809,0.4529555361232809,0.5828402366863905,0.6923704477222294,0.1767441860465116,0.7122641509433962,0.1005586592178771,0.5810848277932662,0.3939931218749797,0.11533948957664775,0.07820366906901494
UKR,Ukraine,2024,29.0,16.805555555555557,29,Europe & Central Asia,Upper middle income,37860221.0,190741263731.535,0.36988,0.4529555361232809,0.4529555361232809,0.5828402366863905,0.6923704477222294,0.1767441860465116,0.7122641509433962,0.1005586592178771,0.7659754548183964,0.4438842434531895,0.1520384180783084,0.08810655453771704
UKR,Ukraine,2025,38.0,24.833333333333332,38,Europe & Central Asia,Upper middle income,37860221.0,190741263731.535,0.36988,0.4529555361232809,0.4529555361232809,0.5828402366863905,0.6923704477222294,0.1767441860465116,0.7122641509433962,0.1005586592178771,1.0036919752792781,0.6559215101605808,0.19922275472330064,0.13019381777970085
URY,Uruguay,2010,2.0,0.75,2,Latin America & Caribbean,High income,3386588.0,80961511073.5797,0.70196,0.4513887026422516,0.4513887026422516,0.1893491124260355,0.537593003524344,0.4860465116279069,0.9433962264150944,0.1005586592178771,0.5905648989484401,0.22146183710566505,0.02470309624263749,0.00926366109098906
URY,Uruguay,2011,3.0,2.0,3,Latin America & Caribbean,High income,3386588.0,80961511073.5797,0.70196,0.4513887026422516,0.4513887026422516,0.1893491124260355,0.537593003524344,0.4860465116279069,0.9433962264150944,0.1005586592178771,0.8858473484226602,0.5905648989484401,0.03705464436395624,0.02470309624263749
URY,Uruguay,2012,3.0,2.3333333333333335,3,Latin America & Caribbean,High income,3386588.0,80961511073.5797,0.70196,0.4513887026422516,0.4513887026422516,0.1893491124260355,0.537593003524344,0.4860465116279069,0.9433962264150944,0.1005586592178771,0.8858473484226602,0.6889923821065136,0.03705464436395624,0.028820278949743736
URY,Uruguay,2014,2.0,2.0,2,Latin America & Caribbean,High income,3386588.0,80961511073.5797,0.70196,0.4513887026422516,0.4513887026422516,0.1893491124260355,0.537593003524344,0.4860465116279069,0.9433962264150944,0.1005586592178771,0.5905648989484401,0.5905648989484401,0.02470309624263749,0.02470309624263749
URY,Uruguay,2015,2.0,1.5,2,Latin America & Caribbean,High income,3386588.0,80961511073.5797,0.70196,0.4513887026422516,0.4513887026422516,0.1893491124260355,0.537593003524344,0.4860465116279069,0.9433962264150944,0.1005586592178771,0.5905648989484401,0.4429236742113301,0.02470309624263749,0.01852732218197812
URY,Uruguay,2017,1.0,1.0,1,Latin America & Caribbean,High income,3386588.0,80961511073.5797,0.70196,0.4513887026422516,0.4513887026422516,0.1893491124260355,0.537593003524344,0.4860465116279069,0.9433962264150944,0.1005586592178771,0.29528244947422005,0.29528244947422005,0.012351548121318745,0.012351548121318745
URY,Uruguay,2018,4.0,3.5,4,Latin America & Caribbean,High income,3386588.0,80961511073.5797,0.70196,0.4513887026422516,0.4513887026422516,0.1893491124260355,0.537593003524344,0.4860465116279069,0.9433962264150944,0.1005586592178771,1.1811297978968802,1.0334885731597703,0.04940619248527498,0.043230418424615606
URY,Uruguay,2019,5.0,3.5,5,Latin America & Caribbean,High income,3386588.0,80961511073.5797,0.70196,0.4513887026422516,0.4513887026422516,0.1893491124260355,0.537593003524344,0.4860465116279069,0.9433962264150944,0.1005586592178771,1.4764122473711003,1.0334885731597703,0.061757740606593725,0.043230418424615606
URY,Uruguay,2021,7.0,2.8666666666666667,7,Latin America & Caribbean,High income,3386588.0,80961511073.5797,0.70196,0.4513887026422516,0.4513887026422516,0.1893491124260355,0.537593003524344,0.4860465116279069,0.9433962264150944,0.1005586592178771,2.0669771463195405,0.846476355159431,0.08646083684923121,0.035407771281113734
URY,Uruguay,2022,7.0,4.033333333333333,7,Latin America & Caribbean,High income,3386588.0,80961511073.5797,0.70196,0.4513887026422516,0.4513887026422516,0.1893491124260355,0.537593003524344,0.4860465116279069,0.9433962264150944,0.1005586592178771,2.0669771463195405,1.1909725462126874,0.08646083684923121,0.0498179107559856
URY,Uruguay,2023,6.0,3.833333333333333,6,Latin America & Caribbean,High income,3386588.0,80961511073.5797,0.70196,0.4513887026422516,0.4513887026422516,0.1893491124260355,0.537593003524344,0.4860465116279069,0.9433962264150944,0.1005586592178771,1.7716946968453204,1.1319160563178434,0.07410928872791248,0.04734760113172185
URY,Uruguay,2024,6.0,3.833333333333333,6,Latin America & Caribbean,High income,3386588.0,80961511073.5797,0.70196,0.4513887026422516,0.4513887026422516,0.1893491124260355,0.537593003524344,0.4860465116279069,0.9433962264150944,0.1005586592178771,1.7716946968453204,1.1319160563178434,0.07410928872791248,0.04734760113172185
URY,Uruguay,2025,8.0,4.188034188034188,8,Latin America & Caribbean,High income,3386588.0,80961511073.5797,0.70196,0.4513887026422516,0.4513887026422516,0.1893491124260355,0.537593003524344,0.4860465116279069,0.9433962264150944,0.1005586592178771,2.3622595957937604,1.2366529935245114,0.09881238497054996,0.05172870580723235
USA,United States,2010,242.0,200.27424242424243,242,North America,High income,340110988.0,29184890000000.0,3.44716,0.3650218942736569,0.3650218942736569,0.1893491124260355,0.538229343427751,0.213953488372093,0.7830188679245284,0.1005586592178771,0.711532436582143,0.5888496681684463,0.008291962039260727,0.006862257915799664
USA,United States,2011,271.0,222.78333333333333,271,North America,High income,340110988.0,29184890000000.0,3.44716,0.3650218942736569,0.3650218942736569,0.1893491124260355,0.538229343427751,0.213953488372093,0.7830188679245284,0.1005586592178771,0.7967987203047965,0.6550312727130513,0.009285626911734119,0.0076335162933056575
USA,United States,2012,312.0,260.0,312,North America,High income,340110988.0,29184890000000.0,3.44716,0.3650218942736569,0.3650218942736569,0.1893491124260355,0.538229343427751,0.213953488372093,0.7830188679245284,0.1005586592178771,0.917347604188548,0.76445633682379,0.010690463455575812,0.008908719546313178
USA,United States,2013,347.0,270.90833333333336,347,North America,High income,340110988.0,29184890000000.0,3.44716,0.3650218942736569,0.3650218942736569,0.1893491124260355,0.538229343427751,0.213953488372093,0.7830188679245284,0.1005586592178771,1.0202551879917505,0.7965292004424548,0.011889714163733358,0.009282486017022279
USA,United States,2014,350.0,269.97777777777776,350,North America,High income,340110988.0,29184890000000.0,3.44716,0.3650218942736569,0.3650218942736569,0.1893491124260355,0.538229343427751,0.213953488372093,0.7830188679245284,0.1005586592178771,1.029075838032025,0.7937931654762584,0.011992507081575432,0.009250601176765709
USA,United States,2015,377.0,291.06035353535356,377,North America,High income,340110988.0,29184890000000.0,3.44716,0.3650218942736569,0.3650218942736569,0.1893491124260355,0.538229343427751,0.213953488372093,0.7830188679245284,0.1005586592178771,1.1084616883944953,0.8557805063779754,0.012917643342154108,0.009972981002681645
USA,United States,2016,437.0,328.2364285714286,437,North America,High income,340110988.0,29184890000000.0,3.44716,0.3650218942736569,0.3650218942736569,0.1893491124260355,0.538229343427751,0.213953488372093,0.7830188679245284,0.1005586592178771,1.2848746891999856,0.9650862222993765,0.014973501698995612,0.011246793411639672
USA,United States,2017,487.0,373.06666666666666,487,North America,High income,340110988.0,29184890000000.0,3.44716,0.3650218942736569,0.3650218942736569,0.1893491124260355,0.538229343427751,0.213953488372093,0.7830188679245284,0.1005586592178771,1.4318855232045604,1.0968968361194689,0.01668671699636353,0.01278287040542783
USA,United States,2018,611.0,482.61944444444447,611,North America,High income,340110988.0,29184890000000.0,3.44716,0.3650218942736569,0.3650218942736569,0.1893491124260355,0.538229343427751,0.213953488372093,0.7830188679245284,0.1005586592178771,1.7964723915359064,1.4190057406920487,0.020935490933835968,0.016536620300588573
USA,United States,2019,754.0,570.3202075702076,754,North America,High income,340110988.0,29184890000000.0,3.44716,0.3650218942736569,0.3650218942736569,0.1893491124260355,0.538229343427751,0.213953488372093,0.7830188679245284,0.1005586592178771,2.2169233767889907,1.676864987291171,0.025835286684308217,0.019541626080146528
USA,United States,2020,1076.0,772.0737484737484,1076,North America,High income,340110988.0,29184890000000.0,3.44716,0.3650218942736569,0.3650218942736569,0.1893491124260355,0.538229343427751,0.213953488372093,0.7830188679245284,0.1005586592178771,3.163673147778454,2.2700641135232846,0.03686839319935761,0.026454571131628333
USA,United States,2021,1210.0,880.7927881758764,1210,North America,High income,340110988.0,29184890000000.0,3.44716,0.3650218942736569,0.3650218942736569,0.1893491124260355,0.538229343427751,0.213953488372093,0.7830188679245284,0.1005586592178771,3.557662182910715,2.5897216474990112,0.04145981019630363,0.03017975357028505
USA,United States,2022,1425.0,1005.9108150019914,1425,North America,High income,340110988.0,29184890000000.0,3.44716,0.3650218942736569,0.3650218942736569,0.1893491124260355,0.538229343427751,0.213953488372093,0.7830188679245284,0.1005586592178771,4.189808769130387,2.9575957569532902,0.04882663597498569,0.034466835920984845
USA,United States,2023,1662.0,1203.4141136641138,1662,North America,High income,340110988.0,29184890000000.0,3.44716,0.3650218942736569,0.3650218942736569,0.1893491124260355,0.538229343427751,0.213953488372093,0.7830188679245284,0.1005586592178771,4.886640122312072,3.5382982500527556,0.056947276484509625,0.041234149371956304
USA,United States,2024,1925.0,1363.6605500493658,1925,North America,High income,340110988.0,29184890000000.0,3.44716,0.3650218942736569,0.3650218942736569,0.1893491124260355,0.538229343427751,0.213953488372093,0.7830188679245284,0.1005586592178771,5.6599171091761376,4.009457495237895,0.06595878894866487,0.046724882295234485
USA,United States,2025,2608.0,1788.148214373346,2608,North America,High income,340110988.0,29184890000000.0,3.44716,0.3650218942736569,0.3650218942736569,0.1893491124260355,0.538229343427751,0.213953488372093,0.7830188679245284,0.1005586592178771,7.668085101678632,5.257543206376343,0.08936130991071065,0.0612696574965109
UZB,Uzbekistan,2013,1.0,0.3333333333333333,1,Europe & Central Asia,Lower middle income,36361859.0,114965293466.611,0.10416,0.3633150044665214,0.3633150044665214,0.1893491124260355,0.2996671452812948,0.4,0.5141509433962265,0.4134078212290503,0.027501344196950987,0.009167114732316996,0.00869827727870261,0.0028994257595675362
UZB,Uzbekistan,2021,3.0,2.5,3,Europe & Central Asia,Lower middle income,36361859.0,114965293466.611,0.10416,0.3633150044665214,0.3633150044665214,0.1893491124260355,0.2996671452812948,0.4,0.5141509433962265,0.4134078212290503,0.08250403259085295,0.06875336049237746,0.02609483183610783,0.021745693196756524
UZB,Uzbekistan,2022,1.0,0.3333333333333333,1,Europe & Central Asia,Lower middle income,36361859.0,114965293466.611,0.10416,0.3633150044665214,0.3633150044665214,0.1893491124260355,0.2996671452812948,0.4,0.5141509433962265,0.4134078212290503,0.027501344196950987,0.009167114732316996,0.00869827727870261,0.0028994257595675362
UZB,Uzbekistan,2023,7.0,3.25,7,Europe & Central Asia,Lower middle income,36361859.0,114965293466.611,0.10416,0.3633150044665214,0.3633150044665214,0.1893491124260355,0.2996671452812948,0.4,0.5141509433962265,0.4134078212290503,0.1925094093786569,0.0893793686400907,0.06088794095091827,0.028269401155783483
UZB,Uzbekistan,2024,11.0,3.5888888888888886,11,Europe & Central Asia,Lower middle income,36361859.0,114965293466.611,0.10416,0.3633150044665214,0.3633150044665214,0.1893491124260355,0.2996671452812948,0.4,0.5141509433962265,0.4134078212290503,0.3025147861664608,0.0986992686179463,0.09568105006572872,0.031217150678010473
UZB,Uzbekistan,2025,28.0,11.766666666666666,28,Europe & Central Asia,Lower middle income,36361859.0,114965293466.611,0.10416,0.3633150044665214,0.3633150044665214,0.1893491124260355,0.2996671452812948,0.4,0.5141509433962265,0.4134078212290503,0.7700376375146276,0.3235991500507899,0.24355176380367308,0.10234972931273405
VEN,"Venezuela, RB",2011,1.0,0.25,1,Latin America & Caribbean,Not classified,28405543.0,29024373424553.1,0.33713,0.6844023291424293,0.6844023291424293,0.5355029585798816,0.6142638036809815,0.7976744186046512,0.8349056603773585,0.6396648044692738,0.03520439655034934,0.008801099137587335,3.4453801478244914e-05,8.613450369561228e-06
VEN,"Venezuela, RB",2012,1.0,0.5,1,Latin America & Caribbean,Not classified,28405543.0,29024373424553.1,0.33713,0.6844023291424293,0.6844023291424293,0.5355029585798816,0.6142638036809815,0.7976744186046512,0.8349056603773585,0.6396648044692738,0.03520439655034934,0.01760219827517467,3.4453801478244914e-05,1.7226900739122457e-05
VEN,"Venezuela, RB",2013,3.0,1.1666666666666665,3,Latin America & Caribbean,Not classified,28405543.0,29024373424553.1,0.33713,0.6844023291424293,0.6844023291424293,0.5355029585798816,0.6142638036809815,0.7976744186046512,0.8349056603773585,0.6396648044692738,0.10561318965104803,0.04107179597540756,0.00010336140443473473,4.0196101724619064e-05
VEN,"Venezuela, RB",2014,2.0,0.5833333333333333,2,Latin America & Caribbean,Not classified,28405543.0,29024373424553.1,0.33713,0.6844023291424293,0.6844023291424293,0.5355029585798816,0.6142638036809815,0.7976744186046512,0.8349056603773585,0.6396648044692738,0.07040879310069868,0.02053589798770378,6.890760295648983e-05,2.0098050862309532e-05
VEN,"Venezuela, RB",2015,3.0,1.8333333333333333,3,Latin America & Caribbean,Not classified,28405543.0,29024373424553.1,0.33713,0.6844023291424293,0.6844023291424293,0.5355029585798816,0.6142638036809815,0.7976744186046512,0.8349056603773585,0.6396648044692738,0.10561318965104803,0.06454139367564046,0.00010336140443473473,6.316530271011568e-05
VEN,"Venezuela, RB",2017,1.0,0.5,1,Latin America & Caribbean,Not classified,28405543.0,29024373424553.1,0.33713,0.6844023291424293,0.6844023291424293,0.5355029585798816,0.6142638036809815,0.7976744186046512,0.8349056603773585,0.6396648044692738,0.03520439655034934,0.01760219827517467,3.4453801478244914e-05,1.7226900739122457e-05
VEN,"Venezuela, RB",2018,2.0,0.6428571428571428,2,Latin America & Caribbean,Not classified,28405543.0,29024373424553.1,0.33713,0.6844023291424293,0.6844023291424293,0.5355029585798816,0.6142638036809815,0.7976744186046512,0.8349056603773585,0.6396648044692738,0.07040879310069868,0.022631397782367436,6.890760295648983e-05,2.2148872378871726e-05
VEN,"Venezuela, RB",2020,1.0,0.3333333333333333,1,Latin America & Caribbean,Not classified,28405543.0,29024373424553.1,0.33713,0.6844023291424293,0.6844023291424293,0.5355029585798816,0.6142638036809815,0.7976744186046512,0.8349056603773585,0.6396648044692738,0.03520439655034934,0.011734798850116447,3.4453801478244914e-05,1.1484600492748303e-05
VEN,"Venezuela, RB",2021,4.0,1.8333333333333333,4,Latin America & Caribbean,Not classified,28405543.0,29024373424553.1,0.33713,0.6844023291424293,0.6844023291424293,0.5355029585798816,0.6142638036809815,0.7976744186046512,0.8349056603773585,0.6396648044692738,0.14081758620139737,0.06454139367564046,0.00013781520591297965,6.316530271011568e-05
VEN,"Venezuela, RB",2022,1.0,0.5,1,Latin America & Caribbean,Not classified,28405543.0,29024373424553.1,0.33713,0.6844023291424293,0.6844023291424293,0.5355029585798816,0.6142638036809815,0.7976744186046512,0.8349056603773585,0.6396648044692738,0.03520439655034934,0.01760219827517467,3.4453801478244914e-05,1.7226900739122457e-05
VEN,"Venezuela, RB",2023,7.0,5.333333333333333,7,Latin America & Caribbean,Not classified,28405543.0,29024373424553.1,0.33713,0.6844023291424293,0.6844023291424293,0.5355029585798816,0.6142638036809815,0.7976744186046512,0.8349056603773585,0.6396648044692738,0.2464307758524454,0.18775678160186315,0.00024117661034771435,0.00018375360788397285
VEN,"Venezuela, RB",2024,3.0,0.9166666666666666,3,Latin America & Caribbean,Not classified,28405543.0,29024373424553.1,0.33713,0.6844023291424293,0.6844023291424293,0.5355029585798816,0.6142638036809815,0.7976744186046512,0.8349056603773585,0.6396648044692738,0.10561318965104803,0.03227069683782023,0.00010336140443473473,3.158265135505784e-05
VEN,"Venezuela, RB",2025,4.0,1.9102564102564101,4,Latin America & Caribbean,Not classified,28405543.0,29024373424553.1,0.33713,0.6844023291424293,0.6844023291424293,0.5355029585798816,0.6142638036809815,0.7976744186046512,0.8349056603773585,0.6396648044692738,0.14081758620139737,0.06724942417951349,0.00013781520591297965,6.581559513151913e-05
VNM,Viet Nam,2010,2.0,1.3333333333333333,2,East Asia & Pacific,Lower middle income,100987686.0,476388230307.175,0.41456,0.3354346100207346,0.3354346100207346,0.5059171597633136,0.3078742983944655,0.2093023255813953,0.3915094339622642,0.2625698324022346,0.019804394765516264,0.013202929843677508,0.004198256532724162,0.0027988376884827745
VNM,Viet Nam,2012,1.0,0.3333333333333333,1,East Asia & Pacific,Lower middle income,100987686.0,476388230307.175,0.41456,0.3354346100207346,0.3354346100207346,0.5059171597633136,0.3078742983944655,0.2093023255813953,0.3915094339622642,0.2625698324022346,0.009902197382758132,0.003300732460919377,0.002099128266362081,0.0006997094221206936
VNM,Viet Nam,2014,4.0,1.6666666666666665,4,East Asia & Pacific,Lower middle income,100987686.0,476388230307.175,0.41456,0.3354346100207346,0.3354346100207346,0.5059171597633136,0.3078742983944655,0.2093023255813953,0.3915094339622642,0.2625698324022346,0.03960878953103253,0.016503662304596885,0.008396513065448323,0.003498547110603468
VNM,Viet Nam,2016,3.0,2.5,3,East Asia & Pacific,Lower middle income,100987686.0,476388230307.175,0.41456,0.3354346100207346,0.3354346100207346,0.5059171597633136,0.3078742983944655,0.2093023255813953,0.3915094339622642,0.2625698324022346,0.029706592148274397,0.02475549345689533,0.006297384799086243,0.005247820665905203
VNM,Viet Nam,2017,5.0,2.6666666666666665,5,East Asia & Pacific,Lower middle income,100987686.0,476388230307.175,0.41456,0.3354346100207346,0.3354346100207346,0.5059171597633136,0.3078742983944655,0.2093023255813953,0.3915094339622642,0.2625698324022346,0.04951098691379066,0.026405859687355017,0.010495641331810406,0.005597675376965549
VNM,Viet Nam,2018,4.0,1.8666666666666667,4,East Asia & Pacific,Lower middle income,100987686.0,476388230307.175,0.41456,0.3354346100207346,0.3354346100207346,0.5059171597633136,0.3078742983944655,0.2093023255813953,0.3915094339622642,0.2625698324022346,0.03960878953103253,0.018484101781148513,0.008396513065448323,0.003918372763875885
VNM,Viet Nam,2019,17.0,7.931318681318682,17,East Asia & Pacific,Lower middle income,100987686.0,476388230307.175,0.41456,0.3354346100207346,0.3354346100207346,0.5059171597633136,0.3078742983944655,0.2093023255813953,0.3915094339622642,0.2625698324022346,0.16833735550688822,0.07853748308797452,0.03568518052815538,0.016648855233481672
VNM,Viet Nam,2020,34.0,15.727777777777778,34,East Asia & Pacific,Lower middle income,100987686.0,476388230307.175,0.41456,0.3354346100207346,0.3354346100207346,0.5059171597633136,0.3078742983944655,0.2093023255813953,0.3915094339622642,0.2625698324022346,0.33667471101377644,0.1557395599477126,0.07137036105631075,0.033014622900394724
VNM,Viet Nam,2021,32.0,19.126190476190477,32,East Asia & Pacific,Lower middle income,100987686.0,476388230307.175,0.41456,0.3354346100207346,0.3354346100207346,0.5059171597633136,0.3078742983944655,0.2093023255813953,0.3915094339622642,0.2625698324022346,0.31687031624826023,0.18939131327546685,0.06717210452358659,0.040148327056396656
VNM,Viet Nam,2022,53.0,30.866666666666667,53,East Asia & Pacific,Lower middle income,100987686.0,476388230307.175,0.41456,0.3354346100207346,0.3354346100207346,0.5059171597633136,0.3078742983944655,0.2093023255813953,0.3915094339622642,0.2625698324022346,0.5248164612861809,0.3056478258811343,0.1112537981171903,0.06479309248837624
VNM,Viet Nam,2023,54.0,36.041666666666664,54,East Asia & Pacific,Lower middle income,100987686.0,476388230307.175,0.41456,0.3354346100207346,0.3354346100207346,0.5059171597633136,0.3078742983944655,0.2093023255813953,0.3915094339622642,0.2625698324022346,0.5347186586689392,0.3568916973369077,0.11335292638355238,0.07565608126679998
VNM,Viet Nam,2024,76.0,48.06666666666666,76,East Asia & Pacific,Lower middle income,100987686.0,476388230307.175,0.41456,0.3354346100207346,0.3354346100207346,0.5059171597633136,0.3078742983944655,0.2093023255813953,0.3915094339622642,0.2625698324022346,0.752567001089618,0.4759656208645741,0.15953374824351815,0.10089809866980402
VNM,Viet Nam,2025,109.0,75.14166666666667,109,East Asia & Pacific,Lower middle income,100987686.0,476388230307.175,0.41456,0.3354346100207346,0.3354346100207346,0.5059171597633136,0.3078742983944655,0.2093023255813953,0.3915094339622642,0.2625698324022346,1.0793395147206364,0.7440676150027505,0.22880498103346683,0.15773199648155736
VUT,Vanuatu,2016,1.0,0.5,1,East Asia & Pacific,Lower middle income,327777.0,1161251868.03498,,0.7208356363903659,0.7208356363903659,0.6035502958579881,0.7745888265239524,0.9604651162790696,0.3018867924528302,0.9636871508379888,3.0508546969433485,1.5254273484716743,0.86113962657572,0.43056981328786
XKX,Kosovo,2025,1.0,0.3333333333333333,1,Europe & Central Asia,Upper middle income,1594353.0,11148602232.663,,,,,,,,,0.6272136722545132,0.20907122408483772,0.08969734314048947,0.02989911438016315
ZAF,South Africa,2010,2.0,0.7,2,Sub-Saharan Africa,Upper middle income,64007187.0,400260724226.067,0.61479,0.4179078095750087,0.4179078095750087,0.6627218934911243,0.7382032371753035,0.041860465116279,0.4009433962264151,0.2458100558659217,0.03124649111669288,0.010936271890842507,0.004996743070075497,0.001748860074526424
ZAF,South Africa,2011,3.0,2.0,3,Sub-Saharan Africa,Upper middle income,64007187.0,400260724226.067,0.61479,0.4179078095750087,0.4179078095750087,0.6627218934911243,0.7382032371753035,0.041860465116279,0.4009433962264151,0.2458100558659217,0.04686973667503932,0.03124649111669288,0.007495114605113245,0.004996743070075497
ZAF,South Africa,2012,4.0,3.5,4,Sub-Saharan Africa,Upper middle income,64007187.0,400260724226.067,0.61479,0.4179078095750087,0.4179078095750087,0.6627218934911243,0.7382032371753035,0.041860465116279,0.4009433962264151,0.2458100558659217,0.06249298223338576,0.05468135945421254,0.009993486140150994,0.00874430037263212
ZAF,South Africa,2013,7.0,5.0,7,Sub-Saharan Africa,Upper middle income,64007187.0,400260724226.067,0.61479,0.4179078095750087,0.4179078095750087,0.6627218934911243,0.7382032371753035,0.041860465116279,0.4009433962264151,0.2458100558659217,0.10936271890842508,0.0781162277917322,0.01748860074526424,0.012491857675188744
ZAF,South Africa,2014,13.0,9.311111111111112,13,Sub-Saharan Africa,Upper middle income,64007187.0,400260724226.067,0.61479,0.4179078095750087,0.4179078095750087,0.6627218934911243,0.7382032371753035,0.041860465116279,0.4009433962264151,0.2458100558659217,0.20310219225850373,0.14546977530993688,0.032478829955490736,0.023262614959573706
ZAF,South Africa,2015,11.0,8.5,11,Sub-Saharan Africa,Upper middle income,64007187.0,400260724226.067,0.61479,0.4179078095750087,0.4179078095750087,0.6627218934911243,0.7382032371753035,0.041860465116279,0.4009433962264151,0.2458100558659217,0.17185570114181084,0.13279758724594473,0.027482086885415234,0.021236158047820863
ZAF,South Africa,2016,18.0,11.29,18,Sub-Saharan Africa,Upper middle income,64007187.0,400260724226.067,0.61479,0.4179078095750087,0.4179078095750087,0.6627218934911243,0.7382032371753035,0.041860465116279,0.4009433962264151,0.2458100558659217,0.2812184200502359,0.1763864423537313,0.044970687630679476,0.02820661463057618
ZAF,South Africa,2017,16.0,11.333333333333334,16,Sub-Saharan Africa,Upper middle income,64007187.0,400260724226.067,0.61479,0.4179078095750087,0.4179078095750087,0.6627218934911243,0.7382032371753035,0.041860465116279,0.4009433962264151,0.2458100558659217,0.24997192893354303,0.17706344966125967,0.03997394456060398,0.028314877397094484
ZAF,South Africa,2018,11.0,8.5,11,Sub-Saharan Africa,Upper middle income,64007187.0,400260724226.067,0.61479,0.4179078095750087,0.4179078095750087,0.6627218934911243,0.7382032371753035,0.041860465116279,0.4009433962264151,0.2458100558659217,0.17185570114181084,0.13279758724594473,0.027482086885415234,0.021236158047820863
ZAF,South Africa,2019,19.0,10.867429792429792,19,Sub-Saharan Africa,Upper middle income,64007187.0,400260724226.067,0.61479,0.4179078095750087,0.4179078095750087,0.6627218934911243,0.7382032371753035,0.041860465116279,0.4009433962264151,0.2458100558659217,0.2968416656085824,0.16978452423522053,0.04746905916571722,0.02715087725242778
ZAF,South Africa,2020,41.0,26.438095238095237,41,Sub-Saharan Africa,Upper middle income,64007187.0,400260724226.067,0.61479,0.4179078095750087,0.4179078095750087,0.6627218934911243,0.7382032371753035,0.041860465116279,0.4009433962264151,0.2458100558659217,0.640553067892204,0.4130488539997116,0.10243323293654769,0.06605218458347419
ZAF,South Africa,2021,49.0,28.477777777777778,49,Sub-Saharan Africa,Upper middle income,64007187.0,400260724226.067,0.61479,0.4179078095750087,0.4179078095750087,0.6627218934911243,0.7382032371753035,0.041860465116279,0.4009433962264151,0.2458100558659217,0.7655390323589756,0.4449153151782436,0.12242020521684967,0.07114806938113055
ZAF,South Africa,2022,58.0,31.58525641025641,58,Sub-Saharan Africa,Upper middle income,64007187.0,400260724226.067,0.61479,0.4179078095750087,0.4179078095750087,0.6627218934911243,0.7382032371753035,0.041860465116279,0.4009433962264151,0.2458100558659217,0.9061482423840935,0.49346421692077186,0.1449055490321894,0.0789117055422532
ZAF,South Africa,2023,62.0,35.63333333333333,62,Sub-Saharan Africa,Upper middle income,64007187.0,400260724226.067,0.61479,0.4179078095750087,0.4179078095750087,0.6627218934911243,0.7382032371753035,0.041860465116279,0.4009433962264151,0.2458100558659217,0.9686412246174794,0.5567083167290781,0.1548990351723404,0.08902530569851178
ZAF,South Africa,2024,89.0,49.27245670995671,89,Sub-Saharan Africa,Upper middle income,64007187.0,400260724226.067,0.61479,0.4179078095750087,0.4179078095750087,0.6627218934911243,0.7382032371753035,0.041860465116279,0.4009433962264151,0.2458100558659217,1.390468854692833,0.7697956904426484,0.22235506661835963,0.12310090330553555
ZAF,South Africa,2025,138.0,76.85302840434419,138,Sub-Saharan Africa,Upper middle income,64007187.0,400260724226.067,0.61479,0.4179078095750087,0.4179078095750087,0.6627218934911243,0.7382032371753035,0.041860465116279,0.4009433962264151,0.2458100558659217,2.1560078870518087,1.200693734663643,0.34477527183520934,0.1920074185468611
ZMB,Zambia,2014,1.0,0.5,1,Sub-Saharan Africa,Lower middle income,21314956.0,26325775287.0226,0.27819,0.5384060507486226,0.5384060507486226,0.9644970414201184,0.531735413131445,0.2697674418604651,0.8254716981132075,0.1005586592178771,0.04691541469754852,0.02345770734877426,0.03798558595510592,0.01899279297755296
ZMB,Zambia,2016,1.0,0.3333333333333333,1,Sub-Saharan Africa,Lower middle income,21314956.0,26325775287.0226,0.27819,0.5384060507486226,0.5384060507486226,0.9644970414201184,0.531735413131445,0.2697674418604651,0.8254716981132075,0.1005586592178771,0.04691541469754852,0.015638471565849507,0.03798558595510592,0.012661861985035305
ZMB,Zambia,2019,3.0,1.5833333333333333,3,Sub-Saharan Africa,Lower middle income,21314956.0,26325775287.0226,0.27819,0.5384060507486226,0.5384060507486226,0.9644970414201184,0.531735413131445,0.2697674418604651,0.8254716981132075,0.1005586592178771,0.14074624409264555,0.07428273993778516,0.11395675786531774,0.0601438444289177
ZMB,Zambia,2020,2.0,0.6666666666666666,2,Sub-Saharan Africa,Lower middle income,21314956.0,26325775287.0226,0.27819,0.5384060507486226,0.5384060507486226,0.9644970414201184,0.531735413131445,0.2697674418604651,0.8254716981132075,0.1005586592178771,0.09383082939509704,0.031276943131699014,0.07597117191021184,0.02532372397007061
ZMB,Zambia,2021,1.0,0.5,1,Sub-Saharan Africa,Lower middle income,21314956.0,26325775287.0226,0.27819,0.5384060507486226,0.5384060507486226,0.9644970414201184,0.531735413131445,0.2697674418604651,0.8254716981132075,0.1005586592178771,0.04691541469754852,0.02345770734877426,0.03798558595510592,0.01899279297755296
ZMB,Zambia,2022,2.0,0.6666666666666666,2,Sub-Saharan Africa,Lower middle income,21314956.0,26325775287.0226,0.27819,0.5384060507486226,0.5384060507486226,0.9644970414201184,0.531735413131445,0.2697674418604651,0.8254716981132075,0.1005586592178771,0.09383082939509704,0.031276943131699014,0.07597117191021184,0.02532372397007061
ZMB,Zambia,2023,2.0,1.3333333333333333,2,Sub-Saharan Africa,Lower middle income,21314956.0,26325775287.0226,0.27819,0.5384060507486226,0.5384060507486226,0.9644970414201184,0.531735413131445,0.2697674418604651,0.8254716981132075,0.1005586592178771,0.09383082939509704,0.06255388626339803,0.07597117191021184,0.05064744794014122
ZMB,Zambia,2024,7.0,2.090909090909091,7,Sub-Saharan Africa,Lower middle income,21314956.0,26325775287.0226,0.27819,0.5384060507486226,0.5384060507486226,0.9644970414201184,0.531735413131445,0.2697674418604651,0.8254716981132075,0.1005586592178771,0.32840790288283966,0.09809586709487418,0.26589910168574143,0.07942440699703963
ZMB,Zambia,2025,8.0,2.5166666666666666,8,Sub-Saharan Africa,Lower middle income,21314956.0,26325775287.0226,0.27819,0.5384060507486226,0.5384060507486226,0.9644970414201184,0.531735413131445,0.2697674418604651,0.8254716981132075,0.1005586592178771,0.37532331758038817,0.11807046032216377,0.30388468764084736,0.09559705798701655
ZWE,Zimbabwe,2015,3.0,1.8333333333333333,3,Sub-Saharan Africa,Lower middle income,16634373.0,44187704410.1191,,0.4904591698174075,0.4904591698174075,0.8313609467455622,0.5501729539224645,0.0488372093023255,0.3962264150943396,0.6256983240223464,0.18034944869878775,0.1102135519825925,0.06789218946872905,0.04148967134200108
ZWE,Zimbabwe,2016,1.0,1.0,1,Sub-Saharan Africa,Lower middle income,16634373.0,44187704410.1191,,0.4904591698174075,0.4904591698174075,0.8313609467455622,0.5501729539224645,0.0488372093023255,0.3962264150943396,0.6256983240223464,0.06011648289959592,0.06011648289959592,0.02263072982290968,0.02263072982290968
ZWE,Zimbabwe,2018,1.0,0.2,1,Sub-Saharan Africa,Lower middle income,16634373.0,44187704410.1191,,0.4904591698174075,0.4904591698174075,0.8313609467455622,0.5501729539224645,0.0488372093023255,0.3962264150943396,0.6256983240223464,0.06011648289959592,0.012023296579919183,0.02263072982290968,0.0045261459645819365
ZWE,Zimbabwe,2020,3.0,1.0,3,Sub-Saharan Africa,Lower middle income,16634373.0,44187704410.1191,,0.4904591698174075,0.4904591698174075,0.8313609467455622,0.5501729539224645,0.0488372093023255,0.3962264150943396,0.6256983240223464,0.18034944869878775,0.06011648289959592,0.06789218946872905,0.02263072982290968
ZWE,Zimbabwe,2021,9.0,4.0,9,Sub-Saharan Africa,Lower middle income,16634373.0,44187704410.1191,,0.4904591698174075,0.4904591698174075,0.8313609467455622,0.5501729539224645,0.0488372093023255,0.3962264150943396,0.6256983240223464,0.5410483460963632,0.24046593159838367,0.20367656840618711,0.09052291929163872
ZWE,Zimbabwe,2022,8.0,2.8666666666666667,8,Sub-Saharan Africa,Lower middle income,16634373.0,44187704410.1191,,0.4904591698174075,0.4904591698174075,0.8313609467455622,0.5501729539224645,0.0488372093023255,0.3962264150943396,0.6256983240223464,0.48093186319676734,0.1723339176455083,0.18104583858327744,0.06487475882567442
ZWE,Zimbabwe,2023,10.0,3.9,10,Sub-Saharan Africa,Lower middle income,16634373.0,44187704410.1191,,0.4904591698174075,0.4904591698174075,0.8313609467455622,0.5501729539224645,0.0488372093023255,0.3962264150943396,0.6256983240223464,0.6011648289959591,0.23445428330842405,0.22630729822909681,0.08825984630934776
ZWE,Zimbabwe,2024,7.0,3.5095238095238095,7,Sub-Saharan Africa,Lower middle income,16634373.0,44187704410.1191,,0.4904591698174075,0.4904591698174075,0.8313609467455622,0.5501729539224645,0.0488372093023255,0.3962264150943396,0.6256983240223464,0.4208153802971714,0.2109802280809628,0.15841510876036777,0.07942308514040207
ZWE,Zimbabwe,2025,10.0,5.833333333333333,10,Sub-Saharan Africa,Lower middle income,16634373.0,44187704410.1191,,0.4904591698174075,0.4904591698174075,0.8313609467455622,0.5501729539224645,0.0488372093023255,0.3962264150943396,0.6256983240223464,0.6011648289959591,0.3506794835809761,0.22630729822909681,0.1320125906336398
