iso3,country,region,income_group,population_year,population,gdp_current_usd_year,gdp_current_usd,rd_expenditure_pct_gdp_year,rd_expenditure_pct_gdp,undernourishment_pct_year,undernourishment_pct,child_stunting_pct_year,child_stunting_pct,adult_obesity_pct_year,adult_obesity_pct,agrifood_ghg_ktco2eq_year,agrifood_ghg_ktco2eq,agrifood_ghg_tco2eq_per_capita,cereal_import_dependency_period,cereal_import_dependency_period_end_year,cereal_import_dependency_pct,household_food_waste_kg_capita,household_food_waste_tonnes_year,household_food_waste_confidence,household_food_waste_source,unep_country,unep_region,m49_code,gdp_per_capita_current_usd,log10_population,log10_gdp_current_usd,log10_gdp_per_capita_current_usd,cereal_import_dependency_vulnerability_pct,need_food_security_score,need_child_stunting_score,need_adult_obesity_score,need_nutrition_score,need_food_waste_score,need_sustainability_score,need_supply_vulnerability_score,n_need_axes_available,food_system_need_index_v1,household_food_waste_confidence_group,food_system_need_index_v1_min3,food_system_need_index_main_min4,food_system_need_index_strict_all5,need_social_score,need_environmental_score,need_resilience_score,dominant_need_profile,missing_need_axes,flag_main_need_index_available,flag_strict_need_index_available,flag_population_ge_1m,flag_food_waste_higher_confidence,flag_food_waste_low_confidence,rank_need_v1_min3,rank_need_main_min4,rank_need_strict_all5
ABW,Aruba,Latin America & Caribbean,High income,2024,107995.0,2023.0,21891438816.9093,,,,,,,,,2021.0,328.1017,3.0381193573776564,,,,88.0,9682.0,Low confidence,UNEP Food Waste Index Report 2024 Annex 3,Aruba,Latin America and the Caribbean,533.0,202707.8921886134,5.0334036487955,10.340274306552349,5.30687065775685,,,,,,0.4860465116279069,0.7735849056603774,,2,,low or very low confidence,,,,,0.6298157086441422,,sustainability,food_security; nutrition; supply_vulnerability,False,False,False,False,True,,,
AFG,Afghanistan,Middle East & North Africa,Low income,2024,42647492.0,2023.0,103317492737.43,,,2023.0,28.1,2022.0,44.6,2016.0,5.4,2021.0,22315.4346,0.5232531516741946,2018-2020,2020.0,38.1,127.0,5229654.0,Medium confidence,UNEP Food Waste Index Report 2024 Annex 3,Afghanistan,Southern Asia,4.0,2422.5924642281425,7.6298934964042,11.014173858365478,3.3842803619612782,38.1,0.9289940828402368,0.950920245398773,0.0904255319148936,0.5206728886568333,0.9395348837209302,0.0377358490566037,0.4832402234636871,5,0.5820355855476582,medium confidence,0.5820355855476582,0.5820355855476582,0.5820355855476582,0.724833485748535,0.4886353663887669,0.4832402234636871,food_waste,none,True,True,True,False,False,58.0,54.0,45.0
AGO,Angola,Sub-Saharan Africa,Lower middle income,2024,37885849.0,2024.0,80396942241.6233,2016.0,0.03229,2023.0,22.5,2015.0,37.6,2016.0,8.05,2021.0,88450.3468,2.334653944273493,2018-2020,2020.0,42.9,89.0,3171950.0,Low confidence,UNEP Food Waste Index Report 2024 Annex 3,Angola,Sub-Saharan Africa,24.0,2122.083689918716,7.578477023983065,10.905239531424533,3.3267625074414666,42.9,0.893491124260355,0.9233128834355828,0.1914893617021276,0.5574011225688552,0.5720930232558139,0.6415094339622641,0.5307262569832403,5,0.6390441922061056,low or very low confidence,0.6390441922061056,0.6390441922061056,0.6390441922061056,0.7254461234146051,0.606801228609039,0.5307262569832403,food_security,none,True,True,True,False,True,31.0,29.0,25.0
ALB,Albania,Europe & Central Asia,Upper middle income,2024,2377128.0,2024.0,27177735527.5667,2022.0,0.19997,2023.0,5.4,2017.0,11.3,2016.0,21.700000000000003,2021.0,4313.9221,1.814762225677372,2018-2020,2020.0,38.5,86.0,243657.0,Low confidence,UNEP Food Waste Index Report 2024 Annex 3,Albania,Southern Europe,8.0,11433.013084514883,6.376052567591454,10.434213268112003,4.05816070052055,38.5,0.5177514792899408,0.4171779141104294,0.5638297872340425,0.490503850672236,0.4,0.5047169811320755,0.4916201117318435,5,0.4809184845652192,low or very low confidence,0.4809184845652192,0.4809184845652192,0.4809184845652192,0.5041276649810884,0.4523584905660378,0.4916201117318435,food_security,none,True,True,True,False,True,117.0,112.0,98.0
AND,Andorra,Europe & Central Asia,High income,2024,81938.0,2024.0,4039844390.22543,2022.0,0.15818,,,,,2016.0,25.6,2021.0,85.7224,1.04618614074056,,,,82.0,6598.0,Low confidence,UNEP Food Waste Index Report 2024 Annex 3,Andorra,Southern Europe,20.0,49303.67338994642,4.913485359183095,9.606364636950216,4.692879277767122,,,,0.7553191489361702,0.7553191489361702,0.3441860465116279,0.2075471698113207,,3,0.4356841217530396,low or very low confidence,0.4356841217530396,,,0.7553191489361702,0.2758666081614743,,nutrition,food_security; supply_vulnerability,False,False,False,False,True,138.0,,
ARE,United Arab Emirates,Middle East & North Africa,High income,2024,10986400.0,2024.0,537078829135.466,2021.0,1.49469,2023.0,2.5,,,2016.0,34.25,2021.0,19560.0201,1.780384848540013,2018-2020,2020.0,100.0,99.0,930427.0,Low confidence,UNEP Food Waste Index Report 2024 Annex 3,United Arab Emirates,Western Asia,784.0,48885.788714726026,7.0408554070492855,11.730038033457502,4.689182626408217,100.0,0.1893491124260355,,0.9308510638297872,0.9308510638297872,0.8372093023255814,0.4858490566037736,0.9636871508379888,5,0.6813891372046333,low or very low confidence,0.6813891372046333,0.6813891372046333,0.6813891372046333,0.5601000881279113,0.6615291794646775,0.9636871508379888,supply_vulnerability,none,True,True,True,False,True,18.0,16.0,13.0
ARG,Argentina,Latin America & Caribbean,Upper middle income,2024,45696159.0,2024.0,633266692533.689,2023.0,0.60111,2023.0,3.4,2018.0,8.7,2016.0,28.15,2021.0,263360.2653,5.763291074420501,2018-2020,2020.0,-139.0,91.0,4156798.0,Low confidence,UNEP Food Waste Index Report 2024 Annex 3,Argentina,Latin America and the Caribbean,32.0,13858.203980200808,7.659879696892381,11.801586646357924,4.141706949465543,0.0,0.408284023668639,0.3466257668711656,0.851063829787234,0.5988447983291998,0.6767441860465117,0.8915094339622641,0.1005586592178771,5,0.5351882202448983,low or very low confidence,0.5351882202448983,0.5351882202448983,0.5351882202448983,0.5035644109989194,0.7841268100043879,0.1005586592178771,sustainability,none,True,True,True,False,True,85.0,80.0,68.0
ARM,Armenia,Europe & Central Asia,Upper middle income,2024,3033500.0,2024.0,25786585949.6346,2024.0,0.2861,2023.0,2.5,2016.0,9.4,2016.0,20.05,2021.0,3716.2661,1.2250753584967855,2018-2020,2020.0,73.5,102.0,283222.0,Low confidence,UNEP Food Waste Index Report 2024 Annex 3,Armenia,Western Asia,51.0,8500.605224867184,6.481943999280067,10.411393846931167,3.9294498476511017,73.5,0.1893491124260355,0.3803680981595092,0.4654255319148936,0.4228968150372014,0.872093023255814,0.2783018867924528,0.7094972067039106,5,0.4944276088430828,low or very low confidence,0.49442760884308284,0.49442760884308284,0.49442760884308284,0.30612296373161846,0.5751974550241334,0.7094972067039106,food_waste,none,True,True,True,False,True,109.0,104.0,91.0
ASM,American Samoa,East Asia & Pacific,High income,2024,46765.0,2022.0,11323000000.0,2006.0,0.39552,,,,,,,2021.0,139.2562,2.977786806372287,,,,81.0,3258.0,Very low confidence,UNEP Food Waste Index Report 2024 Annex 3,American Samoa,Polynesia,16.0,242125.52122313692,4.669920938681443,10.0539615073145,5.384040568633057,,,,,,0.3162790697674418,0.7688679245283019,,2,,low or very low confidence,,,,,0.5425734971478718,,sustainability,food_security; nutrition; supply_vulnerability,False,False,False,False,True,,,
ATG,Antigua and Barbuda,Latin America & Caribbean,High income,2024,93772.0,2024.0,2224814814.81481,,,,,,,2016.0,18.75,2021.0,232.6823,2.481362240327603,2018-2020,2020.0,97.5,88.0,7922.0,Low confidence,UNEP Food Waste Index Report 2024 Annex 3,Antigua and Barbuda,Latin America and the Caribbean,28.0,23725.790372550546,4.972073178882086,9.347293867788366,4.375220688906281,97.5,,,0.4148936170212766,0.4148936170212766,0.4860465116279069,0.6933962264150944,0.888268156424581,4,0.6206511278722148,low or very low confidence,0.6206511278722147,0.6206511278722147,,0.4148936170212766,0.5897213690215006,0.888268156424581,supply_vulnerability,food_security,True,False,False,False,True,38.0,36.0,
AUS,Australia,East Asia & Pacific,High income,2024,27196812.0,2024.0,1752193307380.34,2021.0,1.85783,2023.0,2.5,2007.0,1.9,2016.0,29.0,2021.0,189201.0103,6.9567348665718605,2018-2020,2020.0,-132.6,98.0,2559065.0,High confidence,UNEP Food Waste Index Report 2024 Annex 3,Australia,Australia and New Zealand,36.0,64426.42275059077,7.434517999183014,12.243582017184506,4.809064018001492,0.0,0.1893491124260355,0.0705521472392638,0.8723404255319149,0.4714462863855894,0.827906976744186,0.9198113207547168,0.1005586592178771,5,0.5018144711056809,higher confidence,0.5018144711056809,0.5018144711056809,0.5018144711056809,0.33039769940581243,0.8738591487494514,0.1005586592178771,sustainability,none,True,True,True,True,False,106.0,101.0,88.0
AUT,Austria,Europe & Central Asia,High income,2024,9177982.0,2024.0,521642466921.745,2023.0,3.25517,2023.0,2.5,,,2016.0,20.1,2021.0,17461.0671,1.902495243507777,2018-2020,2020.0,17.8,83.0,742020.0,Eurostat,UNEP Food Waste Index Report 2024 Annex 3,Austria,Western Europe,40.0,56836.29221780398,6.962747201614433,11.717372940083964,4.754625738469532,17.8,0.1893491124260355,,0.4734042553191489,0.4734042553191489,0.3581395348837209,0.5566037735849056,0.3268156424581006,5,0.3808624637343823,higher confidence,0.3808624637343823,0.3808624637343823,0.3808624637343823,0.3313766838725922,0.45737165423431325,0.3268156424581006,sustainability,none,True,True,True,True,False,164.0,152.0,135.0
AZE,Azerbaijan,Europe & Central Asia,Upper middle income,2024,10202830.0,2024.0,74315882352.9412,2024.0,0.20778,2023.0,2.5,2023.0,6.6,2016.0,19.700000000000003,2021.0,17999.1683,1.7641348821846488,2018-2020,2020.0,31.5,102.0,1055462.0,Low confidence,UNEP Food Waste Index Report 2024 Annex 3,Azerbaijan,Western Asia,31.0,7283.849907617905,7.008720650479004,10.871081638540256,3.862360988061252,31.5,0.1893491124260355,0.2331288343558282,0.4414893617021276,0.3373090980289779,0.872093023255814,0.4811320754716981,0.435754189944134,5,0.4631274998253319,low or very low confidence,0.46312749982533197,0.46312749982533197,0.46312749982533197,0.2633291052275067,0.676612549363756,0.435754189944134,food_waste,none,True,True,True,False,True,126.0,120.0,106.0
BDI,Burundi,Sub-Saharan Africa,Low income,2024,14047786.0,2024.0,2162378759.3467,2018.0,0.21312,,,2024.0,52.8,2016.0,5.35,2021.0,7611.6494,0.5418397888464417,2018-2020,2020.0,22.9,92.0,1185863.0,Low confidence,UNEP Food Waste Index Report 2024 Annex 3,Burundi,Sub-Saharan Africa,108.0,153.93021785402345,7.147607882693076,9.334931766715906,2.18732388402283,22.9,,1.0,0.0824468085106382,0.5412234042553191,0.7465116279069768,0.0424528301886792,0.3743016759776536,4,0.4261223845821572,low or very low confidence,0.42612238458215723,0.42612238458215723,,0.5412234042553191,0.394482229047828,0.3743016759776536,food_waste,food_security,True,False,True,False,True,142.0,134.0,
BEL,Belgium,Europe & Central Asia,High income,2024,11858610.0,2024.0,664564181486.953,2023.0,3.27235,2023.0,2.5,2023.0,1.9,2016.0,22.05,2021.0,23731.7529,2.0012255146260816,2018-2020,2020.0,65.1,71.0,827860.0,Eurostat,UNEP Food Waste Index Report 2024 Annex 3,Belgium,Western Europe,56.0,56040.64738506056,7.07403378643905,11.82253693007876,4.748503143639709,65.1,0.1893491124260355,0.0705521472392638,0.5851063829787234,0.3278292651089936,0.1976744186046511,0.589622641509434,0.664804469273743,5,0.3938559813845715,higher confidence,0.3938559813845714,0.3938559813845714,0.3938559813845714,0.2585891887675145,0.39364853005704253,0.664804469273743,supply_vulnerability,none,True,True,True,True,False,158.0,147.0,130.0
BEN,Benin,Sub-Saharan Africa,Lower middle income,2024,14462724.0,2024.0,21482643720.2743,,,2023.0,14.3,2021.0,34.1,2016.0,9.45,2021.0,19157.1726,1.3245895171614974,2018-2020,2020.0,42.2,89.0,1189816.0,Low confidence,UNEP Food Waste Index Report 2024 Annex 3,Benin,Sub-Saharan Africa,204.0,1485.3801898089391,7.160250098404791,10.332087725932372,3.1718376275275832,42.2,0.7544378698224852,0.8711656441717791,0.2553191489361702,0.5632423965539747,0.5720930232558139,0.3490566037735849,0.5251396648044693,5,0.5527939116420656,low or very low confidence,0.5527939116420656,0.5527939116420656,0.5527939116420656,0.6588401331882299,0.4605748135146994,0.5251396648044693,food_security,none,True,True,True,False,True,76.0,71.0,59.0
BFA,Burkina Faso,Sub-Saharan Africa,Low income,2024,23548781.0,2024.0,23250214909.5391,2024.0,0.10477,2023.0,13.1,2021.0,21.1,2016.0,5.35,2021.0,36057.6688,1.5311904594976695,2018-2020,2020.0,6.4,92.0,2085610.0,Low confidence,UNEP Food Waste Index Report 2024 Annex 3,Burkina Faso,Sub-Saharan Africa,854.0,987.3213781018686,7.371968430841751,10.36642697157417,2.9944585407324182,6.4,0.7396449704142012,0.6441717791411042,0.0824468085106382,0.3633092938258713,0.7465116279069768,0.4150943396226415,0.2290502793296089,5,0.4987221022198599,low or very low confidence,0.4987221022198599,0.4987221022198599,0.4987221022198599,0.5514771321200362,0.5808029837648091,0.2290502793296089,food_waste,none,True,True,True,False,True,108.0,103.0,90.0
BGD,Bangladesh,South Asia,Lower middle income,2024,173562364.0,2024.0,450119424622.389,,,2023.0,10.4,2022.0,23.6,2016.0,3.65,2021.0,139806.6542,0.8055125026990297,2018-2020,2020.0,11.2,82.0,14101956.0,Medium confidence,UNEP Food Waste Index Report 2024 Annex 3,Bangladesh,Southern Asia,50.0,2593.416073904069,8.23945555678999,11.653327755049762,3.413872198259773,11.2,0.6686390532544378,0.7055214723926381,0.0106382978723404,0.3580798851324892,0.3441860465116279,0.1320754716981132,0.2681564245810056,5,0.3542273762355347,medium confidence,0.35422737623553474,0.35422737623553474,0.35422737623553474,0.5133594691934635,0.23813075910487053,0.2681564245810056,food_security,none,True,True,True,False,False,173.0,161.0,144.0
BGR,Bulgaria,Europe & Central Asia,High income,2024,6441421.0,2024.0,112211952703.831,2023.0,0.79224,2023.0,2.5,2014.0,7.0,2016.0,24.9,2021.0,15666.9907,2.432225855133518,2018-2020,2020.0,-268.8,26.0,176280.0,Eurostat,UNEP Food Waste Index Report 2024 Annex 3,Bulgaria,Eastern Europe,100.0,17420.372415315036,6.808981684810587,11.050039119993569,4.241057435182979,0.0,0.1893491124260355,0.2515337423312883,0.7340425531914894,0.4927881477613888,0.0162790697674418,0.6745283018867925,0.1005586592178771,5,0.2947006582119071,higher confidence,0.2947006582119071,0.2947006582119071,0.2947006582119071,0.34106863009371213,0.3454036858271171,0.1005586592178771,sustainability,none,True,True,True,True,False,190.0,177.0,159.0
BHR,Bahrain,Middle East & North Africa,High income,2024,1588670.0,2024.0,47736702127.6596,2024.0,0.19327,,,1995.0,13.6,2016.0,31.15,2021.0,3904.6639,2.4578193709203293,,,,132.0,193612.0,Medium confidence,UNEP Food Waste Index Report 2024 Annex 3,Bahrain,Western Asia,48.0,30048.217771884407,6.201033694524569,10.678852412634049,4.477818718109479,,,0.4877300613496932,0.898936170212766,0.6933331157812296,0.9534883720930232,0.6886792452830188,,3,0.7785002443857572,medium confidence,0.7785002443857572,,,0.6933331157812296,0.821083808688021,,food_waste,food_security; supply_vulnerability,False,False,True,False,False,3.0,,
BHS,"Bahamas, The",Latin America & Caribbean,High income,2024,401283.0,2024.0,15832800000.0,,,,,,,2016.0,31.25,2021.0,1102.4746,2.747374296942557,2018-2020,2020.0,99.0,88.0,36089.0,Low confidence,UNEP Food Waste Index Report 2024 Annex 3,Bahamas,Latin America and the Caribbean,44.0,39455.44665485455,5.603450761621261,10.199557725792058,4.596106964170798,99.0,,,0.9042553191489362,0.9042553191489362,0.4860465116279069,0.7358490566037735,0.9106145251396648,4,0.7591913531300704,low or very low confidence,0.7591913531300704,0.7591913531300704,,0.9042553191489362,0.6109477841158402,0.9106145251396648,supply_vulnerability,food_security,True,False,False,False,True,4.0,3.0,
BIH,Bosnia and Herzegovina,Europe & Central Asia,Upper middle income,2024,3164253.0,2024.0,28343394203.4694,2024.0,0.21437,2023.0,2.5,2012.0,8.9,2016.0,17.75,2021.0,5759.883,1.8202978712511293,2018-2020,2020.0,25.0,86.0,277117.0,Low confidence,UNEP Food Waste Index Report 2024 Annex 3,Bosnia and Herzegovina,Southern Europe,70.0,8957.372941882144,6.500271200524495,10.452451857046617,3.95218065652212,25.0,0.1893491124260355,0.3619631901840491,0.3882978723404255,0.3751305312622373,0.4,0.5188679245283019,0.3910614525139664,5,0.3748818041461082,low or very low confidence,0.3748818041461082,0.3748818041461082,0.3748818041461082,0.2822398218441364,0.45943396226415095,0.3910614525139664,sustainability,none,True,True,True,False,True,166.0,154.0,137.0
BLR,Belarus,Europe & Central Asia,Upper middle income,2024,9132629.0,2024.0,75961865471.9129,2024.0,0.5872,2023.0,2.5,2023.0,1.2,2016.0,24.200000000000003,2021.0,85976.5777,9.414219903162603,2018-2020,2020.0,9.4,71.0,674104.0,Low confidence,UNEP Food Waste Index Report 2024 Annex 3,Belarus,Eastern Europe,112.0,8317.633999137915,6.960595815413655,10.880595621602234,3.9199998061885792,9.4,0.1893491124260355,0.0337423312883435,0.7074468085106383,0.3705945698994909,0.1976744186046511,0.9386792452830188,0.2569832402234637,5,0.390656117287332,low or very low confidence,0.390656117287332,0.390656117287332,0.390656117287332,0.2799718411627632,0.568176831943835,0.2569832402234637,sustainability,none,True,True,True,False,True,160.0,149.0,132.0
BLZ,Belize,Latin America & Caribbean,Upper middle income,2024,417072.0,2024.0,3515783328.91079,,,2023.0,7.0,2015.0,15.0,2016.0,24.0,2021.0,6147.8387,14.740473347527526,2018-2020,2020.0,21.4,53.0,21596.0,Medium confidence,UNEP Food Waste Index Report 2024 Annex 3,Belize,Latin America and the Caribbean,84.0,8429.679597073862,5.620211034598477,9.546022102477403,3.9258110678789264,21.4,0.5946745562130178,0.5276073619631901,0.7021276595744681,0.6148675107688291,0.0674418604651162,0.9716981132075472,0.3631284916201117,5,0.5223621064549244,medium confidence,0.5223621064549244,0.5223621064549244,0.5223621064549244,0.6047710334909234,0.5195699868363317,0.3631284916201117,sustainability,none,True,True,False,False,False,96.0,91.0,78.0
BMU,Bermuda,North America,High income,2024,64636.0,2024.0,8980200000.0,2020.0,0.22546,,,,,,,2021.0,54.9795,0.850601831796522,,,,79.0,4718.0,Very low confidence,UNEP Food Waste Index Report 2024 Annex 3,Bermuda,Northern America,60.0,138934.95884646327,4.810474472276444,9.953286009042488,5.142811536766044,,,,,,0.2906976744186046,0.1462264150943396,,2,,low or very low confidence,,,,,0.2184620447564721,,food_waste,food_security; nutrition; supply_vulnerability,False,False,False,False,True,,,
BOL,Bolivia,Latin America & Caribbean,Lower middle income,2024,12413315.0,2024.0,49668296743.8495,2021.0,0.06308,2023.0,21.8,2016.0,16.1,2016.0,20.05,2021.0,117696.9751,9.481510386226402,2018-2020,2020.0,17.1,90.0,1101625.0,Low confidence,UNEP Food Waste Index Report 2024 Annex 3,Bolivia (Plurinational State of),Latin America and the Caribbean,68.0,4001.211339907954,7.093887776176803,10.696079267153856,3.602191490977054,17.1,0.8668639053254438,0.558282208588957,0.4654255319148936,0.5118538702519253,0.627906976744186,0.9481132075471698,0.3128491620111732,5,0.6535174243759796,low or very low confidence,0.6535174243759796,0.6535174243759796,0.6535174243759796,0.6893588877886845,0.7880100921456779,0.3128491620111732,sustainability,none,True,True,True,False,True,27.0,25.0,21.0
BRA,Brazil,Latin America & Caribbean,Upper middle income,2024,211998573.0,2024.0,2179412080828.59,2023.0,1.1938,2023.0,2.5,2019.0,8.0,2016.0,21.95,2021.0,1428893.2279,6.740107764310282,2018-2020,2020.0,-28.3,94.0,20289630.0,Medium confidence,UNEP Food Waste Index Report 2024 Annex 3,Brazil,Latin America and the Caribbean,76.0,10280.31486244292,8.326332937625395,12.33833935393129,4.012006416305894,0.0,0.1893491124260355,0.3159509202453988,0.5797872340425532,0.4478690771439759,0.8093023255813954,0.9056603773584906,0.1005586592178771,5,0.4905479103455549,medium confidence,0.49054791034555495,0.49054791034555495,0.49054791034555495,0.3186090947850057,0.857481351469943,0.1005586592178771,sustainability,none,True,True,True,False,False,112.0,107.0,93.0
BRB,Barbados,Latin America & Caribbean,High income,2024,282467.0,2024.0,7165000000.0,,,2023.0,4.4,2012.0,7.7,2016.0,23.0,2021.0,484.74,1.7160942694190826,2018-2020,2020.0,100.0,88.0,24646.0,Low confidence,UNEP Food Waste Index Report 2024 Annex 3,Barbados,Latin America and the Caribbean,52.0,25365.79494241805,5.4509677174473445,9.855216194733364,4.404248477286019,100.0,0.4556213017751479,0.294478527607362,0.6542553191489362,0.4743669233781491,0.4860465116279069,0.4669811320754717,0.9636871508379888,5,0.5693406039389329,low or very low confidence,0.5693406039389328,0.5693406039389328,0.5693406039389328,0.4649941125766485,0.47651382185168933,0.9636871508379888,supply_vulnerability,none,True,True,False,False,True,67.0,63.0,51.0
BRN,Brunei Darussalam,East Asia & Pacific,High income,2024,462721.0,2024.0,15463134387.2013,2018.0,0.27764,,,2009.0,19.6,2016.0,14.1,2021.0,1636.7606,3.537251605178931,2007-2009,2009.0,83.5,76.0,34109.0,Low confidence,UNEP Food Waste Index Report 2024 Annex 3,Brunei Darussalam,South-eastern Asia,96.0,33417.83577404376,5.665319209846046,10.189297530273995,4.523978320427951,83.5,,0.6319018404907976,0.3297872340425531,0.4808445372666753,0.241860465116279,0.8207547169811321,0.7653631284916201,4,0.5772057119639267,low or very low confidence,0.5772057119639267,0.5772057119639267,,0.4808445372666753,0.5313075910487055,0.7653631284916201,sustainability,food_security,True,False,False,False,True,61.0,57.0,
BTN,Bhutan,South Asia,Lower middle income,2024,791524.0,2023.0,3019253885.46989,2024.0,0.09979,,,2023.0,17.9,2016.0,6.6,2021.0,759.1515,0.95910105063144,,,,19.0,15072.0,High confidence,UNEP Food Waste Index Report 2024 Annex 3,Bhutan,Southern Asia,64.0,3814.4817914174314,5.8984640877511785,9.479899633865305,3.581435546114125,,,0.6012269938650306,0.1382978723404255,0.3697624331027281,0.0093023255813953,0.1886792452830188,,3,0.1892480013223808,higher confidence,0.18924800132238073,,,0.3697624331027281,0.09899078543220705,,nutrition,food_security; supply_vulnerability,False,False,False,True,False,195.0,,
BWA,Botswana,Sub-Saharan Africa,Upper middle income,2024,2521139.0,2024.0,19400774882.4495,2013.0,0.561,2023.0,24.0,2007.0,28.9,2016.0,18.7,2021.0,57310.872,22.732134959635307,2018-2020,2020.0,81.6,50.0,132594.0,Medium confidence,UNEP Food Waste Index Report 2024 Annex 3,Botswana,Sub-Saharan Africa,72.0,7695.242064181903,6.40159679064623,10.28781907634524,3.8862222856990094,81.6,0.8994082840236687,0.8098159509202454,0.4095744680851064,0.6096952095026759,0.055813953488372,1.0,0.7430167597765364,5,0.6615868413582506,medium confidence,0.6615868413582505,0.6615868413582505,0.6615868413582505,0.7545517467631723,0.527906976744186,0.7430167597765364,sustainability,none,True,True,True,False,False,24.0,22.0,19.0
CAF,Central African Republic,Sub-Saharan Africa,Low income,2024,5330690.0,2024.0,2751544520.37918,,,2023.0,29.8,2022.0,37.9,2016.0,7.300000000000001,2021.0,53303.3864,9.99934087332034,2015-2017,2017.0,24.9,92.0,513353.0,Low confidence,UNEP Food Waste Index Report 2024 Annex 3,Central African Republic,Sub-Saharan Africa,140.0,516.1704245377578,6.72678342737509,9.439576544150114,2.7127931167750243,24.9,0.940828402366864,0.9325153374233128,0.1702127659574468,0.5513640516903798,0.7465116279069768,0.9528301886792452,0.3854748603351955,5,0.7154018261957322,low or very low confidence,0.7154018261957322,0.7154018261957322,0.7154018261957322,0.746096227028622,0.849670908293111,0.3854748603351955,sustainability,none,True,True,True,False,True,10.0,8.0,6.0
CAN,Canada,North America,High income,2024,41288599.0,2024.0,2241253230970.34,2024.0,1.7908,2023.0,2.5,,,2016.0,29.4,2021.0,286621.3996,6.941901797152284,2018-2020,2020.0,-85.6,79.0,3019925.0,High confidence,UNEP Food Waste Index Report 2024 Annex 3,Canada,Northern America,124.0,54282.61760517328,7.615830146694225,12.350490928645678,4.734660781951454,0.0,0.1893491124260355,,0.8776595744680851,0.8776595744680851,0.2906976744186046,0.9150943396226416,0.1005586592178771,5,0.4746718720306487,higher confidence,0.47467187203064876,0.47467187203064876,0.47467187203064876,0.5335043434470603,0.6028960070206231,0.1005586592178771,sustainability,none,True,True,True,True,False,121.0,116.0,102.0
CHE,Switzerland,Europe & Central Asia,High income,2024,9005582.0,2024.0,936564198048.516,2023.0,3.22178,2023.0,2.5,,,2016.0,19.55,2021.0,16567.7249,1.8397172886771784,2018-2020,2020.0,52.7,119.0,1041879.0,Medium confidence,UNEP Food Waste Index Report 2024 Annex 3,Switzerland,Western Europe,756.0,103998.1866856041,6.954511785031266,11.97153755202907,5.017025766997803,52.7,0.1893491124260355,,0.425531914893617,0.425531914893617,0.9302325581395348,0.5330188679245284,0.5810055865921788,5,0.531827607995179,medium confidence,0.5318276079951788,0.5318276079951788,0.5318276079951788,0.3074405136598263,0.7316257130320316,0.5810055865921788,food_waste,none,True,True,True,False,False,87.0,82.0,70.0
CHI,Channel Islands,Europe & Central Asia,High income,2024,168126.0,2023.0,75047562880.3978,,,,,,,,,,,,,,,,,,,,,,446376.9011360397,5.225634880503006,10.875336593384343,5.649701712881338,,,,,,,,,0,,,,,,,,,,food_security; nutrition; food_waste; sustainability; supply_vulnerability,False,False,False,False,False,,,
CHL,Chile,Latin America & Caribbean,High income,2024,19764771.0,2024.0,330267137371.592,2022.0,0.39205,2023.0,2.5,2014.0,1.8,2016.0,27.95,2021.0,33245.843,1.6820758004228835,2018-2020,2020.0,53.9,88.0,1725226.0,Low confidence,UNEP Food Waste Index Report 2024 Annex 3,Chile,Latin America and the Caribbean,152.0,16709.889397230658,7.295891786854426,11.518865362161858,4.222973575307432,53.9,0.1893491124260355,0.0613496932515337,0.8457446808510638,0.4535471870512987,0.4860465116279069,0.4622641509433962,0.5977653631284916,5,0.4377944650354258,low or very low confidence,0.4377944650354258,0.4377944650354258,0.4377944650354258,0.3214481497386671,0.47415533128565157,0.5977653631284916,supply_vulnerability,none,True,True,True,False,True,136.0,129.0,114.0
CHN,China,East Asia & Pacific,Upper middle income,2024,1408975000.0,2024.0,18743803170827.2,2023.0,2.57729,2023.0,2.5,2017.0,4.8,2016.0,6.2,2021.0,2272325.8351,1.612750996362604,2018-2020,2020.0,3.2,76.0,108667369.0,Medium confidence,UNEP Food Waste Index Report 2024 Annex 3,China,Eastern Asia,156.0,13303.14815438684,9.148903287319172,13.27285771507501,4.12395442775584,3.2,0.1893491124260355,0.1687116564417178,0.1276595744680851,0.1481856154549014,0.241860465116279,0.4528301886792453,0.2067039106145251,5,0.2477858584581973,medium confidence,0.24778585845819726,0.24778585845819726,0.24778585845819726,0.16876736394046843,0.34734532689776215,0.2067039106145251,sustainability,none,True,True,True,False,False,194.0,181.0,163.0
CIV,Côte d'Ivoire,Sub-Saharan Africa,Lower middle income,2024,31934230.0,2024.0,86538413923.3943,2016.0,0.06975,2023.0,11.1,2021.0,23.4,2016.0,10.5,2021.0,41251.1772,1.291754246149038,2018-2020,2020.0,45.0,89.0,2509753.0,Low confidence,UNEP Food Waste Index Report 2024 Annex 3,Côte d’Ivoire,Sub-Saharan Africa,384.0,2709.895116412524,7.5042564488865935,10.937208931183596,3.432952482297003,45.0,0.6804733727810651,0.6993865030674846,0.2819148936170212,0.4906506983422529,0.5720930232558139,0.3254716981132075,0.553072625698324,5,0.5243522836381327,low or very low confidence,0.5243522836381327,0.5243522836381327,0.5243522836381327,0.585562035561659,0.4487823606845107,0.553072625698324,food_security,none,True,True,True,False,True,94.0,89.0,76.0
CMR,Cameroon,Sub-Saharan Africa,Lower middle income,2024,29123744.0,2024.0,51326764684.8595,,,2023.0,4.8,2018.0,28.9,2016.0,11.25,2021.0,52102.237,1.7889951580401202,2018-2020,2020.0,31.4,89.0,2487472.0,Low confidence,UNEP Food Waste Index Report 2024 Annex 3,Cameroon,Sub-Saharan Africa,120.0,1762.368350884402,7.464247204913689,10.71034388994174,3.24609668502805,31.4,0.4674556213017751,0.8098159509202454,0.2978723404255319,0.5538441456728886,0.5720930232558139,0.4952830188679245,0.4301675977653631,5,0.5037686813727531,low or very low confidence,0.503768681372753,0.503768681372753,0.503768681372753,0.5106498834873319,0.5336880210618692,0.4301675977653631,food_waste,none,True,True,True,False,True,104.0,99.0,86.0
COD,"Congo, Dem. Rep.",Sub-Saharan Africa,Low income,2024,109276265.0,2024.0,70749355652.1207,2015.0,0.40638,2023.0,38.5,2023.0,44.7,2016.0,6.65,2021.0,667813.6308,6.11124136426149,2018-2020,2020.0,19.8,62.0,6147778.0,Medium confidence,UNEP Food Waste Index Report 2024 Annex 3,Dem. Rep. of the Congo,Sub-Saharan Africa,180.0,647.4357048360016,8.038525842655076,10.849722488888869,2.811196646233793,19.8,0.970414201183432,0.9570552147239264,0.1436170212765957,0.550336118000261,0.1372093023255814,0.8962264150943396,0.3463687150837989,5,0.5801109503374826,medium confidence,0.5801109503374826,0.5801109503374826,0.5801109503374826,0.7603751595918465,0.5167178587099606,0.3463687150837989,food_security,none,True,True,True,False,False,60.0,56.0,47.0
COG,"Congo, Rep.",Sub-Saharan Africa,Lower middle income,2024,6332961.0,2024.0,15719985776.3966,2022.0,0.38339,2023.0,26.4,2014.0,21.2,2016.0,9.5,2021.0,13579.6078,2.1442746607787413,2018-2020,2020.0,96.2,89.0,532075.0,Low confidence,UNEP Food Waste Index Report 2024 Annex 3,Congo,Sub-Saharan Africa,178.0,2482.248947434952,6.801606813538617,10.196452148749492,3.3948453352108747,96.2,0.9230769230769232,0.6533742331288344,0.2606382978723404,0.4570062655005874,0.5720930232558139,0.5990566037735849,0.8743016759776536,5,0.6851068983169126,low or very low confidence,0.6851068983169126,0.6851068983169126,0.6851068983169126,0.6900415942887553,0.5855748135146994,0.8743016759776536,food_security,none,True,True,True,False,True,15.0,13.0,10.0
COL,Colombia,Latin America & Caribbean,Upper middle income,2024,52886363.0,2024.0,418542042920.189,2020.0,0.2894,2023.0,3.9,2016.0,12.7,2016.0,22.1,2021.0,193564.435,3.6600065502708135,2018-2020,2020.0,63.6,70.0,3653302.0,Medium confidence,UNEP Food Waste Index Report 2024 Annex 3,Colombia,Latin America and the Caribbean,170.0,7913.988014645458,7.723343701574825,11.621739089787209,3.898395388212384,63.6,0.4378698224852071,0.4601226993865031,0.5904255319148937,0.5252741156506984,0.1860465116279069,0.839622641509434,0.6536312849162011,5,0.5284888752378895,medium confidence,0.5284888752378895,0.5284888752378895,0.5284888752378895,0.48157196906795274,0.5128345765686705,0.6536312849162011,sustainability,none,True,True,True,False,False,91.0,86.0,73.0
COM,Comoros,Sub-Saharan Africa,Lower middle income,2024,866628.0,2024.0,1546164420.32442,,,2023.0,15.4,2022.0,18.2,2016.0,7.75,2021.0,498.7425,0.5754977914399257,2016-2018,2018.0,73.2,89.0,74865.0,Low confidence,UNEP Food Waste Index Report 2024 Annex 3,Comoros,Sub-Saharan Africa,174.0,1784.11546860293,5.937832716603557,9.189255675250315,3.251422958646759,73.2,0.7810650887573964,0.6104294478527608,0.1808510638297872,0.395640255841274,0.5720930232558139,0.0566037735849056,0.7039106145251397,5,0.5018625511929059,low or very low confidence,0.5018625511929059,0.5018625511929059,0.5018625511929059,0.5883526722993352,0.3143483984203598,0.7039106145251397,food_security,none,True,True,False,False,True,105.0,100.0,87.0
CPV,Cabo Verde,Sub-Saharan Africa,Upper middle income,2024,524877.0,2024.0,2767599017.44874,2011.0,0.06622,2023.0,13.5,2018.0,6.0,2016.0,11.6,2021.0,337.8873,0.6437456775587423,2018-2020,2020.0,100.0,89.0,52584.0,Low confidence,UNEP Food Waste Index Report 2024 Annex 3,Cabo Verde,Sub-Saharan Africa,132.0,5272.852530114179,5.720057542492024,9.442103167748533,3.722045625256506,100.0,0.7455621301775148,0.205521472392638,0.3031914893617021,0.2543564808771701,0.5720930232558139,0.0943396226415094,0.9636871508379888,5,0.5260076815579995,low or very low confidence,0.5260076815579995,0.5260076815579995,0.5260076815579995,0.49995930552734247,0.33321632294866166,0.9636871508379888,supply_vulnerability,none,True,True,False,False,True,93.0,88.0,75.0
CRI,Costa Rica,Latin America & Caribbean,High income,2024,5129910.0,2024.0,95350423176.664,2023.0,0.33738,2023.0,2.5,2018.0,9.0,2016.0,25.75,2021.0,7152.1905,1.3942136411749917,2018-2020,2020.0,89.5,91.0,473131.0,Low confidence,UNEP Food Waste Index Report 2024 Annex 3,Costa Rica,Latin America and the Caribbean,188.0,18587.15322036137,6.710109745843544,10.979322624837527,4.269212878993984,89.5,0.1893491124260355,0.3680981595092024,0.7632978723404256,0.565698015924814,0.6767441860465117,0.3584905660377358,0.7988826815642458,5,0.5178329123998685,low or very low confidence,0.5178329123998685,0.5178329123998685,0.5178329123998685,0.3775235641754247,0.5176173760421238,0.7988826815642458,supply_vulnerability,none,True,True,True,False,True,98.0,93.0,80.0
CUB,Cuba,Latin America & Caribbean,Upper middle income,2024,10979783.0,2022.0,633442300000.0,2024.0,0.43839,2006.0,2.5,2019.0,7.1,2016.0,24.6,2021.0,19992.2769,1.8208262312652264,2018-2020,2020.0,77.7,91.0,1023900.0,Low confidence,UNEP Food Waste Index Report 2024 Annex 3,Cuba,Latin America and the Caribbean,192.0,57691.69572841285,7.040593756978022,11.80170706131438,4.761113304336358,77.7,0.1893491124260355,0.2607361963190184,0.723404255319149,0.4920702258190836,0.6767441860465117,0.5235849056603774,0.7374301675977654,5,0.5238357195099547,low or very low confidence,0.5238357195099547,0.5238357195099547,0.5238357195099547,0.34070966912255957,0.6001645458534446,0.7374301675977654,supply_vulnerability,none,True,True,True,False,True,95.0,90.0,77.0
CUW,Curaçao,Latin America & Caribbean,High income,2024,155967.0,2023.0,19688516084.2232,,,,,,,,,,,,,,,88.0,16724.0,Low confidence,UNEP Food Waste Index Report 2024 Annex 3,Curaçao,Latin America and the Caribbean,531.0,126235.14002464112,5.193032718649516,10.294212984765895,5.101180266116378,,,,,,0.4860465116279069,,,1,,low or very low confidence,,,,,0.4860465116279069,,food_waste,food_security; nutrition; sustainability; supply_vulnerability,False,False,False,False,True,,,
CYM,Cayman Islands,Latin America & Caribbean,High income,2024,74457.0,2023.0,42836571346.2854,,,,,,,,,2021.0,139.1469,1.8688222732583903,,,,88.0,6162.0,Low confidence,UNEP Food Waste Index Report 2024 Annex 3,Cayman Islands,Latin America and the Caribbean,136.0,575319.5985103536,4.8719055337667,10.631814702473102,5.759909168706403,,,,,,0.4860465116279069,0.5471698113207547,,2,,low or very low confidence,,,,,0.5166081614743308,,sustainability,food_security; nutrition; supply_vulnerability,False,False,False,False,True,,,
CYP,Cyprus,Europe & Central Asia,High income,2024,1358282.0,2024.0,36333022329.4981,2023.0,0.68145,2023.0,2.5,,,2016.0,21.75,2021.0,1773.8756,1.305970041567215,2018-2020,2020.0,98.4,71.0,88750.0,Eurostat,UNEP Food Waste Index Report 2024 Annex 3,Cyprus,Western Asia,196.0,26749.248189623435,6.132989945444918,10.560301525757817,4.427311580312899,98.4,0.1893491124260355,,0.5691489361702128,0.5691489361702128,0.1976744186046511,0.3349056603773584,0.8938547486033519,5,0.4369865752363219,higher confidence,0.43698657523632195,0.43698657523632195,0.43698657523632195,0.3792490242981241,0.26629003949100477,0.8938547486033519,supply_vulnerability,none,True,True,True,True,False,137.0,130.0,115.0
CZE,Czechia,Europe & Central Asia,High income,2024,10905028.0,2024.0,345036675975.047,2023.0,1.83369,2023.0,2.5,2001.0,2.8,2016.0,25.9,2021.0,21768.5124,1.9961904178512884,2018-2020,2020.0,-42.0,69.0,723810.0,Eurostat,UNEP Food Waste Index Report 2024 Annex 3,Czechia,Eastern Europe,203.0,31640.14580935024,7.037626785020623,11.537865261238496,4.5002384762178735,0.0,0.1893491124260355,0.107361963190184,0.776595744680851,0.4419788539355175,0.1767441860465116,0.5849056603773585,0.1005586592178771,5,0.29870729440066,higher confidence,0.29870729440066,0.29870729440066,0.29870729440066,0.3156639831807765,0.38082492321193506,0.1005586592178771,sustainability,none,True,True,True,True,False,188.0,175.0,157.0
DEU,Germany,Europe & Central Asia,High income,2024,83516593.0,2024.0,4659929336890.62,2023.0,3.1539,2023.0,2.5,2016.0,1.3,2016.0,22.3,2021.0,180363.7898,2.159616230992565,2018-2020,2020.0,-0.3,78.0,6502860.0,Eurostat,UNEP Food Waste Index Report 2024 Annex 3,Germany,Western Europe,276.0,55796.44917855569,7.921772769285104,12.668379331103916,4.746606561818811,0.0,0.1893491124260355,0.0429447852760736,0.601063829787234,0.3220043075316538,0.2697674418604651,0.6037735849056604,0.1005586592178771,5,0.2970906211883384,higher confidence,0.2970906211883384,0.2970906211883384,0.2970906211883384,0.2556767099788447,0.4367705133830627,0.1005586592178771,sustainability,none,True,True,True,True,False,189.0,176.0,158.0
DJI,Djibouti,Middle East & North Africa,Lower middle income,2024,1168722.0,2024.0,4086402718.86834,,,2023.0,12.9,2023.0,25.5,2016.0,13.45,2021.0,1033.5817,0.8843691656356258,2018-2020,2020.0,98.8,89.0,99820.0,Low confidence,UNEP Food Waste Index Report 2024 Annex 3,Djibouti,Sub-Saharan Africa,262.0,3496.4711187676285,6.067711219267818,9.611341164539157,3.5436299452713382,98.8,0.7307692307692307,0.7484662576687117,0.3191489361702128,0.5338075969194622,0.5720930232558139,0.160377358490566,0.905027932960894,5,0.5804150284791934,low or very low confidence,0.5804150284791934,0.5804150284791934,0.5804150284791934,0.6322884138443465,0.36623519087318995,0.905027932960894,supply_vulnerability,none,True,True,True,False,True,59.0,55.0,46.0
DMA,Dominica,Latin America & Caribbean,Upper middle income,2024,66205.0,2024.0,688881481.481481,,,2023.0,3.6,,,2016.0,27.75,2021.0,84.3921,1.274708858847519,2018-2020,2020.0,100.0,91.0,6394.0,Low confidence,UNEP Food Waste Index Report 2024 Annex 3,Dominica,Latin America and the Caribbean,212.0,10405.27877775819,4.820890789899057,8.838144510200683,4.0172537203016265,100.0,0.4201183431952662,,0.8297872340425532,0.8297872340425532,0.6767441860465117,0.3113207547169811,0.9636871508379888,5,0.6403315337678602,low or very low confidence,0.6403315337678602,0.6403315337678602,0.6403315337678602,0.6249527886189097,0.49403247038174636,0.9636871508379888,supply_vulnerability,none,True,True,False,False,True,30.0,28.0,24.0
DNK,Denmark,Europe & Central Asia,High income,2024,5976992.0,2024.0,429457372071.869,2023.0,3.04841,2023.0,2.5,,,2016.0,19.65,2021.0,21033.0279,3.518998837542363,2018-2020,2020.0,-8.4,79.0,464520.0,Eurostat,UNEP Food Waste Index Report 2024 Annex 3,Denmark,Northern Europe,208.0,71851.75621313682,6.776482674545714,11.632920062247038,4.856437387701324,0.0,0.1893491124260355,,0.4308510638297872,0.4308510638297872,0.2906976744186046,0.8160377358490566,0.1005586592178771,5,0.3654988491482722,higher confidence,0.3654988491482722,0.3654988491482722,0.3654988491482722,0.31010008812791134,0.5533677051338306,0.1005586592178771,sustainability,none,True,True,True,True,False,169.0,157.0,140.0
DOM,Dominican Republic,Latin America & Caribbean,Upper middle income,2024,11427557.0,2024.0,124282245638.568,,,2023.0,3.6,2019.0,6.7,2016.0,27.55,2021.0,21838.7559,1.9110607717817552,2018-2020,2020.0,65.8,160.0,1799544.0,Medium confidence,UNEP Food Waste Index Report 2024 Annex 3,Dominican Republic,Latin America and the Caribbean,214.0,10875.661844309156,7.05795339620278,11.094409091860271,4.0364556956574935,65.8,0.4201183431952662,0.2392638036809816,0.8191489361702128,0.5292063699255972,0.9767441860465116,0.5613207547169812,0.6815642458100558,5,0.6337907799388824,medium confidence,0.6337907799388824,0.6337907799388824,0.6337907799388824,0.4746623565604317,0.7690324703817464,0.6815642458100558,food_waste,none,True,True,True,False,False,33.0,31.0,27.0
DZA,Algeria,Middle East & North Africa,Upper middle income,2024,46814308.0,2024.0,263619794506.723,2024.0,0.44395,2023.0,2.5,2019.0,9.8,2016.0,27.4,2021.0,58623.2014,1.252249662645873,2018-2020,2020.0,73.8,113.0,5057909.0,Very low confidence,UNEP Food Waste Index Report 2024 Annex 3,Algeria,Northern Africa,12.0,5631.179991098512,7.670378608111857,11.420978017159772,3.7505994090479153,73.8,0.1893491124260355,0.3926380368098159,0.8085106382978723,0.6005743375538442,0.916279069767442,0.2971698113207547,0.7206703910614525,5,0.5448085444259056,low or very low confidence,0.5448085444259056,0.5448085444259056,0.5448085444259056,0.3949617249899398,0.6067244405440984,0.7206703910614525,food_waste,none,True,True,True,False,True,78.0,73.0,61.0
ECU,Ecuador,Latin America & Caribbean,Upper middle income,2024,18135478.0,2024.0,124676074700.0,2014.0,0.43839,2023.0,12.1,2024.0,17.4,2016.0,19.8,2021.0,50389.595,2.778509339538776,2018-2020,2020.0,34.7,96.0,1727535.0,Medium confidence,UNEP Food Waste Index Report 2024 Annex 3,Ecuador,Latin America and the Caribbean,218.0,6874.705739765999,7.258529006843751,11.095783120497924,3.837254113654174,34.7,0.7159763313609467,0.5736196319018405,0.449468085106383,0.5115438585041118,0.8186046511627907,0.7405660377358491,0.4581005586592179,5,0.6489582874845832,medium confidence,0.6489582874845832,0.6489582874845832,0.6489582874845832,0.6137600949325293,0.7795853444493199,0.4581005586592179,food_waste,none,True,True,True,False,False,28.0,26.0,22.0
EGY,"Egypt, Arab Rep.",Middle East & North Africa,Lower middle income,2024,116538258.0,2024.0,389059911003.566,2024.0,1.01757,2023.0,9.4,2021.0,12.8,2016.0,31.9,2021.0,87742.7743,0.752909609306156,2018-2020,2020.0,47.4,163.0,18085437.0,Medium confidence,UNEP Food Waste Index Report 2024 Annex 3,Egypt,Northern Africa,818.0,3338.473713958947,8.066468522020463,11.590016483111896,3.5235479610914355,47.4,0.650887573964497,0.4693251533742331,0.9148936170212766,0.6921093851977549,0.9813953488372092,0.1273584905660377,0.5642458100558659,5,0.6031993217242729,medium confidence,0.6031993217242729,0.6031993217242729,0.6031993217242729,0.671498479581126,0.5543769197016235,0.5642458100558659,food_waste,none,True,True,True,False,False,46.0,44.0,38.0
ERI,Eritrea,Sub-Saharan Africa,Low income,2024,3535603.0,2014.0,11573463414.6341,,,,,2010.0,52.5,2016.0,4.8,2021.0,5569.7643,1.5753364560444143,,,,92.0,338555.0,Low confidence,UNEP Food Waste Index Report 2024 Annex 3,Eritrea,Sub-Saharan Africa,232.0,3273.4058135582814,6.54846349373106,10.06346334311604,3.51499984938498,,,0.9938650306748468,0.0531914893617021,0.5235282600182743,0.7465116279069768,0.4339622641509434,,3,0.5680007173587316,low or very low confidence,0.5680007173587316,,,0.5235282600182743,0.59023694602896,,food_waste,food_security; supply_vulnerability,False,False,True,False,True,68.0,,
ESP,Spain,Europe & Central Asia,High income,2024,48848840.0,2024.0,1722745978335.16,2023.0,1.49362,2023.0,2.5,,,2016.0,23.700000000000003,2021.0,92453.4455,1.892643622653066,2018-2020,2020.0,36.4,61.0,2895272.0,Eurostat,UNEP Food Waste Index Report 2024 Annex 3,Spain,Southern Europe,724.0,35266.87590401655,7.688854255105344,12.236221244749032,4.547366989643689,36.4,0.1893491124260355,,0.6808510638297872,0.6808510638297872,0.1209302325581395,0.5518867924528302,0.4748603351955307,5,0.4035755072924646,higher confidence,0.4035755072924646,0.4035755072924646,0.4035755072924646,0.43510008812791134,0.33640851250548487,0.4748603351955307,nutrition,none,True,True,True,True,False,153.0,144.0,127.0
EST,Estonia,Europe & Central Asia,High income,2024,1372341.0,2024.0,42764929169.3258,2023.0,1.83878,2023.0,2.5,2014.0,1.2,2016.0,21.05,2021.0,9438.3414,6.877548218700745,2018-2020,2020.0,-138.4,61.0,81130.0,Eurostat,UNEP Food Waste Index Report 2024 Annex 3,Estonia,Northern Europe,233.0,31162.028365636383,6.137462038497202,10.631087757052702,4.4936257185555,0.0,0.1893491124260355,0.0337423312883435,0.526595744680851,0.2801690379845973,0.1209302325581395,0.910377358490566,0.1005586592178771,5,0.3202768801354431,higher confidence,0.3202768801354431,0.3202768801354431,0.3202768801354431,0.23475907520531641,0.5156537955243528,0.1005586592178771,sustainability,none,True,True,True,True,False,181.0,168.0,151.0
ETH,Ethiopia,Sub-Saharan Africa,Not classified,2024,132059767.0,2023.0,1473281348345.84,2017.0,0.27437,2023.0,19.7,2019.0,36.8,2016.0,4.4,2021.0,174617.9231,1.3222643585309373,2018-2020,2020.0,6.6,69.0,8543382.0,Medium confidence,UNEP Food Waste Index Report 2024 Annex 3,Ethiopia,Sub-Saharan Africa,231.0,11156.17104144853,8.120770526689046,12.168285690743785,4.047515164054737,6.6,0.8313609467455622,0.9141104294478528,0.0425531914893617,0.4783318104686072,0.1767441860465116,0.3443396226415094,0.2346368715083799,5,0.4130826874821141,medium confidence,0.41308268748211396,0.41308268748211396,0.41308268748211396,0.6548463786070846,0.2605419043440105,0.2346368715083799,food_security,none,True,True,True,False,False,149.0,140.0,123.0
FIN,Finland,Europe & Central Asia,High income,2024,5619911.0,2024.0,299835625550.781,2023.0,3.0938,2023.0,2.5,2023.0,2.8,2016.0,22.15,2021.0,27225.2835,4.844433212554434,2018-2020,2020.0,-12.9,53.0,293620.0,Eurostat,UNEP Food Waste Index Report 2024 Annex 3,Finland,Northern Europe,246.0,53352.37969974632,6.749729437897362,11.476883233118384,4.727153795221022,0.0,0.1893491124260355,0.107361963190184,0.5957446808510638,0.3515533220206239,0.0674418604651162,0.8679245283018868,0.1005586592178771,5,0.3153654964863079,higher confidence,0.3153654964863079,0.3153654964863079,0.3153654964863079,0.2704512172233297,0.46768319438350153,0.1005586592178771,sustainability,none,True,True,True,True,False,184.0,171.0,153.0
FJI,Fiji,East Asia & Pacific,Upper middle income,2024,928784.0,2024.0,5840564072.77313,,,2023.0,6.8,2021.0,7.2,2016.0,30.2,2021.0,884.5435,0.952367288842185,2018-2020,2020.0,89.2,90.0,83945.0,Very low confidence,UNEP Food Waste Index Report 2024 Annex 3,Fiji,Melanesia,242.0,6288.398672644156,5.967914725279654,9.76645479263685,3.798540067357196,89.2,0.5710059171597633,0.2760736196319018,0.8856382978723404,0.5808559587521211,0.627906976744186,0.1839622641509433,0.7932960893854749,5,0.5514054412384978,low or very low confidence,0.5514054412384978,0.5514054412384978,0.5514054412384978,0.5759309379559423,0.4059346204475647,0.7932960893854749,supply_vulnerability,none,True,True,False,False,True,77.0,72.0,60.0
FRA,France,Europe & Central Asia,High income,2024,68551653.0,2024.0,3162079073495.78,2023.0,2.17832,2023.0,2.5,,,2016.0,21.55,2021.0,171719.0672,2.504958811131804,2018-2020,2020.0,-104.4,61.0,3942430.0,Eurostat,UNEP Food Waste Index Report 2024 Annex 3,France,Western Europe,250.0,46126.955880929374,7.836017931483274,12.499972726049542,4.663954794566268,0.0,0.1893491124260355,,0.5585106382978723,0.5585106382978723,0.1209302325581395,0.7075471698113207,0.1005586592178771,5,0.3353791624622489,higher confidence,0.33537916246224897,0.33537916246224897,0.33537916246224897,0.3739298753619539,0.4142387011847301,0.1005586592178771,sustainability,none,True,True,True,True,False,180.0,167.0,150.0
FRO,Faroe Islands,Europe & Central Asia,High income,2024,54681.0,2023.0,23443943768.0378,2003.0,0.85253,,,,,,,2021.0,705.0388,12.893670561986797,,,,75.0,3768.0,Low confidence,UNEP Food Waste Index Report 2024 Annex 3,Faroe Islands,Northern Europe,234.0,428740.2163098297,4.737836448297224,10.370030671024708,5.632194222727484,,,,,,0.2232558139534883,0.9669811320754716,,2,,low or very low confidence,,,,,0.59511847301448,,sustainability,food_security; nutrition; supply_vulnerability,False,False,False,False,True,,,
FSM,"Micronesia, Fed. Sts.",East Asia & Pacific,Lower middle income,2024,113160.0,2024.0,471425099.488675,,,,,,,2016.0,45.8,2021.0,96.2991,0.8509994697773063,,,,38.0,4205.0,Medium confidence,UNEP Food Waste Index Report 2024 Annex 3,Micronesia (Fed. States of),Micronesia,583.0,4166.00476748564,5.053692938784954,8.673412701394165,3.619719762609212,,,,0.9627659574468084,0.9627659574468084,0.0325581395348837,0.1509433962264151,,3,0.3820891644027024,medium confidence,0.3820891644027024,,,0.9627659574468084,0.0917507678806494,,nutrition,food_security; supply_vulnerability,False,False,False,False,False,163.0,,
GAB,Gabon,Sub-Saharan Africa,Upper middle income,2024,2538952.0,2024.0,20867044935.6729,2009.0,0.57924,2023.0,25.3,2020.0,14.4,2016.0,14.95,2021.0,7424.0349,2.924054846251524,2018-2020,2020.0,91.2,90.0,215849.0,Low confidence,UNEP Food Waste Index Report 2024 Annex 3,Gabon,Sub-Saharan Africa,266.0,8218.763070618468,6.404654490423867,10.319460951269669,3.9148064608458015,91.2,0.9171597633136096,0.5214723926380368,0.3404255319148936,0.4309489622764652,0.627906976744186,0.7641509433962265,0.8212290502793296,5,0.7122791392019634,low or very low confidence,0.7122791392019634,0.7122791392019634,0.7122791392019634,0.6740543627950374,0.6960289600702063,0.8212290502793296,food_security,none,True,True,True,False,True,11.0,9.0,7.0
GBR,United Kingdom,Europe & Central Asia,High income,2024,69226000.0,2024.0,3643834188782.91,2023.0,2.67614,2023.0,2.5,2019.0,2.0,2016.0,27.75,2021.0,129106.2346,1.8649963106347325,2018-2020,2020.0,15.1,76.0,5097005.0,High confidence,UNEP Food Waste Index Report 2024 Annex 3,United Kingdom,Northern Europe,826.0,52636.7865943852,7.840269238037621,12.561558606353922,4.7212893683163015,15.1,0.1893491124260355,0.0797546012269938,0.8297872340425532,0.4547709176347735,0.241860465116279,0.5424528301886793,0.2988826815642458,5,0.3454632013860026,higher confidence,0.3454632013860026,0.3454632013860026,0.3454632013860026,0.3220600150304045,0.39215664765247915,0.2988826815642458,sustainability,none,True,True,True,True,False,175.0,163.0,146.0
GEO,Georgia,Europe & Central Asia,Upper middle income,2024,3699557.0,2024.0,33776141250.5716,2024.0,0.26435,2023.0,2.5,2018.0,5.8,2016.0,21.5,2021.0,5472.0511,1.4791098231490958,2018-2020,2020.0,63.2,101.0,377643.0,Medium confidence,UNEP Food Waste Index Report 2024 Annex 3,Georgia,Western Asia,268.0,9129.77993056239,6.568149722992954,10.528610032170816,3.960460309177861,63.2,0.1893491124260355,0.1963190184049079,0.5531914893617021,0.374755253883305,0.8534883720930233,0.3867924528301887,0.6480446927374302,5,0.4904859767939966,medium confidence,0.4904859767939965,0.4904859767939965,0.4904859767939965,0.28205218315467023,0.620140412461606,0.6480446927374302,food_waste,none,True,True,True,False,False,113.0,108.0,94.0
GHA,Ghana,Sub-Saharan Africa,Lower middle income,2024,34427414.0,2024.0,82825288888.9734,2010.0,0.37655,2023.0,6.3,2022.0,17.4,2016.0,10.55,2021.0,18787.2873,0.5457071884632404,2018-2020,2020.0,36.2,84.0,2812571.0,High confidence,UNEP Food Waste Index Report 2024 Annex 3,Ghana,Sub-Saharan Africa,288.0,2405.794663780829,7.536904402091569,10.91816295934625,3.38125855725468,36.2,0.5532544378698225,0.5736196319018405,0.2872340425531915,0.430426837227516,0.3651162790697674,0.0471698113207547,0.4636871508379888,5,0.3719309032651699,higher confidence,0.3719309032651698,0.3719309032651698,0.3719309032651698,0.49184063754866925,0.20614304519526105,0.4636871508379888,food_security,none,True,True,True,True,False,167.0,155.0,138.0
GIB,Gibraltar,Europe & Central Asia,High income,2024,39329.0,,,,,,,,,,,2021.0,98.0298,2.492557654656869,,,,82.0,2474.0,Low confidence,UNEP Food Waste Index Report 2024 Annex 3,Gibraltar,Southern Europe,292.0,,4.594712903948441,,,,,,,,0.3441860465116279,0.7028301886792453,,2,,low or very low confidence,,,,,0.5235081175954366,,sustainability,food_security; nutrition; supply_vulnerability,False,False,False,False,True,,,
GIN,Guinea,Sub-Saharan Africa,Lower middle income,2024,14754785.0,2024.0,25334307878.737,,,2023.0,11.4,2022.0,26.1,2016.0,7.6,2021.0,35893.7478,2.4326852475315635,2018-2020,2020.0,25.5,89.0,1235269.0,Low confidence,UNEP Food Waste Index Report 2024 Annex 3,Guinea,Sub-Saharan Africa,324.0,1717.0231812077911,7.168932885540898,10.403709044069704,3.234776158528807,25.5,0.6982248520710059,0.7607361963190185,0.175531914893617,0.4681340556063177,0.5720930232558139,0.6792452830188679,0.3966480446927374,5,0.5628690517289485,low or very low confidence,0.5628690517289485,0.5628690517289485,0.5628690517289485,0.5831794538386619,0.6256691531373408,0.3966480446927374,food_security,none,True,True,True,False,True,71.0,66.0,54.0
GMB,"Gambia, The",Sub-Saharan Africa,Low income,2024,2759988.0,2024.0,2507519958.34857,2018.0,0.06933,2023.0,16.8,2020.0,17.5,2016.0,10.2,2021.0,2304.9024,0.835113196144331,2018-2020,2020.0,71.7,92.0,249316.0,Low confidence,UNEP Food Waste Index Report 2024 Annex 3,Gambia,Sub-Saharan Africa,270.0,908.5256741509636,6.440907193824235,9.39924439842871,2.9583372046044745,71.7,0.7988165680473372,0.5858895705521472,0.2765957446808511,0.4312426576164991,0.7465116279069768,0.1415094339622641,0.6983240223463687,5,0.5632808619758892,low or very low confidence,0.5632808619758892,0.5632808619758892,0.5632808619758892,0.6150296128319181,0.44401053093462045,0.6983240223463687,food_security,none,True,True,True,False,True,70.0,65.0,53.0
GNB,Guinea-Bissau,Sub-Saharan Africa,Low income,2024,2201352.0,2024.0,2119865935.24909,,,2023.0,22.1,2019.0,28.1,2016.0,9.35,2021.0,3966.7285,1.801951028277168,2012-2014,2014.0,29.9,92.0,194117.0,Low confidence,UNEP Food Waste Index Report 2024 Annex 3,Guinea-Bissau,Sub-Saharan Africa,624.0,962.983627901894,6.342689492546422,9.326308396106777,2.9836189035603526,29.9,0.8816568047337278,0.7975460122699386,0.25,0.5237730061349692,0.7465116279069768,0.5,0.4245810055865922,5,0.6153044888724531,low or very low confidence,0.6153044888724531,0.6153044888724531,0.6153044888724531,0.7027149054343484,0.6232558139534884,0.4245810055865922,food_security,none,True,True,True,False,True,39.0,37.0,32.0
GNQ,Equatorial Guinea,Sub-Saharan Africa,Upper middle income,2024,1892516.0,2024.0,12765777677.0622,,,,,2011.0,26.2,2016.0,8.2,2021.0,4446.8748,2.3497158280299875,,,,90.0,150824.0,Low confidence,UNEP Food Waste Index Report 2024 Annex 3,Equatorial Guinea,Sub-Saharan Africa,226.0,6745.400132449185,6.277039559866872,10.10604727668584,3.829007716818968,,,0.7668711656441718,0.2047872340425532,0.4858291998433625,0.627906976744186,0.6509433962264151,,3,0.5882265242713212,low or very low confidence,0.5882265242713212,,,0.4858291998433625,0.6394251864853006,,sustainability,food_security; supply_vulnerability,False,False,True,False,True,57.0,,
GRC,Greece,Europe & Central Asia,High income,2024,10405134.0,2024.0,257144811301.673,2023.0,1.4943,2023.0,2.5,2003.0,1.5,2016.0,24.8,2021.0,22860.1401,2.1970058338508665,2018-2020,2020.0,32.4,87.0,903930.0,Eurostat,UNEP Food Waste Index Report 2024 Annex 3,Greece,Southern Europe,300.0,24713.262827914856,7.017247677540039,11.410177765500247,4.392930087960211,32.4,0.1893491124260355,0.0521472392638036,0.7287234042553191,0.3904353217595614,0.4302325581395348,0.6179245283018868,0.441340782122905,5,0.4138564605499847,higher confidence,0.4138564605499847,0.4138564605499847,0.4138564605499847,0.28989221709279844,0.5240785432207108,0.441340782122905,sustainability,none,True,True,True,True,False,148.0,139.0,122.0
GRD,Grenada,Latin America & Caribbean,Upper middle income,2024,117207.0,2024.0,1391435992.59259,,,,,,,2016.0,21.15,2021.0,125.3537,1.069506940711732,2018-2020,2020.0,100.0,91.0,11874.0,Low confidence,UNEP Food Waste Index Report 2024 Annex 3,Grenada,Latin America and the Caribbean,308.0,11871.611700603122,5.068953549997687,9.143463233161476,4.074509683163788,100.0,,,0.5319148936170213,0.5319148936170213,0.6767441860465117,0.2122641509433962,0.9636871508379888,4,0.5961525953612296,low or very low confidence,0.5961525953612296,0.5961525953612296,,0.5319148936170213,0.44450416849495394,0.9636871508379888,supply_vulnerability,food_security,True,False,False,False,True,52.0,49.0,
GRL,Greenland,Europe & Central Asia,High income,2024,56836.0,2023.0,3326544174.37945,2004.0,0.64608,,,,,,,2021.0,222.1206,3.9080969807868255,,,,79.0,4718.0,Very low confidence,UNEP Food Waste Index Report 2024 Annex 3,Greenland,Northern America,304.0,58528.82283023876,4.754623505584502,9.521993294973369,4.767369789388865,,,,,,0.2906976744186046,0.8490566037735849,,2,,low or very low confidence,,,,,0.5698771390960948,,sustainability,food_security; nutrition; supply_vulnerability,False,False,False,False,True,,,
GTM,Guatemala,Latin America & Caribbean,Upper middle income,2024,18406359.0,2024.0,113199586004.477,2023.0,0.00609,2023.0,11.8,2021.0,46.0,2016.0,20.75,2021.0,22437.4817,1.219007067068506,2018-2020,2020.0,52.9,91.0,1629472.0,Low confidence,UNEP Food Waste Index Report 2024 Annex 3,Guatemala,Latin America and the Caribbean,320.0,6150.02597767853,7.264967888308736,11.053844838545716,3.78887695023698,52.9,0.7041420118343196,0.9631901840490796,0.5132978723404256,0.7382440281947527,0.6767441860465117,0.2688679245283019,0.5865921787709497,5,0.594918065874967,low or very low confidence,0.594918065874967,0.594918065874967,0.594918065874967,0.7211930200145361,0.47280605528740677,0.5865921787709497,nutrition,none,True,True,True,False,True,53.0,50.0,41.0
GUM,Guam,East Asia & Pacific,High income,2024,167777.0,2022.0,69100000000.0,2005.0,0.2561,,,,,,,2021.0,7.5832,0.045198090322273,,,,60.0,10173.0,Very low confidence,UNEP Food Waste Index Report 2024 Annex 3,Guam,Micronesia,316.0,411856.2139029784,5.2247324245635,10.8394780473742,5.614745622810698,,,,,,0.0976744186046511,0.0047169811320754,,2,,low or very low confidence,,,,,0.051195699868363254,,food_waste,food_security; nutrition; supply_vulnerability,False,False,False,False,True,,,
GUY,Guyana,Latin America & Caribbean,High income,2024,831087.0,2024.0,24835899825.8993,,,2023.0,2.5,2019.0,9.5,2016.0,19.9,2021.0,15866.2384,19.090947638454217,2018-2020,2020.0,16.1,88.0,71298.0,Low confidence,UNEP Food Waste Index Report 2024 Annex 3,Guyana,Latin America and the Caribbean,328.0,29883.634115200093,5.919646489057541,10.395079899476936,4.475433410419396,16.1,0.1893491124260355,0.3865030674846625,0.4574468085106383,0.4219749379976504,0.4860465116279069,0.9905660377358492,0.3072625698324022,5,0.4790398339239688,low or very low confidence,0.47903983392396887,0.47903983392396887,0.47903983392396887,0.30566202521184294,0.738306274681878,0.3072625698324022,sustainability,none,True,True,False,False,True,118.0,113.0,99.0
HKG,"Hong Kong SAR, China",East Asia & Pacific,High income,2024,7524100.0,2024.0,407106738445.069,2024.0,1.12597,2023.0,3.1,,,,,2021.0,11852.0458,1.5752110950146865,2018-2020,2020.0,100.0,101.0,759923.0,Medium confidence,UNEP Food Waste Index Report 2024 Annex 3,"China, Hong Kong SAR",Eastern Asia,344.0,54107.03452174598,6.876454558962284,11.609708290896448,4.733253731934163,100.0,0.3994082840236686,,,,0.8534883720930233,0.4292452830188679,0.9636871508379888,4,0.6614572724933871,medium confidence,0.6614572724933871,0.6614572724933871,,0.3994082840236686,0.6413668275559457,0.9636871508379888,supply_vulnerability,nutrition,True,False,True,False,False,25.0,23.0,
HND,Honduras,Latin America & Caribbean,Lower middle income,2024,10825703.0,2024.0,37093565854.0437,2019.0,0.05997,2023.0,14.8,2019.0,18.7,2016.0,21.25,2021.0,17600.9575,1.6258489171557726,2018-2020,2020.0,60.2,90.0,940257.0,Low confidence,UNEP Food Waste Index Report 2024 Annex 3,Honduras,Latin America and the Caribbean,340.0,3426.4348332892287,7.034456108176209,10.569298584644224,3.534842476468014,60.2,0.7692307692307693,0.6196319018404908,0.5425531914893617,0.5810925466649262,0.627906976744186,0.4575471698113207,0.6201117318435754,5,0.6111778388589555,low or very low confidence,0.6111778388589555,0.6111778388589555,0.6111778388589555,0.6751616579478477,0.5427270732777534,0.6201117318435754,food_security,none,True,True,True,False,True,41.0,39.0,34.0
HRV,Croatia,Europe & Central Asia,High income,2024,3866200.0,2024.0,92526176108.621,2023.0,1.38621,2023.0,2.5,,,2016.0,24.3,2021.0,8768.431,2.267971393099167,2018-2020,2020.0,-44.8,53.0,213590.0,Eurostat,UNEP Food Waste Index Report 2024 Annex 3,Croatia,Southern Europe,191.0,23932.07182986421,6.587284316492772,10.966264614158804,4.378980297666033,0.0,0.1893491124260355,,0.7127659574468085,0.7127659574468085,0.0674418604651162,0.6320754716981132,0.1005586592178771,5,0.3404382122507901,higher confidence,0.3404382122507901,0.3404382122507901,0.3404382122507901,0.451057534936422,0.3497586660816147,0.1005586592178771,nutrition,none,True,True,True,True,False,177.0,165.0,148.0
HTI,Haiti,Latin America & Caribbean,Lower middle income,2024,11772557.0,2024.0,25224154990.7946,,,2023.0,54.2,2023.0,22.0,2016.0,22.4,2021.0,12600.4694,1.0703256225474211,2018-2020,2020.0,82.5,90.0,1044831.0,Low confidence,UNEP Food Waste Index Report 2024 Annex 3,Haiti,Latin America and the Caribbean,332.0,2142.623305267887,7.070870801873354,10.401816626287266,3.330945824413912,82.5,1.0,0.6779141104294478,0.6117021276595744,0.6448081190445112,0.627906976744186,0.2169811320754717,0.7541899441340782,5,0.6487772343996494,low or very low confidence,0.6487772343996494,0.6487772343996494,0.6487772343996494,0.8224040595222556,0.4224440544098289,0.7541899441340782,food_security,none,True,True,True,False,True,29.0,27.0,23.0
HUN,Hungary,Europe & Central Asia,High income,2024,9562065.0,2024.0,222904723252.11,2023.0,1.37748,2023.0,2.5,,,2016.0,26.4,2021.0,27030.1587,2.8268118549706576,2018-2020,2020.0,-90.5,66.0,658020.0,Eurostat,UNEP Food Waste Index Report 2024 Annex 3,Hungary,Eastern Europe,348.0,23311.35829468948,6.980551691571168,11.34811927108497,4.367567579513803,0.0,0.1893491124260355,,0.7978723404255319,0.7978723404255319,0.1581395348837209,0.7547169811320755,0.1005586592178771,5,0.4001273256170481,higher confidence,0.40012732561704817,0.40012732561704817,0.40012732561704817,0.4936107264257837,0.4564282580078982,0.1005586592178771,nutrition,none,True,True,True,True,False,155.0,145.0,128.0
IDN,Indonesia,East Asia & Pacific,Upper middle income,2024,283487931.0,2024.0,1396300098190.97,2020.0,0.28068,2023.0,6.3,2023.0,22.0,2016.0,6.85,2021.0,800941.9946,2.825312498400505,2018-2020,2020.0,14.0,53.0,14728364.0,Medium confidence,UNEP Food Waste Index Report 2024 Annex 3,Indonesia,South-eastern Asia,360.0,4925.430487518603,8.452534574298857,12.144978768560598,3.692444194261741,14.0,0.5532544378698225,0.6779141104294478,0.1542553191489361,0.416084714789192,0.0674418604651162,0.75,0.2849162011173184,5,0.4143394428482899,medium confidence,0.4143394428482898,0.4143394428482898,0.4143394428482898,0.48466957632950725,0.4087209302325581,0.2849162011173184,sustainability,none,True,True,True,False,False,147.0,138.0,121.0
IMN,Isle of Man,Europe & Central Asia,High income,2024,84160.0,2022.0,7431257410.92713,,,,,,,,,2021.0,49.6509,0.5899584125475286,,,,75.0,6029.0,Low confidence,UNEP Food Waste Index Report 2024 Annex 3,Isle of Man,Northern Europe,833.0,88299.16125151057,4.925105726809663,9.87106230506933,4.945956578259667,,,,,,0.2232558139534883,0.070754716981132,,2,,low or very low confidence,,,,,0.14700526546731016,,food_waste,food_security; nutrition; supply_vulnerability,False,False,False,False,True,,,
IND,India,South Asia,Lower middle income,2024,1450935791.0,2024.0,3912686168582.21,2020.0,0.64558,2023.0,12.0,2020.0,35.5,2016.0,3.9,2021.0,1309506.3496,0.902525361716713,2018-2020,2020.0,-6.4,55.0,78192338.0,Medium confidence,UNEP Food Waste Index Report 2024 Annex 3,India,Southern Asia,356.0,2696.663899844628,9.16164819380824,12.592475015107713,3.4308268212994726,0.0,0.7100591715976331,0.8926380368098159,0.026595744680851,0.4596168907453334,0.0790697674418604,0.1698113207547169,0.1005586592178771,5,0.3038231619514842,medium confidence,0.3038231619514842,0.3038231619514842,0.3038231619514842,0.5848380311714833,0.12444054409828864,0.1005586592178771,food_security,none,True,True,True,False,False,187.0,174.0,156.0
IRL,Ireland,Europe & Central Asia,High income,2024,5395790.0,2024.0,577389475009.922,2023.0,1.58829,2023.0,2.5,2011.0,2.2,2016.0,25.3,2021.0,41320.3408,7.657885277225392,2018-2020,2020.0,54.2,48.0,240960.0,Eurostat,UNEP Food Waste Index Report 2024 Annex 3,Ireland,Northern Europe,372.0,107007.4029956544,6.732055038921303,11.761468863045266,5.029413824123964,54.2,0.1893491124260355,0.0889570552147239,0.7446808510638298,0.4168189531392768,0.0488372093023255,0.929245283018868,0.6061452513966481,5,0.4380791618566307,higher confidence,0.43807916185663076,0.43807916185663076,0.43807916185663076,0.30308403278265617,0.48904124616059674,0.6061452513966481,sustainability,none,True,True,True,True,False,135.0,128.0,113.0
IRN,"Iran, Islamic Rep.",Middle East & North Africa,Upper middle income,2024,91567738.0,2024.0,436906331671.859,2021.0,0.72665,2023.0,6.8,2017.0,4.8,2016.0,25.75,2021.0,138392.7079,1.5113697348295314,2018-2020,2020.0,36.3,93.0,8208360.0,Low confidence,UNEP Food Waste Index Report 2024 Annex 3,Iran (Islamic Republic of),Southern Asia,364.0,4771.400290262265,7.961742485932422,11.640388338575956,3.6786458526435326,36.3,0.5710059171597633,0.1687116564417178,0.7632978723404256,0.4660047643910717,0.7976744186046512,0.410377358490566,0.4692737430167598,5,0.5428672403325624,low or very low confidence,0.5428672403325624,0.5428672403325624,0.5428672403325624,0.5185053407754175,0.6040258885476086,0.4692737430167598,food_waste,none,True,True,True,False,True,79.0,74.0,62.0
IRQ,Iraq,Middle East & North Africa,Upper middle income,2024,46042015.0,2024.0,279641257615.385,2021.0,0.0407,2023.0,14.9,2018.0,12.6,2016.0,30.2,2021.0,29590.8765,0.6426929077713041,2018-2020,2020.0,50.0,143.0,6378198.0,Medium confidence,UNEP Food Waste Index Report 2024 Annex 3,Iraq,Western Asia,368.0,6073.610323427091,7.663154322000143,11.446601246590262,3.78344692459012,50.0,0.7751479289940828,0.4539877300613497,0.8856382978723404,0.669813013966845,0.9674418604651164,0.0896226415094339,0.5698324022346368,5,0.614371569434023,medium confidence,0.614371569434023,0.614371569434023,0.614371569434023,0.7224804714804639,0.5285322509872752,0.5698324022346368,food_waste,none,True,True,True,False,False,40.0,38.0,33.0
ISL,Iceland,Europe & Central Asia,High income,2024,386506.0,2024.0,33462807982.85,2023.0,2.64005,2023.0,2.5,,,2016.0,21.8,2021.0,2535.7129,6.560604233828194,2018-2020,2020.0,83.4,75.0,27886.0,Low confidence,UNEP Food Waste Index Report 2024 Annex 3,Iceland,Northern Europe,352.0,86577.71931832882,5.587156240160335,10.524562381345136,4.937406141184799,83.4,0.1893491124260355,,0.574468085106383,0.574468085106383,0.2232558139534883,0.9009433962264152,0.7597765363128491,5,0.5295585888050343,low or very low confidence,0.5295585888050343,0.5295585888050343,0.5295585888050343,0.38190859876620925,0.5620996050899517,0.7597765363128491,sustainability,none,True,True,False,False,True,90.0,85.0,72.0
ISR,Israel,Middle East & North Africa,High income,2024,9974400.0,2024.0,540379921261.681,2023.0,6.34589,2023.0,2.5,,,2016.0,26.05,2021.0,18115.4261,1.816192061677896,2018-2020,2020.0,95.9,97.0,874433.0,Medium confidence,UNEP Food Waste Index Report 2024 Annex 3,Israel,Western Asia,376.0,54176.68443833023,6.998886780596746,11.732699203697036,4.733812423100289,95.9,0.1893491124260355,,0.7872340425531915,0.7872340425531915,0.8232558139534883,0.5094339622641509,0.8575418994413407,5,0.6333629661276414,medium confidence,0.6333629661276414,0.6333629661276414,0.6333629661276414,0.4882915774896135,0.6663448881088196,0.8575418994413407,supply_vulnerability,none,True,True,True,False,False,34.0,32.0,28.0
ITA,Italy,Europe & Central Asia,High income,2024,58952704.0,2024.0,2372774547793.12,2023.0,1.37935,2023.0,2.5,,,2016.0,19.8,2021.0,136704.933,2.3188916491430147,2018-2020,2020.0,38.1,107.0,6317280.0,Eurostat,UNEP Food Waste Index Report 2024 Annex 3,Italy,Southern Europe,380.0,40248.78227456912,7.770503729793227,12.375256475132264,4.604752745339037,38.1,0.1893491124260355,,0.449468085106383,0.449468085106383,0.8976744186046511,0.6367924528301887,0.4832402234636871,5,0.531304858486189,higher confidence,0.531304858486189,0.531304858486189,0.531304858486189,0.31940859876620925,0.76723343571742,0.4832402234636871,food_waste,none,True,True,True,True,False,89.0,84.0,71.0
JAM,Jamaica,Latin America & Caribbean,Upper middle income,2024,2839175.0,2024.0,19930288337.028,2002.0,0.06096,2023.0,7.7,2018.0,4.6,2016.0,24.35,2021.0,4485.97,1.5800258878019142,2018-2020,2020.0,99.6,86.0,243364.0,High confidence,UNEP Food Waste Index Report 2024 Annex 3,Jamaica,Latin America and the Caribbean,388.0,7019.746347804556,6.453192162230685,10.299513581805073,3.8463214195743856,99.6,0.6153846153846154,0.156441717791411,0.7180851063829787,0.4372634120871949,0.4,0.4386792452830189,0.9217877094972068,5,0.5626229964504071,higher confidence,0.5626229964504071,0.5626229964504071,0.5626229964504071,0.5263240137359051,0.4193396226415095,0.9217877094972068,supply_vulnerability,none,True,True,True,True,False,72.0,67.0,55.0
JOR,Jordan,Middle East & North Africa,Lower middle income,2024,11552876.0,2024.0,53352289577.4648,2016.0,0.69547,2023.0,14.3,2023.0,8.2,2016.0,35.65,2021.0,8537.7956,0.7390190633051025,2018-2020,2020.0,100.0,101.0,1136788.0,Low confidence,UNEP Food Waste Index Report 2024 Annex 3,Jordan,Western Asia,400.0,4618.095924985674,7.06269011197264,10.727153061614707,3.664462949642068,100.0,0.7544378698224852,0.3251533742331288,0.9361702127659576,0.6306617934995431,0.8534883720930233,0.1226415094339622,0.9636871508379888,5,0.6649833391374005,low or very low confidence,0.6649833391374005,0.6649833391374005,0.6649833391374005,0.6925498316610141,0.48806494076349277,0.9636871508379888,supply_vulnerability,none,True,True,True,False,True,22.0,20.0,17.0
JPN,Japan,East Asia & Pacific,High income,2024,123975371.0,2024.0,4026210821146.81,2023.0,3.44125,,,2010.0,7.1,2016.0,4.25,2021.0,160697.0728,1.2962015882977271,2018-2020,2020.0,68.9,60.0,7398006.0,High confidence,UNEP Food Waste Index Report 2024 Annex 3,Japan,Eastern Asia,392.0,32475.89249921914,8.0933354166043,12.604896511750743,4.511561095146446,68.9,,0.2607361963190184,0.0372340425531914,0.1489851194361049,0.0976744186046511,0.330188679245283,0.6871508379888268,4,0.3159997638187165,higher confidence,0.3159997638187164,0.3159997638187164,,0.1489851194361049,0.21393154892496705,0.6871508379888268,supply_vulnerability,food_security,True,False,True,True,False,183.0,170.0,
KAZ,Kazakhstan,Europe & Central Asia,Upper middle income,2024,20592571.0,2024.0,288406138230.669,2024.0,0.16242,2023.0,2.5,2015.0,8.0,2016.0,20.8,2021.0,58474.3831,2.8395863294583275,2018-2020,2020.0,-87.2,88.0,1708990.0,Very low confidence,UNEP Food Waste Index Report 2024 Annex 3,Kazakhstan,Central Asia,398.0,14005.34873623449,7.313710572038509,11.46000449935994,4.146293927321432,0.0,0.1893491124260355,0.3159509202453988,0.5212765957446809,0.4186137579950398,0.4860465116279069,0.7594339622641509,0.1005586592178771,5,0.390800400706202,low or very low confidence,0.39080040070620203,0.39080040070620203,0.39080040070620203,0.30398143521053766,0.6227402369460289,0.1005586592178771,sustainability,none,True,True,True,False,True,159.0,148.0,131.0
KEN,Kenya,Sub-Saharan Africa,Lower middle income,2024,56432944.0,2024.0,124498691699.125,2024.0,0.81069,2023.0,36.8,2022.0,17.6,2016.0,6.949999999999999,2021.0,63173.605,1.1194454962335476,2018-2020,2020.0,41.1,81.0,4351168.0,Medium confidence,UNEP Food Waste Index Report 2024 Annex 3,Kenya,Sub-Saharan Africa,404.0,2206.134978517601,7.751532707183102,11.09516478764994,3.3436320804668367,41.1,0.9585798816568049,0.5950920245398773,0.1648936170212765,0.3799928207805769,0.3162790697674418,0.2452830188679245,0.5139664804469274,5,0.482820254303935,medium confidence,0.48282025430393505,0.48282025430393505,0.48282025430393505,0.6692863512186908,0.28078104431768314,0.5139664804469274,food_security,none,True,True,True,False,False,116.0,111.0,97.0
KGZ,Kyrgyz Republic,Europe & Central Asia,Lower middle income,2024,7221868.0,2024.0,17478259659.2625,2024.0,0.05269,2023.0,5.1,2023.0,14.1,2016.0,16.3,2021.0,7764.0376,1.0750733189806294,2018-2020,2020.0,18.5,86.0,568288.0,Very low confidence,UNEP Food Waste Index Report 2024 Annex 3,Kyrgyzstan,Central Asia,417.0,2420.185422838316,6.858649546207187,10.242498186993643,3.3838486407864576,18.5,0.4822485207100592,0.50920245398773,0.3670212765957447,0.4381118652917373,0.4,0.2264150943396226,0.3351955307262569,5,0.3763942022135352,low or very low confidence,0.3763942022135352,0.3763942022135352,0.3763942022135352,0.46018019300089824,0.3132075471698113,0.3351955307262569,food_security,none,True,True,True,False,True,165.0,153.0,136.0
KHM,Cambodia,East Asia & Pacific,Lower middle income,2024,17638801.0,2024.0,46352647034.7775,2015.0,0.08828,2023.0,5.2,2021.0,21.9,2016.0,3.75,2021.0,61988.6389,3.514334046854999,2018-2020,2020.0,-7.1,85.0,1419831.0,Medium confidence,UNEP Food Waste Index Report 2024 Annex 3,Cambodia,South-eastern Asia,116.0,2627.8796974226025,7.246469060570099,10.666074540201596,3.419605479631497,0.0,0.4940828402366864,0.6687116564417178,0.0186170212765957,0.3436643388591567,0.3720930232558139,0.8113207547169812,0.1005586592178771,5,0.4243439232573031,medium confidence,0.4243439232573031,0.4243439232573031,0.4243439232573031,0.41887358954792153,0.5917068889863976,0.1005586592178771,sustainability,none,True,True,True,False,False,143.0,135.0,118.0
KIR,Kiribati,East Asia & Pacific,Lower middle income,2024,134518.0,2024.0,307862546.789627,,,2023.0,4.1,2018.0,15.2,2016.0,46.0,2021.0,31.7925,0.2363438350257958,2011-2013,2013.0,97.0,62.0,8056.0,Very low confidence,UNEP Food Waste Index Report 2024 Annex 3,Kiribati,Micronesia,296.0,2288.63458265531,5.128780401644227,8.488356857750347,3.35957645610612,97.0,0.4437869822485207,0.5337423312883436,0.9680851063829788,0.7509137188356612,0.1372093023255814,0.0141509433962264,0.88268156424581,5,0.4457485022103599,low or very low confidence,0.4457485022103599,0.4457485022103599,0.4457485022103599,0.597350350542091,0.0756801228609039,0.88268156424581,supply_vulnerability,none,True,True,False,False,True,134.0,127.0,112.0
KNA,St. Kitts and Nevis,Latin America & Caribbean,High income,2024,46843.0,2024.0,1066681481.48148,,,,,,,2016.0,22.700000000000003,2021.0,59.2135,1.2640842815361957,2011-2013,2013.0,100.0,88.0,4401.0,Low confidence,UNEP Food Waste Index Report 2024 Annex 3,Saint Kitts and Nevis,Latin America and the Caribbean,659.0,22771.41689220332,4.6706447011254335,9.02803475542616,4.357390054300726,100.0,,,0.6409574468085106,0.6409574468085106,0.4860465116279069,0.3066037735849056,0.9636871508379888,4,0.599323720714828,low or very low confidence,0.599323720714828,0.599323720714828,,0.6409574468085106,0.3963251426064063,0.9636871508379888,supply_vulnerability,food_security,True,False,False,False,True,50.0,47.0,
KOR,"Korea, Rep.",East Asia & Pacific,High income,2024,51751065.0,2023.0,17127928542023.7,2023.0,4.94352,2023.0,2.5,2020.0,0.9,2016.0,4.6,2021.0,99481.3363,1.9223051023201163,2018-2020,2020.0,76.0,95.0,4921086.0,Medium confidence,UNEP Food Waste Index Report 2024 Annex 3,Republic of Korea,Eastern Asia,410.0,330967.6533617946,7.713919291691544,13.23370484240703,5.519785550715486,76.0,0.1893491124260355,0.0122699386503067,0.0478723404255319,0.0300711395379193,0.813953488372093,0.5660377358490566,0.7318435754189944,5,0.4662510103208198,medium confidence,0.4662510103208198,0.4662510103208198,0.4662510103208198,0.1097101259819774,0.6899956121105748,0.7318435754189944,food_waste,none,True,True,True,False,False,124.0,118.0,104.0
KWT,Kuwait,Middle East & North Africa,High income,2024,4897263.0,2024.0,160227273001.348,2024.0,0.08954,2023.0,2.5,2023.0,3.2,2016.0,39.45,2021.0,12171.5939,2.485387021281071,2018-2020,2020.0,96.2,99.0,420861.0,Low confidence,UNEP Food Waste Index Report 2024 Annex 3,Kuwait,Western Asia,414.0,32717.718652510182,6.689953427763714,11.20473644124809,4.514783013484375,96.2,0.1893491124260355,0.1196319018404908,0.9574468085106383,0.5385393551755646,0.8372093023255814,0.6981132075471698,0.8743016759776536,5,0.627502530690401,low or very low confidence,0.627502530690401,0.627502530690401,0.627502530690401,0.36394423380080004,0.7676612549363756,0.8743016759776536,supply_vulnerability,none,True,True,True,False,True,36.0,34.0,30.0
LAO,Lao PDR,East Asia & Pacific,Lower middle income,2024,7769819.0,2024.0,16502933121.0806,2002.0,0.0371,,,2023.0,32.8,2016.0,5.2,2021.0,28675.6616,3.690647311089229,2018-2020,2020.0,-2.9,89.0,673831.0,Medium confidence,UNEP Food Waste Index Report 2024 Annex 3,Lao People’s Dem. Rep.,South-eastern Asia,418.0,2123.9790941179717,6.890410901913294,10.217561139674004,3.3271502377607085,0.0,,0.852760736196319,0.0664893617021276,0.4596250489492233,0.5720930232558139,0.8443396226415094,0.1005586592178771,4,0.4941540885161059,medium confidence,0.4941540885161059,0.4941540885161059,,0.4596250489492233,0.7082163229486617,0.1005586592178771,sustainability,food_security,True,False,True,False,False,110.0,105.0,
LBN,Lebanon,Middle East & North Africa,Lower middle income,2024,5805962.0,2023.0,38015876532.134,,,2023.0,8.7,2023.0,13.9,2016.0,32.2,2021.0,7261.748,1.2507398429407564,2018-2020,2020.0,92.7,128.0,701828.0,Medium confidence,UNEP Food Waste Index Report 2024 Annex 3,Lebanon,Western Asia,422.0,6547.7308553059775,6.763874189049165,10.57996500846687,3.816090819417705,92.7,0.6331360946745562,0.5030674846625767,0.9202127659574468,0.7116401253100118,0.944186046511628,0.2924528301886792,0.8268156424581006,5,0.681646147828595,medium confidence,0.6816461478285951,0.6816461478285951,0.6816461478285951,0.6723881099922839,0.6183194383501536,0.8268156424581006,food_waste,none,True,True,True,False,False,17.0,15.0,12.0
LBR,Liberia,Sub-Saharan Africa,Low income,2024,5612817.0,2024.0,4750000000.0,,,2023.0,35.5,2019.0,29.8,2016.0,9.85,2021.0,14993.4348,2.6712851675014524,2018-2020,2020.0,60.7,92.0,487593.0,Low confidence,UNEP Food Waste Index Report 2024 Annex 3,Liberia,Sub-Saharan Africa,430.0,846.2773683873891,6.749180882735299,9.676693609624866,2.927512726889568,60.7,0.9526627218934912,0.8220858895705522,0.2686170212765957,0.545351455423574,0.7465116279069768,0.7216981132075472,0.6312849162011173,5,0.7195017669265412,low or very low confidence,0.7195017669265413,0.7195017669265413,0.7195017669265413,0.7490070886585326,0.7341048705572619,0.6312849162011173,food_security,none,True,True,True,False,True,8.0,6.0,4.0
LBY,Libya,Middle East & North Africa,Upper middle income,2024,7381023.0,2024.0,46636278901.9016,,,2023.0,16.5,2022.0,7.9,2016.0,32.3,2021.0,11715.7212,1.5872760727069946,2018-2020,2020.0,90.6,84.0,572937.0,Medium confidence,UNEP Food Waste Index Report 2024 Annex 3,Libya,Northern Africa,434.0,6318.403140310172,6.868116558634021,10.668723890875288,3.8006073322412655,90.6,0.7899408284023669,0.303680981595092,0.925531914893617,0.6146064482443545,0.3651162790697674,0.4433962264150943,0.8156424581005587,5,0.6057404480464285,medium confidence,0.6057404480464283,0.6057404480464283,0.6057404480464283,0.7022736383233608,0.4042562527424308,0.8156424581005587,supply_vulnerability,none,True,True,True,False,False,45.0,43.0,37.0
LCA,St. Lucia,Latin America & Caribbean,Upper middle income,2024,179744.0,2024.0,2549062962.96296,1999.0,0.27374,,,2012.0,2.5,2016.0,19.5,2021.0,265.2597,1.4757638641623645,2018-2020,2020.0,100.0,91.0,16441.0,Low confidence,UNEP Food Waste Index Report 2024 Annex 3,Saint Lucia,Latin America and the Caribbean,662.0,14181.630335159782,5.254654402196048,9.406380562864191,4.151726160668145,100.0,,0.0981595092024539,0.4202127659574468,0.2591861375799504,0.6767441860465117,0.3820754716981132,0.9636871508379888,4,0.570423236540641,low or very low confidence,0.570423236540641,0.570423236540641,,0.2591861375799504,0.5294098288723124,0.9636871508379888,supply_vulnerability,food_security,True,False,False,False,True,64.0,60.0,
LIE,Liechtenstein,Europe & Central Asia,High income,2024,40450.0,2023.0,8287748667.20832,2023.0,6.00984,,,,,,,2021.0,11.6603,0.2882645241038318,,,,81.0,3235.0,Low confidence,UNEP Food Waste Index Report 2024 Annex 3,Liechtenstein,Western Europe,438.0,204888.71859600296,4.606918525948291,9.918436572263658,5.311518046315367,,,,,,0.3162790697674418,0.0188679245283018,,2,,low or very low confidence,,,,,0.16757349714787179,,food_waste,food_security; nutrition; supply_vulnerability,False,False,False,False,True,,,
LKA,Sri Lanka,South Asia,Lower middle income,2024,21916000.0,2024.0,98963185509.6499,2022.0,0.10506,2023.0,7.4,2024.0,10.5,2016.0,5.1,2021.0,14887.8791,0.6793155274685161,2018-2020,2020.0,20.9,76.0,1656148.0,Medium confidence,UNEP Food Waste Index Report 2024 Annex 3,Sri Lanka,Southern Asia,144.0,4515.567873227318,7.340761291762672,10.995473666279482,3.654712374516809,20.9,0.6094674556213018,0.4049079754601227,0.0585106382978723,0.2317093068789975,0.241860465116279,0.1084905660377358,0.3519553072625698,5,0.3086966201833768,medium confidence,0.3086966201833768,0.3086966201833768,0.3086966201833768,0.42058838125014963,0.1751755155770074,0.3519553072625698,food_security,none,True,True,True,False,False,186.0,173.0,155.0
LSO,Lesotho,Sub-Saharan Africa,Lower middle income,2024,2337423.0,2024.0,2271541845.62002,2023.0,0.09453,,,2024.0,35.6,2016.0,15.65,2021.0,1682.9482,0.7200015572705496,2018-2020,2020.0,100.0,89.0,205878.0,Low confidence,UNEP Food Waste Index Report 2024 Annex 3,Lesotho,Sub-Saharan Africa,426.0,971.8146204687896,6.368737313137751,9.356320741658887,2.987583428521137,100.0,,0.901840490797546,0.3563829787234042,0.6291117347604751,0.5720930232558139,0.1132075471698113,0.9636871508379888,4,0.5695248640060223,low or very low confidence,0.5695248640060223,0.5695248640060223,,0.6291117347604751,0.3426502852128126,0.9636871508379888,supply_vulnerability,food_security,True,False,True,False,True,66.0,62.0,
LTU,Lithuania,Europe & Central Asia,High income,2024,2888278.0,2024.0,84869215513.3648,2023.0,1.04977,2023.0,2.5,2023.0,1.0,2016.0,26.0,2021.0,22685.0081,7.85416365737647,2018-2020,2020.0,-194.2,86.0,236500.0,Eurostat,UNEP Food Waste Index Report 2024 Annex 3,Lithuania,Northern Europe,440.0,29384.01895986633,6.460638992240884,10.928750187804186,4.468111195563301,0.0,0.1893491124260355,0.0214723926380368,0.7819148936170213,0.401693643127529,0.4,0.9339622641509434,0.1005586592178771,5,0.405112735784477,higher confidence,0.405112735784477,0.405112735784477,0.405112735784477,0.2955213777767822,0.6669811320754717,0.1005586592178771,sustainability,none,True,True,True,True,False,152.0,143.0,126.0
LUX,Luxembourg,Europe & Central Asia,High income,2024,677012.0,2024.0,93197329011.7078,2023.0,1.07045,2023.0,2.5,,,2016.0,22.6,2021.0,1650.1019,2.437330357512127,2018-2020,2020.0,7.3,91.0,59150.0,Eurostat,UNEP Food Waste Index Report 2024 Annex 3,Luxembourg,Western Europe,442.0,137659.78891320655,5.830596366598875,10.969403465872237,5.138807099273359,7.3,0.1893491124260355,,0.6329787234042553,0.6329787234042553,0.6767441860465117,0.6839622641509434,0.2402234636871508,5,0.4846515499429794,higher confidence,0.4846515499429794,0.4846515499429794,0.4846515499429794,0.4111639179151454,0.6803532250987275,0.2402234636871508,sustainability,none,True,True,False,True,False,115.0,110.0,96.0
LVA,Latvia,Europe & Central Asia,High income,2024,1866124.0,2024.0,43520773851.1219,2023.0,0.8236,2023.0,2.5,2021.0,0.5,2016.0,23.35,2021.0,10708.7499,5.738498567083431,2018-2020,2020.0,-252.5,82.0,151700.0,Eurostat,UNEP Food Waste Index Report 2024 Annex 3,Latvia,Northern Europe,428.0,23321.48016483465,6.270940498320729,10.63869660903121,4.367756110710481,0.0,0.1893491124260355,0.0061349693251533,0.6702127659574468,0.3381738676413001,0.3441860465116279,0.8867924528301887,0.1005586592178771,5,0.3718120277254059,higher confidence,0.3718120277254059,0.3718120277254059,0.3718120277254059,0.2637614900336678,0.6154892496709083,0.1005586592178771,sustainability,none,True,True,True,True,False,168.0,156.0,139.0
MAC,"Macao SAR, China",East Asia & Pacific,High income,2024,687000.0,2024.0,50183212761.3484,2024.0,0.31097,2023.0,11.2,,,,,2021.0,389.4827,0.5669326055312955,2018-2020,2020.0,90.1,76.0,53016.0,Low confidence,UNEP Food Waste Index Report 2024 Annex 3,China Macao SAR,Eastern Asia,446.0,73046.889026708,5.83695673705955,10.700558461678888,4.863601724619337,90.1,0.6893491124260355,,,,0.241860465116279,0.0518867924528301,0.8100558659217877,4,0.4482880589792331,low or very low confidence,0.4482880589792331,0.4482880589792331,,0.6893491124260355,0.14687362878455457,0.8100558659217877,supply_vulnerability,nutrition,True,False,False,False,True,133.0,126.0,
MAF,St. Martin (French part),Latin America & Caribbean,High income,2024,26129.0,2021.0,8439681310.36443,,,,,,,,,,,,,,,88.0,2641.0,Low confidence,UNEP Food Waste Index Report 2024 Annex 3,Saint Martin (French part),Latin America and the Caribbean,663.0,323000.54768129013,4.417122788878019,9.926326047601568,5.50920325872355,,,,,,0.4860465116279069,,,1,,low or very low confidence,,,,,0.4860465116279069,,food_waste,food_security; nutrition; sustainability; supply_vulnerability,False,False,False,False,True,,,
MAR,Morocco,Middle East & North Africa,Lower middle income,2024,38081173.0,2024.0,154430996472.752,2010.0,0.66036,2023.0,7.0,2019.0,14.2,2016.0,25.8,2021.0,46835.4444,1.2298844996187486,2018-2020,2020.0,65.7,113.0,4219805.0,Very low confidence,UNEP Food Waste Index Report 2024 Annex 3,Morocco,Northern Africa,504.0,4055.3109136830426,7.580710317327493,11.188734473758904,3.6080241564314095,65.7,0.5946745562130178,0.5153374233128835,0.7712765957446809,0.6433070095287822,0.916279069767442,0.2830188679245283,0.6759776536312849,5,0.622651431413011,low or very low confidence,0.622651431413011,0.622651431413011,0.622651431413011,0.6189907828709,0.5996489688459852,0.6759776536312849,food_waste,none,True,True,True,False,True,37.0,35.0,31.0
MCO,Monaco,Europe & Central Asia,High income,2024,38631.0,2023.0,59972103282.73,2005.0,0.03821,,,,,,,2021.0,6.3041,0.1631875954544278,,,,81.0,3235.0,Low confidence,UNEP Food Waste Index Report 2024 Annex 3,Monaco,Western Europe,492.0,1552434.658246745,4.586935950414062,10.777949280254582,6.19101332984052,,,,,,0.3162790697674418,0.0094339622641509,,2,,low or very low confidence,,,,,0.16285651601579634,,food_waste,food_security; nutrition; supply_vulnerability,False,False,False,False,True,,,
MDA,Moldova,Europe & Central Asia,Upper middle income,2024,2402306.0,2024.0,18200340853.6517,2024.0,0.21589,2023.0,2.5,2012.0,6.4,2016.0,18.65,2021.0,5799.5274,2.4141501540603074,2018-2020,2020.0,-57.1,71.0,231061.0,Low confidence,UNEP Food Waste Index Report 2024 Annex 3,Republic of Moldova,Eastern Europe,498.0,7576.195894133261,6.380628325984138,10.260079521472653,3.879451195488514,0.0,0.1893491124260355,0.2208588957055214,0.4042553191489361,0.3125571074272288,0.1976744186046511,0.6650943396226415,0.1005586592178771,5,0.2930467274596868,low or very low confidence,0.2930467274596868,0.2930467274596868,0.2930467274596868,0.25095310992663217,0.4313843791136463,0.1005586592178771,sustainability,none,True,True,True,False,True,191.0,178.0,160.0
MDG,Madagascar,Sub-Saharan Africa,Low income,2024,31964956.0,2024.0,17420814800.7045,2017.0,0.01275,2023.0,39.5,2021.0,39.8,2016.0,5.25,2021.0,37186.4127,1.163349409897514,2018-2020,2020.0,19.6,92.0,2724081.0,Low confidence,UNEP Food Waste Index Report 2024 Annex 3,Madagascar,Sub-Saharan Africa,450.0,544.9973026931274,7.504674110960706,10.24106846382746,2.7363943528667534,19.6,0.9822485207100592,0.9447852760736196,0.0744680851063829,0.5096266805900013,0.7465116279069768,0.2547169811320754,0.3407821229050279,5,0.5667771866488281,low or very low confidence,0.5667771866488281,0.5667771866488281,0.5667771866488281,0.7459376006500302,0.5006143045195262,0.3407821229050279,food_security,none,True,True,True,False,True,69.0,64.0,52.0
MDV,Maldives,South Asia,Upper middle income,2024,527799.0,2024.0,6975146349.42592,,,,,2017.0,15.3,2016.0,8.6,2021.0,309.3033,0.5860247935293549,2011-2013,2013.0,100.0,207.0,107877.0,Medium confidence,UNEP Food Waste Index Report 2024 Annex 3,Maldives,Southern Asia,462.0,13215.5353637008,5.722468563044142,9.84355332421536,4.1210847611712165,100.0,,0.5398773006134969,0.2340425531914893,0.3869599269024931,1.0,0.0613207547169811,0.9636871508379888,4,0.6029919581143658,medium confidence,0.6029919581143658,0.6029919581143658,,0.3869599269024931,0.5306603773584906,0.9636871508379888,food_waste,food_security,True,False,False,False,False,47.0,45.0,
MEX,Mexico,Latin America & Caribbean,Upper middle income,2024,130861007.0,2024.0,1852722885258.11,2024.0,0.25372,2023.0,2.7,2022.0,12.5,2016.0,28.55,2021.0,239538.9996,1.8304841533123768,2018-2020,2020.0,39.1,105.0,13368447.0,Medium confidence,UNEP Food Waste Index Report 2024 Annex 3,Mexico,Latin America and the Caribbean,484.0,14157.944583584858,8.11681025795272,12.267810466052175,4.151000208099457,39.1,0.378698224852071,0.4478527607361963,0.8617021276595744,0.6547774441978854,0.8906976744186047,0.5283018867924528,0.5027932960893855,5,0.5910537052700799,medium confidence,0.5910537052700799,0.5910537052700799,0.5910537052700799,0.5167378345249782,0.7094997806055288,0.5027932960893855,food_waste,none,True,True,True,False,False,56.0,53.0,44.0
MHL,Marshall Islands,East Asia & Pacific,Upper middle income,2024,37548.0,2024.0,280357844.229802,,,,,2017.0,34.8,2016.0,52.85,2021.0,25.4873,0.6787924789602643,,,,63.0,2526.0,Very low confidence,UNEP Food Waste Index Report 2024 Annex 3,Marshall Islands,Micronesia,584.0,7466.651865074092,4.574586809193818,8.44771271188113,3.873125902687311,,,0.8834355828220859,0.9893617021276596,0.9363986424748728,0.1465116279069767,0.1037735849056603,,3,0.3955612850958366,low or very low confidence,0.39556128509583655,,,0.9363986424748728,0.1251426064063185,,nutrition,food_security; supply_vulnerability,False,False,False,False,True,157.0,,
MKD,North Macedonia,Europe & Central Asia,Upper middle income,2024,1824359.0,2024.0,16685236492.0675,2024.0,0.37363,2023.0,2.5,2019.0,4.3,2016.0,22.35,2021.0,3542.8993,1.941996778046426,2018-2020,2020.0,24.4,86.0,179311.0,Low confidence,UNEP Food Waste Index Report 2024 Annex 3,North Macedonia,Southern Europe,807.0,9145.807646448697,6.261110303497732,10.222332366607956,3.961222063110224,24.4,0.1893491124260355,0.1411042944785276,0.6063829787234043,0.3737436366009659,0.4,0.5707547169811321,0.3798882681564245,5,0.3827471468329116,low or very low confidence,0.3827471468329116,0.3827471468329116,0.3827471468329116,0.2815463745135007,0.48537735849056607,0.3798882681564245,sustainability,none,True,True,True,False,True,162.0,151.0,134.0
MLI,Mali,Sub-Saharan Africa,Low income,2024,24478595.0,2024.0,26588067731.1692,2023.0,0.14743,2023.0,12.3,2024.0,25.1,2016.0,8.5,2021.0,42491.0163,1.7358437565554723,2018-2020,2020.0,4.3,92.0,2078251.0,Low confidence,UNEP Food Waste Index Report 2024 Annex 3,Mali,Sub-Saharan Africa,466.0,1086.1762176779018,7.388786486951542,10.424686776437126,3.035900289485584,4.3,0.7218934911242604,0.7331288343558282,0.2234042553191489,0.4782665448374885,0.7465116279069768,0.4716981132075472,0.217877094972067,5,0.527249374409668,low or very low confidence,0.527249374409668,0.527249374409668,0.527249374409668,0.6000800179808744,0.6091048705572619,0.217877094972067,food_waste,none,True,True,True,False,True,92.0,87.0,74.0
MLT,Malta,Middle East & North Africa,High income,2024,568847.0,2024.0,24322006607.9295,2023.0,0.64792,2023.0,2.5,2022.0,3.3,2016.0,28.85,2021.0,629.7072,1.1069886981912536,2018-2020,2020.0,95.9,92.0,48760.0,Eurostat,UNEP Food Waste Index Report 2024 Annex 3,Malta,Southern Europe,470.0,42756.67553477385,5.754995472034965,10.385999402130372,4.631003930095408,95.9,0.1893491124260355,0.1288343558282208,0.8670212765957447,0.4979278162119828,0.7465116279069768,0.240566037735849,0.8575418994413407,5,0.506379298744437,higher confidence,0.5063792987444369,0.5063792987444369,0.5063792987444369,0.34363846431900913,0.49353883282141287,0.8575418994413407,supply_vulnerability,none,True,True,False,True,False,102.0,97.0,84.0
MMR,Myanmar,East Asia & Pacific,Lower middle income,2024,54500091.0,2024.0,74079772652.4286,2023.0,0.02307,2023.0,5.4,2018.0,26.7,2016.0,5.65,2021.0,184631.8921,3.387735482863689,2018-2020,2020.0,-12.5,78.0,4221946.0,Low confidence,UNEP Food Waste Index Report 2024 Annex 3,Myanmar,South-eastern Asia,104.0,1359.2596139413529,7.7363972274282915,10.869699640845216,3.133302413416925,0.0,0.5177514792899408,0.7822085889570553,0.1090425531914893,0.4456255710742723,0.2697674418604651,0.7971698113207547,0.1005586592178771,5,0.426174592552662,low or very low confidence,0.426174592552662,0.426174592552662,0.426174592552662,0.4816885251821066,0.5334686265906099,0.1005586592178771,sustainability,none,True,True,True,False,True,141.0,133.0,117.0
MNE,Montenegro,Europe & Central Asia,Upper middle income,2024,623525.0,2024.0,8069536125.80285,2019.0,0.36328,2023.0,2.5,2018.0,7.2,2016.0,23.200000000000003,2021.0,1085.1153,1.7402915681007178,2018-2020,2020.0,87.7,86.0,54051.0,Low confidence,UNEP Food Waste Index Report 2024 Annex 3,Montenegro,Southern Europe,499.0,12941.80045034738,5.79485387103731,9.906848570187451,4.1119946991501415,87.7,0.1893491124260355,0.2760736196319018,0.6648936170212766,0.4704836183265892,0.4,0.4764150943396226,0.7877094972067039,5,0.4647914644597902,low or very low confidence,0.46479146445979025,0.46479146445979025,0.46479146445979025,0.32991636537631236,0.4382075471698113,0.7877094972067039,supply_vulnerability,none,True,True,False,False,True,125.0,119.0,105.0
MNG,Mongolia,East Asia & Pacific,Upper middle income,2024,3524788.0,2024.0,23586055802.4517,2022.0,0.08365,2023.0,2.5,2023.0,8.8,2016.0,20.35,2021.0,58873.8635,16.702809786006988,2018-2020,2020.0,28.2,18.0,60364.0,Medium confidence,UNEP Food Waste Index Report 2024 Annex 3,Mongolia,Eastern Asia,496.0,6691.482098342282,6.547133001270987,10.372655321705988,3.8255223204350006,28.2,0.1893491124260355,0.3558282208588957,0.4893617021276595,0.4225949614932776,0.0046511627906976,0.981132075471698,0.4022346368715084,5,0.3999923898106434,medium confidence,0.3999923898106434,0.3999923898106434,0.3999923898106434,0.3059720369596565,0.4928916191311978,0.4022346368715084,sustainability,none,True,True,True,False,False,156.0,146.0,129.0
MNP,Northern Mariana Islands,East Asia & Pacific,High income,2024,44278.0,2022.0,6576000000.0,,,,,,,,,2021.0,929.8726,21.000781426442025,,,,60.0,2992.0,Very low confidence,UNEP Food Waste Index Report 2024 Annex 3,Northern Mariana Islands,Micronesia,580.0,148516.19314332175,4.646187995933419,9.817961804531992,5.171773808598575,,,,,,0.0976744186046511,0.9952830188679244,,2,,low or very low confidence,,,,,0.5464787187362877,,sustainability,food_security; nutrition; supply_vulnerability,False,False,False,False,True,,,
MOZ,Mozambique,Sub-Saharan Africa,Low income,2024,34631766.0,2024.0,22416650343.4786,2015.0,0.30814,2023.0,21.8,2022.0,36.7,2016.0,6.9,2021.0,81151.158,2.343257863315431,2018-2020,2020.0,45.9,92.0,3033197.0,Low confidence,UNEP Food Waste Index Report 2024 Annex 3,Mozambique,Sub-Saharan Africa,508.0,647.2857995020698,7.539474638373012,10.350570717713603,2.811096079340593,45.9,0.8668639053254438,0.9079754601226994,0.1595744680851064,0.5337749641039029,0.7465116279069768,0.6462264150943396,0.5586592178770949,5,0.6704072260615516,low or very low confidence,0.6704072260615516,0.6704072260615516,0.6704072260615516,0.7003194347146733,0.6963690215006582,0.5586592178770949,food_security,none,True,True,True,False,True,21.0,19.0,16.0
MRT,Mauritania,Sub-Saharan Africa,Lower middle income,2024,5169395.0,2024.0,10766731873.5407,2018.0,0.01019,2023.0,8.7,2022.0,25.1,2016.0,12.55,2021.0,12250.8731,2.369885276710331,2018-2020,2020.0,58.6,89.0,422451.0,Low confidence,UNEP Food Waste Index Report 2024 Annex 3,Mauritania,Sub-Saharan Africa,478.0,2082.7837442371306,6.71343971842541,10.032083897849814,3.318644179424404,58.6,0.6331360946745562,0.7331288343558282,0.3138297872340425,0.5234793107949354,0.5720930232558139,0.6556603773584906,0.6145251396648045,5,0.5997787891497202,low or very low confidence,0.5997787891497202,0.5997787891497202,0.5997787891497202,0.5783077027347459,0.6138767003071522,0.6145251396648045,sustainability,none,True,True,True,False,True,49.0,46.0,39.0
MUS,Mauritius,Sub-Saharan Africa,Upper middle income,2024,1245779.0,2024.0,14952555414.8553,2024.0,0.26181,2023.0,8.7,1995.0,13.6,2016.0,10.65,2021.0,1796.6052,1.442154025714031,2018-2020,2020.0,95.3,90.0,117408.0,Low confidence,UNEP Food Waste Index Report 2024 Annex 3,Mauritius,Sub-Saharan Africa,480.0,12002.574625880916,6.095441005731421,10.174715420602372,4.07927441487095,95.3,0.6331360946745562,0.4877300613496932,0.2925531914893617,0.3901416264195275,0.627906976744186,0.3726415094339622,0.8435754189944135,5,0.573480325253329,low or very low confidence,0.573480325253329,0.573480325253329,0.573480325253329,0.5116388605470419,0.5002742430890741,0.8435754189944135,supply_vulnerability,none,True,True,True,False,True,63.0,59.0,49.0
MWI,Malawi,Sub-Saharan Africa,Low income,2024,21655286.0,2024.0,11008925322.5134,2019.0,0.17752,2023.0,21.4,2020.0,35.5,2016.0,5.65,2021.0,19286.4392,0.8906111514759029,2018-2020,2020.0,4.4,92.0,1877693.0,Low confidence,UNEP Food Waste Index Report 2024 Annex 3,Malawi,Sub-Saharan Africa,454.0,508.3712735317095,7.33556392380364,10.041744925758117,2.7061810019544743,4.4,0.8579881656804734,0.8926380368098159,0.1090425531914893,0.5008402950006526,0.7465116279069768,0.1650943396226415,0.2234636871508379,5,0.4987796230723164,low or very low confidence,0.49877962307231644,0.49877962307231644,0.49877962307231644,0.679414230340563,0.45580298376480916,0.2234636871508379,food_security,none,True,True,True,False,True,107.0,102.0,89.0
MYS,Malaysia,East Asia & Pacific,Upper middle income,2024,35557673.0,2024.0,421972102253.57,2022.0,1.0121,2023.0,2.5,2022.0,21.2,2016.0,15.45,2021.0,123011.5057,3.4594925742187908,2018-2020,2020.0,73.7,81.0,2754808.0,Medium confidence,UNEP Food Waste Index Report 2024 Annex 3,Malaysia,South-eastern Asia,458.0,11867.25864354425,7.550933331704051,11.625283739497624,4.074350407793574,73.7,0.1893491124260355,0.6533742331288344,0.351063829787234,0.5022190314580341,0.3162790697674418,0.8018867924528302,0.7150837988826816,5,0.5049635609974047,medium confidence,0.5049635609974047,0.5049635609974047,0.5049635609974047,0.3457840719420348,0.559082931110136,0.7150837988826816,sustainability,none,True,True,True,False,False,103.0,98.0,85.0
NAM,Namibia,Sub-Saharan Africa,Lower middle income,2024,3030131.0,2024.0,13372354268.5446,2022.0,0.64636,2023.0,18.1,2013.0,22.7,2016.0,16.45,2021.0,21531.3858,7.105760708035396,2018-2020,2020.0,69.2,90.0,232106.0,Low confidence,UNEP Food Waste Index Report 2024 Annex 3,Namibia,Sub-Saharan Africa,516.0,4413.127441864593,6.481461404524519,10.126207873666566,3.644746469142047,69.2,0.8165680473372781,0.6871165644171779,0.3776595744680851,0.5323880694426315,0.627906976744186,0.9245283018867924,0.6927374301675978,5,0.7188257651156972,low or very low confidence,0.7188257651156971,0.7188257651156971,0.7188257651156971,0.6744780583899548,0.7762176393154891,0.6927374301675978,sustainability,none,True,True,True,False,True,9.0,7.0,5.0
NCL,New Caledonia,East Asia & Pacific,High income,2024,292639.0,2022.0,125103143338.09,,,2023.0,4.9,,,,,2021.0,471.8897,1.612531822484358,2018-2020,2020.0,84.9,87.0,25215.0,Very low confidence,UNEP Food Waste Index Report 2024 Annex 3,New Caledonia,Melanesia,540.0,427499.9003485181,5.466332204072664,11.09726822190155,5.630936017828884,84.9,0.4733727810650887,,,,0.4302325581395348,0.4481132075471698,0.7737430167597765,4,0.5313653908778925,low or very low confidence,0.5313653908778925,0.5313653908778925,,0.4733727810650887,0.4391728828433523,0.7737430167597765,supply_vulnerability,nutrition,True,False,False,False,True,88.0,83.0,
NER,Niger,Sub-Saharan Africa,Low income,2024,27032412.0,2024.0,19537639288.0633,,,2023.0,12.9,2022.0,47.7,2016.0,5.6,2021.0,40629.1738,1.5029799708586862,2018-2020,2020.0,13.7,92.0,2411286.0,Low confidence,UNEP Food Waste Index Report 2024 Annex 3,Niger,Sub-Saharan Africa,562.0,722.7486503262566,7.431884797883554,10.290872087217732,2.858987289334177,13.7,0.7307692307692307,0.9754601226993864,0.0957446808510638,0.5356024017752252,0.7465116279069768,0.4056603773584906,0.2793296089385474,5,0.539574649349694,low or very low confidence,0.539574649349694,0.539574649349694,0.539574649349694,0.6331858162722279,0.5760860026327337,0.2793296089385474,food_waste,none,True,True,True,False,True,82.0,77.0,65.0
NGA,Nigeria,Sub-Saharan Africa,Lower middle income,2024,232679478.0,2024.0,187759703099.801,2019.0,0.28444,2023.0,19.9,2021.0,33.8,2016.0,8.85,2021.0,217993.4321,0.9368829342998612,2018-2020,2020.0,17.6,113.0,24791826.0,Medium confidence,UNEP Food Waste Index Report 2024 Annex 3,Nigeria,Sub-Saharan Africa,566.0,806.9456950552425,8.36675808081838,11.273602389850977,2.9068443090325946,17.6,0.8402366863905325,0.8650306748466258,0.2446808510638297,0.5548557629552278,0.916279069767442,0.1792452830188679,0.3184357541899441,5,0.5618105112644028,medium confidence,0.5618105112644027,0.5618105112644027,0.5618105112644027,0.6975462246728801,0.5477621763931549,0.3184357541899441,food_waste,none,True,True,True,False,False,73.0,68.0,56.0
NIC,Nicaragua,Latin America & Caribbean,Lower middle income,2024,6916140.0,2024.0,19693982967.5926,2015.0,0.10742,2022.0,17.3,2012.0,17.3,2016.0,23.45,2021.0,36525.676,5.28122276298629,2018-2020,2020.0,40.6,90.0,626538.0,Low confidence,UNEP Food Waste Index Report 2024 Annex 3,Nicaragua,Latin America and the Caribbean,558.0,2847.5396633949863,6.839863775899178,10.294333557982576,3.454469782083397,40.6,0.8047337278106509,0.5644171779141104,0.675531914893617,0.6199745464038637,0.627906976744186,0.8773584905660378,0.5083798882681564,5,0.6876707259585789,low or very low confidence,0.6876707259585789,0.6876707259585789,0.6876707259585789,0.7123541371072573,0.752632733655112,0.5083798882681564,sustainability,none,True,True,True,False,True,14.0,12.0,9.0
NLD,Netherlands,Europe & Central Asia,High income,2024,17993485.0,2024.0,1227543925316.41,2023.0,2.26719,2023.0,2.5,2009.0,1.5,2016.0,20.4,2021.0,60126.0644,3.3415463652538686,2018-2020,2020.0,85.9,59.0,1036040.0,Eurostat,UNEP Food Waste Index Report 2024 Annex 3,Netherlands,Western Europe,528.0,68221.57716064509,7.255115286174353,12.08903704147217,4.833921755297818,85.9,0.1893491124260355,0.0521472392638036,0.4946808510638298,0.2734140451638167,0.0837209302325581,0.7924528301886793,0.7821229050279329,5,0.4242119646078045,higher confidence,0.4242119646078045,0.4242119646078045,0.4242119646078045,0.2313815787949261,0.4380868802106187,0.7821229050279329,sustainability,none,True,True,True,True,False,144.0,136.0,119.0
NOR,Norway,Europe & Central Asia,High income,2024,5572279.0,2024.0,483727398216.364,2023.0,1.85142,2023.0,2.5,,,2016.0,23.05,2021.0,15063.1444,2.7032286789660027,2018-2020,2020.0,44.6,78.0,423540.0,Eurostat,UNEP Food Waste Index Report 2024 Annex 3,Norway,Northern Europe,578.0,86809.61563776042,6.74603285310853,11.68460068643166,4.938567833323132,44.6,0.1893491124260355,,0.6595744680851063,0.6595744680851063,0.2697674418604651,0.7264150943396226,0.5418994413407822,5,0.4774011116104023,higher confidence,0.47740111161040233,0.47740111161040233,0.47740111161040233,0.4244617902555709,0.49809126810004384,0.5418994413407822,sustainability,none,True,True,True,True,False,119.0,114.0,100.0
NPL,Nepal,South Asia,Lower middle income,2024,29651054.0,2024.0,42914268286.7109,2010.0,0.30221,2023.0,5.3,2022.0,24.8,2016.0,4.050000000000001,2021.0,37900.9892,1.2782341295523594,2018-2020,2020.0,14.2,93.0,2831907.0,Low confidence,UNEP Food Waste Index Report 2024 Annex 3,Nepal,Southern Asia,524.0,1447.31004458428,7.472040135752494,10.632601711950006,3.1605615761975105,14.2,0.5059171597633136,0.7239263803680982,0.0319148936170212,0.3779206369925597,0.7976744186046512,0.3160377358490566,0.2905027932960894,5,0.457610548901134,low or very low confidence,0.45761054890113406,0.45761054890113406,0.45761054890113406,0.44191889837793663,0.5568560772268538,0.2905027932960894,food_waste,none,True,True,True,False,True,130.0,123.0,109.0
NRU,Nauru,East Asia & Pacific,High income,2024,11947.0,2024.0,160350639.549467,,,,,2023.0,15.7,2016.0,61.0,2021.0,15.7351,1.317075416422533,,,,60.0,598.0,Very low confidence,UNEP Food Waste Index Report 2024 Annex 3,Nauru,Micronesia,520.0,13421.8330584638,4.077258863692948,8.205070696426919,4.127811832733972,,,0.5460122699386503,1.0,0.7730061349693251,0.0976744186046511,0.3396226415094339,,3,0.4034343983611367,low or very low confidence,0.40343439836113665,,,0.7730061349693251,0.2186485300570425,,nutrition,food_security; supply_vulnerability,False,False,False,False,True,154.0,,
NZL,New Zealand,East Asia & Pacific,High income,2024,5287500.0,2024.0,260235932558.996,2023.0,1.54848,2023.0,2.5,,,2016.0,30.75,2021.0,55430.6802,10.483343773049643,2018-2020,2020.0,44.8,61.0,316590.0,High confidence,UNEP Food Waste Index Report 2024 Annex 3,New Zealand,Australia and New Zealand,554.0,49217.197647091445,6.7232503803830985,11.415367262381896,4.692116881998798,44.8,0.1893491124260355,,0.8936170212765957,0.8936170212765957,0.1209302325581395,0.9575471698113208,0.547486033519553,5,0.541785913918329,higher confidence,0.541785913918329,0.541785913918329,0.541785913918329,0.5414830668513156,0.5392387011847302,0.547486033519553,sustainability,none,True,True,True,True,False,80.0,75.0,63.0
OMN,Oman,Middle East & North Africa,High income,2024,5281538.0,2024.0,106942782834.85,2024.0,0.38979,2023.0,5.9,2017.0,11.4,2016.0,28.3,2021.0,11578.3988,2.1922399876702583,2018-2020,2020.0,82.2,99.0,451415.0,Low confidence,UNEP Food Waste Index Report 2024 Annex 3,Oman,Western Asia,512.0,20248.41681246069,6.722760408831147,11.029151480999545,4.306391072168398,82.2,0.5355029585798816,0.4233128834355828,0.8563829787234043,0.6398479310794936,0.8372093023255814,0.6132075471698113,0.7486033519553073,5,0.674874218222015,low or very low confidence,0.674874218222015,0.674874218222015,0.674874218222015,0.5876754448296876,0.7252084247476964,0.7486033519553073,food_waste,none,True,True,True,False,True,20.0,18.0,15.0
PAK,Pakistan,Middle East & North Africa,Lower middle income,2024,251269164.0,2024.0,373071855731.539,2023.0,0.16399,2023.0,16.5,2018.0,37.6,2016.0,8.65,2021.0,286272.3553,1.1393055587990892,2018-2020,2020.0,-20.2,130.0,30754726.0,Medium confidence,UNEP Food Waste Index Report 2024 Annex 3,Pakistan,Southern Asia,586.0,1484.7498586477527,8.400139194814843,11.571792487417882,3.1716532926030387,0.0,0.7899408284023669,0.9233128834355828,0.2393617021276596,0.5813372927816212,0.9488372093023256,0.25,0.1005586592178771,5,0.5341347979408381,medium confidence,0.5341347979408381,0.5341347979408381,0.5341347979408381,0.685639060591994,0.5994186046511628,0.1005586592178771,food_waste,none,True,True,True,False,False,86.0,81.0,69.0
PAN,Panama,Latin America & Caribbean,High income,2024,4515577.0,2024.0,86260400000.0,2024.0,0.19708,2023.0,5.7,2019.0,15.9,2016.0,22.700000000000003,2021.0,12683.4811,2.808828439864939,2018-2020,2020.0,64.5,101.0,445347.0,Medium confidence,UNEP Food Waste Index Report 2024 Annex 3,Panama,Latin America and the Caribbean,591.0,19102.852193639927,6.654713252302974,10.935811467691106,4.281098215388131,64.5,0.5266272189349113,0.5521472392638037,0.6409574468085106,0.5965523430361572,0.8534883720930233,0.7452830188679245,0.659217877094972,5,0.6762337660053978,medium confidence,0.6762337660053978,0.6762337660053978,0.6762337660053978,0.5615897809855342,0.7993856954804739,0.659217877094972,food_waste,none,True,True,True,False,False,19.0,17.0,14.0
PER,Peru,Latin America & Caribbean,Upper middle income,2024,34217848.0,2024.0,289221969059.853,2023.0,0.17611,2023.0,6.9,2023.0,11.5,2016.0,19.7,2021.0,138491.5259,4.047347626887582,2018-2020,2020.0,54.2,88.0,2983735.0,Medium confidence,UNEP Food Waste Index Report 2024 Annex 3,Peru,Latin America and the Caribbean,604.0,8452.371670475975,7.534252692782126,11.461231278522538,3.9269785857404114,54.2,0.5828402366863905,0.4294478527607362,0.4361702127659574,0.4328090327633468,0.4860465116279069,0.8537735849056604,0.6061452513966481,5,0.5923229234759906,medium confidence,0.5923229234759906,0.5923229234759906,0.5923229234759906,0.5078246347248687,0.6699100482667837,0.6061452513966481,sustainability,none,True,True,True,False,False,55.0,52.0,43.0
PHL,Philippines,East Asia & Pacific,Lower middle income,2024,115843670.0,2024.0,461617509782.355,2020.0,0.27625,2023.0,3.0,2021.0,26.7,2016.0,6.35,2021.0,107202.4061,0.925405817167222,2018-2020,2020.0,28.5,26.0,2954580.0,Medium confidence,UNEP Food Waste Index Report 2024 Annex 3,Philippines,South-eastern Asia,608.0,3984.831538765605,8.063872307792135,11.664282273842716,3.6004099660505826,28.5,0.3875739644970414,0.7822085889570553,0.1329787234042553,0.4575936561806553,0.0162790697674418,0.1745283018867924,0.4078212290502793,5,0.288759244276442,medium confidence,0.28875924427644206,0.28875924427644206,0.28875924427644206,0.42258381033884834,0.0954036858271171,0.4078212290502793,nutrition,none,True,True,True,False,False,192.0,179.0,161.0
PLW,Palau,East Asia & Pacific,High income,2024,17695.0,2023.0,2743177347.36804,,,,,,,2016.0,55.3,2021.0,42.1051,2.379491381746256,,,,63.0,1263.0,Very low confidence,UNEP Food Waste Index Report 2024 Annex 3,Palau,Micronesia,585.0,155025.56356982424,4.247850566973534,9.43825388580123,5.190403318827697,,,,0.9946808510638298,0.9946808510638298,0.1465116279069767,0.660377358490566,,3,0.6005232791537908,low or very low confidence,0.6005232791537908,,,0.9946808510638298,0.40344449319877135,,nutrition,food_security; supply_vulnerability,False,False,False,False,True,48.0,,
PNG,Papua New Guinea,East Asia & Pacific,Lower middle income,2024,10576502.0,2024.0,32538480023.9998,2016.0,0.03158,2023.0,28.7,2010.0,49.5,2016.0,21.200000000000003,2021.0,37047.7594,3.5028367034771994,2018-2020,2020.0,100.0,89.0,903213.0,Very low confidence,UNEP Food Waste Index Report 2024 Annex 3,Papua New Guinea,Melanesia,598.0,3076.487861865842,7.024342055857139,10.51239726179668,3.488055205939541,100.0,0.9349112426035504,0.9877300613496932,0.5372340425531915,0.7624820519514424,0.5720930232558139,0.8066037735849056,0.9636871508379888,5,0.8079554484467402,low or very low confidence,0.8079554484467402,0.8079554484467402,0.8079554484467402,0.8486966472774964,0.6893483984203598,0.9636871508379888,supply_vulnerability,none,True,True,True,False,True,2.0,2.0,1.0
POL,Poland,Europe & Central Asia,High income,2024,36559233.0,2024.0,914696430325.391,2023.0,1.55525,2023.0,2.5,2018.0,1.0,2016.0,22.95,2021.0,130966.8837,3.5823203320485417,2018-2020,2020.0,-18.1,60.0,2391600.0,Eurostat,UNEP Food Waste Index Report 2024 Annex 3,Poland,Eastern Europe,616.0,25019.573860463403,7.562997075810103,11.96127698422005,4.398279908409946,0.0,0.1893491124260355,0.0214723926380368,0.648936170212766,0.3352042814254014,0.0976744186046511,0.8301886792452831,0.1005586592178771,5,0.3105950301838496,higher confidence,0.31059503018384965,0.31059503018384965,0.31059503018384965,0.2622766969257184,0.4639315489249671,0.1005586592178771,sustainability,none,True,True,True,True,False,185.0,172.0,154.0
PRI,Puerto Rico (US),Latin America & Caribbean,High income,2024,3203295.0,2024.0,125841500000.0,2015.0,0.42882,,,,,,,2021.0,4991.8393,1.5583451727049802,,,,88.0,286071.0,Low confidence,UNEP Food Waste Index Report 2024 Annex 3,Puerto Rico,Latin America and the Caribbean,630.0,39285.017458585615,6.505596935845423,11.099823886330428,4.594226950485004,,,,,,0.4860465116279069,0.4245283018867924,,2,,low or very low confidence,,,,,0.4552874067573497,,food_waste,food_security; nutrition; supply_vulnerability,False,False,True,False,True,,,
PRK,"Korea, Dem. People's Rep.",East Asia & Pacific,Low income,2024,26498823.0,,,,,2018.0,47.0,2017.0,19.1,2016.0,6.699999999999999,2021.0,11776.8273,0.4444283166841033,2018-2020,2020.0,17.8,81.0,2104855.0,Low confidence,UNEP Food Waste Index Report 2024 Annex 3,Democratic People’s Republic of Korea,Eastern Asia,408.0,,7.423226584278043,,,17.8,0.9881656804733728,0.6257668711656442,0.1489361702127659,0.3873515206892051,0.3162790697674418,0.0330188679245283,0.3268156424581006,5,0.4103261562625297,low or very low confidence,0.4103261562625297,0.4103261562625297,0.4103261562625297,0.687758600581289,0.17464896884598505,0.3268156424581006,food_security,none,True,True,True,False,True,150.0,141.0,124.0
PRT,Portugal,Europe & Central Asia,High income,2024,10694681.0,2024.0,308683317392.68,2023.0,1.69491,2023.0,2.5,2016.0,3.2,2016.0,20.75,2021.0,19916.3633,1.8622681031813848,2018-2020,2020.0,74.8,124.0,1273480.0,Eurostat,UNEP Food Waste Index Report 2024 Annex 3,Portugal,Southern Europe,620.0,28863.256173108857,7.029167835003303,11.4895131589279,4.460345323924599,74.8,0.1893491124260355,0.1196319018404908,0.5132978723404256,0.3164648870904581,0.9348837209302324,0.5377358490566038,0.7262569832402235,5,0.5409381105487107,higher confidence,0.5409381105487107,0.5409381105487107,0.5409381105487107,0.2529069997582468,0.7363097849934181,0.7262569832402235,food_waste,none,True,True,True,True,False,81.0,76.0,64.0
PRY,Paraguay,Latin America & Caribbean,Upper middle income,2024,6929153.0,2024.0,44458118399.6669,2023.0,0.14117,2023.0,5.2,2016.0,5.6,2016.0,20.25,2021.0,84559.2968,12.20341025807916,2018-2020,2020.0,-74.6,91.0,619272.0,Low confidence,UNEP Food Waste Index Report 2024 Annex 3,Paraguay,Latin America and the Caribbean,600.0,6416.097090029171,6.840680150931061,10.647951078112545,3.8072709271814817,0.0,0.4940828402366864,0.1840490797546012,0.4840425531914893,0.3340458164730453,0.6767441860465117,0.9622641509433962,0.1005586592178771,5,0.5135391305835033,low or very low confidence,0.5135391305835033,0.5135391305835033,0.5135391305835033,0.41406432835486584,0.819504168494954,0.1005586592178771,sustainability,none,True,True,True,False,True,100.0,95.0,82.0
PSE,West Bank and Gaza,Middle East & North Africa,Lower middle income,2024,5289152.0,2024.0,13711100000.0,2013.0,0.45434,,,2020.0,8.7,,,2021.0,5477.5538,1.0356204170347156,,,,102.0,534863.0,Low confidence,UNEP Food Waste Index Report 2024 Annex 3,State of Palestine,Western Asia,275.0,2592.30591217647,6.72338604798187,10.137072298317332,3.413686250335463,,,0.3466257668711656,,0.3466257668711656,0.872093023255814,0.2028301886792453,,3,0.473849659602075,low or very low confidence,0.473849659602075,,,0.3466257668711656,0.5374616059675297,,food_waste,food_security; supply_vulnerability,False,False,True,False,True,122.0,,
PYF,French Polynesia,East Asia & Pacific,High income,2024,281807.0,2023.0,6402221222.32749,,,2023.0,3.8,,,,,2021.0,166.8417,0.5920424261994912,2017-2019,2019.0,99.3,81.0,25252.0,Very low confidence,UNEP Food Waste Index Report 2024 Annex 3,French Polynesia,Polynesia,258.0,22718.460585888533,5.449951776649902,9.806330676677248,4.356378900027344,99.3,0.4319526627218935,,,,0.3162790697674418,0.0754716981132075,0.9162011173184358,4,0.4349761369802446,low or very low confidence,0.4349761369802446,0.4349761369802446,,0.4319526627218935,0.19587538394032467,0.9162011173184358,supply_vulnerability,nutrition,True,False,False,False,True,139.0,131.0,
QAT,Qatar,Middle East & North Africa,High income,2024,2857822.0,2024.0,217982967032.967,2021.0,0.68058,,,2023.0,6.2,2016.0,37.8,2021.0,13773.6024,4.819615217462809,,,,93.0,250830.0,High confidence,UNEP Food Waste Index Report 2024 Annex 3,Qatar,Western Asia,634.0,76275.90767828333,6.456035175180918,11.338422559601876,4.882387384420958,,,0.2147239263803681,0.952127659574468,0.5834257929774181,0.7976744186046512,0.8632075471698113,,3,0.7481025862506269,higher confidence,0.7481025862506269,,,0.5834257929774181,0.8304409828872312,,sustainability,food_security; supply_vulnerability,False,False,True,True,False,5.0,,
ROU,Romania,Europe & Central Asia,High income,2024,19051804.0,2024.0,382767571329.158,2023.0,0.51656,2023.0,2.5,2002.0,12.8,2016.0,22.5,2021.0,38963.6689,2.0451432788202104,2018-2020,2020.0,-51.4,67.0,1323991.0,Low confidence,UNEP Food Waste Index Report 2024 Annex 3,Romania,Eastern Europe,642.0,20090.883326805066,7.27993610495396,11.582935136551574,4.302999031597613,0.0,0.1893491124260355,0.4693251533742331,0.6223404255319149,0.545832789453074,0.1627906976744186,0.5943396226415094,0.1005586592178771,5,0.3185741762825829,low or very low confidence,0.31857417628258294,0.31857417628258294,0.31857417628258294,0.36759095093955474,0.378565160157964,0.1005586592178771,sustainability,none,True,True,True,False,True,182.0,169.0,152.0
RUS,Russian Federation,Europe & Central Asia,High income,2024,143533851.0,2024.0,2173835806671.66,2024.0,0.93706,2023.0,2.5,,,2016.0,22.5,2021.0,443473.931,3.0896818270416224,2018-2020,2020.0,-73.5,33.0,4829772.0,Medium confidence,UNEP Food Waste Index Report 2024 Annex 3,Russian Federation,Eastern Europe,643.0,15145.108917001467,8.156954337089482,12.337226738025617,4.180272400936134,0.0,0.1893491124260355,,0.6223404255319149,0.6223404255319149,0.0232558139534883,0.7783018867924528,0.1005586592178771,5,0.3427611795843537,medium confidence,0.34276117958435376,0.34276117958435376,0.34276117958435376,0.4058447689789752,0.40077885037297056,0.1005586592178771,sustainability,none,True,True,True,False,False,176.0,164.0,147.0
RWA,Rwanda,Sub-Saharan Africa,Low income,2024,14256567.0,2024.0,14251642231.4932,2023.0,0.78149,2023.0,24.4,2020.0,33.1,2016.0,5.6000000000000005,2021.0,8850.2107,0.6207813353663613,2018-2020,2020.0,34.0,141.0,1937761.0,Medium confidence,UNEP Food Waste Index Report 2024 Annex 3,Rwanda,Sub-Saharan Africa,646.0,999.6545614026996,7.154014959425295,10.153864911430974,2.9998499520056794,34.0,0.9112426035502958,0.8588957055214724,0.101063829787234,0.4799797676543532,0.9604651162790696,0.080188679245283,0.4525139664804469,5,0.5768780266418897,medium confidence,0.5768780266418896,0.5768780266418896,0.5768780266418896,0.6956111856023245,0.5203268977621763,0.4525139664804469,food_waste,none,True,True,True,False,False,62.0,58.0,48.0
SAU,Saudi Arabia,Middle East & North Africa,High income,2024,35300280.0,2024.0,1237529866666.67,2024.0,0.63522,2023.0,2.5,2020.0,10.8,2016.0,36.55,2021.0,68990.366,1.9543858009058288,2018-2020,2020.0,93.7,105.0,3818681.0,High confidence,UNEP Food Waste Index Report 2024 Annex 3,Saudi Arabia,Western Asia,682.0,35057.22523069703,7.547778150202912,12.09255568903753,4.544777538834618,93.7,0.1893491124260355,0.4110429447852761,0.946808510638298,0.6789257277117869,0.8906976744186047,0.5754716981132075,0.8379888268156425,5,0.6344866078970555,higher confidence,0.6344866078970555,0.6344866078970555,0.6344866078970555,0.4341374200689112,0.7330846862659062,0.8379888268156425,food_waste,none,True,True,True,True,False,32.0,30.0,26.0
SDN,Sudan,Sub-Saharan Africa,Low income,2024,50448963.0,2024.0,49909807029.6996,2005.0,0.225,2021.0,11.0,2014.0,38.2,,,2021.0,111018.0954,2.200602129324244,2018-2020,2020.0,33.5,116.0,5414527.0,Very low confidence,UNEP Food Waste Index Report 2024 Annex 3,Sudan,Northern Africa,729.0,989.3128433521932,7.702852243555954,10.698185890721687,2.995333647165736,33.5,0.6745562130177515,0.9386503067484664,,0.9386503067484664,0.9255813953488372,0.6226415094339622,0.4469273743016759,5,0.7216713597701386,low or very low confidence,0.7216713597701386,0.7216713597701386,0.7216713597701386,0.806603259883109,0.7741114523913997,0.4469273743016759,nutrition,none,True,True,True,False,True,6.0,4.0,2.0
SEN,Senegal,Sub-Saharan Africa,Lower middle income,2024,18501984.0,2024.0,32267254425.052,2015.0,0.5772,2023.0,5.1,2023.0,17.5,2016.0,8.45,2021.0,22432.494,1.212437217543805,2018-2020,2020.0,43.3,77.0,1328487.0,Medium confidence,UNEP Food Waste Index Report 2024 Annex 3,Senegal,Sub-Saharan Africa,686.0,1743.988883843592,7.26721830105452,10.50876201347402,3.2415437124194995,43.3,0.4822485207100592,0.5858895705521472,0.2180851063829787,0.4019873384675629,0.2558139534883721,0.2641509433962264,0.5363128491620112,5,0.3881027210448463,medium confidence,0.38810272104484633,0.38810272104484633,0.38810272104484633,0.442117929588811,0.25998244844229923,0.5363128491620112,supply_vulnerability,none,True,True,True,False,False,161.0,150.0,133.0
SGP,Singapore,East Asia & Pacific,High income,2024,6036860.0,2024.0,547386645891.847,2022.0,1.80821,,,2000.0,4.5,2016.0,6.05,2021.0,4921.2782,0.8152049575441538,,,,68.0,409182.0,Medium confidence,UNEP Food Waste Index Report 2024 Annex 3,Singapore,South-eastern Asia,702.0,90674.06663262803,6.780811104305936,11.73829419810475,4.957483093798813,,,0.147239263803681,0.1223404255319148,0.1347898446677979,0.1674418604651162,0.1367924528301886,,3,0.1463413859877009,medium confidence,0.14634138598770088,,,0.1347898446677979,0.1521171566476524,,food_waste,food_security; supply_vulnerability,False,False,True,False,False,196.0,,
SLB,Solomon Islands,East Asia & Pacific,Lower middle income,2024,819198.0,2024.0,1760767447.17461,,,2023.0,20.0,2015.0,31.7,2016.0,22.5,2021.0,482.2446,0.5886789274387877,2011-2013,2013.0,96.1,43.0,31242.0,Medium confidence,UNEP Food Waste Index Report 2024 Annex 3,Solomon Islands,Melanesia,90.0,2149.379572673041,5.913388883341199,9.24570200044311,3.3323131171019105,96.1,0.8461538461538461,0.8404907975460123,0.6223404255319149,0.7314156115389636,0.0372093023255813,0.0660377358490566,0.8659217877094972,5,0.509347656715389,medium confidence,0.509347656715389,0.509347656715389,0.509347656715389,0.7887847288464049,0.05162351908731895,0.8659217877094972,supply_vulnerability,none,True,True,False,False,False,101.0,96.0,83.0
SLE,Sierra Leone,Sub-Saharan Africa,Low income,2024,8642022.0,2024.0,7547843281.27425,,,2023.0,24.1,2021.0,26.3,2016.0,8.55,2021.0,8754.2084,1.0129814990056725,2018-2020,2020.0,38.8,92.0,792109.0,Low confidence,UNEP Food Waste Index Report 2024 Annex 3,Sierra Leone,Sub-Saharan Africa,694.0,873.3885751823184,6.936615367560312,9.877822874165869,2.9412075066055547,38.8,0.9053254437869822,0.7730061349693251,0.2287234042553191,0.5008647696123222,0.7465116279069768,0.1981132075471698,0.4972067039106145,5,0.5696043505528131,low or very low confidence,0.5696043505528131,0.5696043505528131,0.5696043505528131,0.7030951066996523,0.4723124177270733,0.4972067039106145,food_security,none,True,True,True,False,True,65.0,61.0,50.0
SLV,El Salvador,Latin America & Caribbean,Upper middle income,2024,6338193.0,2024.0,35364960000.0,2023.0,0.10152,2023.0,6.7,2021.0,10.0,2016.0,23.9,2021.0,6838.5051,1.0789360784690527,2018-2020,2020.0,53.5,91.0,579084.0,Low confidence,UNEP Food Waste Index Report 2024 Annex 3,El Salvador,Latin America and the Caribbean,222.0,5579.659691650286,6.80196545946123,10.548573171204296,3.7466077117430654,53.5,0.5621301775147929,0.3987730061349693,0.6968085106382979,0.5477907583866336,0.6767441860465117,0.2311320754716981,0.5921787709497207,5,0.5219951936738714,low or very low confidence,0.5219951936738714,0.5219951936738714,0.5219951936738714,0.5549604679507132,0.4539381307591049,0.5921787709497207,food_waste,none,True,True,True,False,True,97.0,92.0,79.0
SMR,San Marino,Europe & Central Asia,High income,2024,33977.0,2022.0,10990203462.5342,,,,,,,,,2021.0,11.8433,0.3485681490419989,,,,82.0,2474.0,Low confidence,UNEP Food Waste Index Report 2024 Annex 3,San Marino,Southern Europe,674.0,323460.08954687585,4.531185030184496,10.041005732627124,5.509820702442629,,,,,,0.3441860465116279,0.0235849056603773,,2,,low or very low confidence,,,,,0.18388547608600259,,food_waste,food_security; nutrition; supply_vulnerability,False,False,False,False,True,,,
SOM,"Somalia, Fed. Rep.",Sub-Saharan Africa,Low income,2024,19009151.0,2024.0,12108515109.9996,,,2023.0,53.2,2009.0,25.3,2016.0,8.1,2021.0,42202.8401,2.220132824448604,,,,92.0,1619177.0,Low confidence,UNEP Food Waste Index Report 2024 Annex 3,Somalia,Sub-Saharan Africa,706.0,636.9834775892726,7.27896272053462,10.08309088805856,2.804128167523941,,0.9940828402366864,0.7423312883435583,0.1968085106382978,0.4695698994909281,0.7465116279069768,0.6273584905660378,,4,0.7093807145501572,low or very low confidence,0.7093807145501572,0.7093807145501572,,0.7318263698638072,0.6869350592365073,,food_security,supply_vulnerability,True,False,True,False,True,12.0,10.0,
SRB,Serbia,Europe & Central Asia,Upper middle income,2024,6586476.0,2024.0,89083506277.2344,2024.0,0.93978,2023.0,2.5,2019.0,5.4,2016.0,21.450000000000003,2021.0,20996.7395,3.187856374182492,2018-2020,2020.0,-52.6,108.0,780482.0,Medium confidence,UNEP Food Waste Index Report 2024 Annex 3,Serbia,Southern Europe,688.0,13525.215346906964,6.818653113667614,10.94979730228754,4.131144188619927,0.0,0.1893491124260355,0.1779141104294478,0.5478723404255319,0.3628932254274898,0.9023255813953488,0.7877358490566038,0.1005586592178771,5,0.468572485504671,medium confidence,0.46857248550467095,0.46857248550467095,0.46857248550467095,0.27612116892676264,0.8450307152259763,0.1005586592178771,food_waste,none,True,True,True,False,False,123.0,117.0,103.0
SSD,South Sudan,Sub-Saharan Africa,Low income,2024,11943408.0,2016.0,35349689171.3055,,,2023.0,22.3,2010.0,31.3,,,2021.0,61405.1018,5.1413383684120975,,,,92.0,1003706.0,Low confidence,UNEP Food Waste Index Report 2024 Annex 3,South Sudan,Sub-Saharan Africa,728.0,2959.7656859169088,7.0771282685360335,10.548385599412116,3.471257330876083,,0.8875739644970414,0.8343558282208589,,0.8343558282208589,0.7465116279069768,0.8726415094339622,,4,0.8352707325147098,low or very low confidence,0.8352707325147098,0.8352707325147098,,0.8609648963589501,0.8095765686704695,,food_security,supply_vulnerability,True,False,True,False,True,1.0,1.0,
STP,São Tomé and Principe,Sub-Saharan Africa,Lower middle income,2024,235536.0,2024.0,764274042.735043,,,2023.0,17.4,2019.0,11.7,2016.0,12.05,2021.0,287.6651,1.2213211568507574,2014-2016,2016.0,84.9,89.0,20499.0,Low confidence,UNEP Food Waste Index Report 2024 Annex 3,Sao Tome and Principe,Sub-Saharan Africa,678.0,3244.828997414591,5.372057295356503,8.883249109763739,3.5111918144072365,84.9,0.8106508875739645,0.4355828220858895,0.3085106382978723,0.3720467301918809,0.5720930232558139,0.2735849056603773,0.7737430167597765,5,0.5604237126883627,low or very low confidence,0.5604237126883627,0.5604237126883627,0.5604237126883627,0.5913488088829227,0.4228389644580956,0.7737430167597765,food_security,none,True,True,False,False,True,74.0,69.0,57.0
SUR,Suriname,Latin America & Caribbean,Upper middle income,2024,634431.0,2024.0,4714267822.2233,,,2023.0,9.7,2018.0,8.3,2016.0,26.3,2021.0,10642.619,16.775061433000594,2018-2020,2020.0,-27.0,91.0,56630.0,Low confidence,UNEP Food Waste Index Report 2024 Annex 3,Suriname,Latin America and the Caribbean,740.0,7430.702191764431,5.802384395621041,9.673414251588753,3.8710298559677097,0.0,0.6568047337278107,0.3312883435582822,0.7925531914893617,0.5619207675238219,0.6767441860465117,0.9858490566037736,0.1005586592178771,5,0.5963754806239591,low or very low confidence,0.5963754806239591,0.5963754806239591,0.5963754806239591,0.6093627506258164,0.8312966213251427,0.1005586592178771,sustainability,none,True,True,False,False,True,51.0,48.0,40.0
SVK,Slovak Republic,Europe & Central Asia,High income,2024,5422069.0,2024.0,141775733420.114,2023.0,1.03359,2023.0,3.1,,,2016.0,20.45,2021.0,6755.0245,1.2458389039313222,2018-2020,2020.0,-49.8,65.0,366600.0,Eurostat,UNEP Food Waste Index Report 2024 Annex 3,Slovakia,Eastern Europe,703.0,26147.90284301325,6.734165040011081,11.15160190261284,4.417436862601758,0.0,0.3994082840236686,,0.5,0.5,0.1534883720930232,0.2877358490566037,0.1005586592178771,5,0.2882382328782346,higher confidence,0.2882382328782345,0.2882382328782345,0.2882382328782345,0.4497041420118343,0.22061211057481345,0.1005586592178771,nutrition,none,True,True,True,True,False,193.0,180.0,162.0
SVN,Slovenia,Europe & Central Asia,High income,2024,2127400.0,2024.0,72485008929.2766,2023.0,2.13385,2023.0,2.5,,,2016.0,20.2,2021.0,5169.1819,2.4298119300554664,2018-2020,2020.0,21.6,36.0,76320.0,Eurostat,UNEP Food Waste Index Report 2024 Annex 3,Slovenia,Southern Europe,705.0,34072.11099430131,6.327849154905208,10.86024819674356,4.532399041838352,21.6,0.1893491124260355,,0.4787234042553192,0.4787234042553192,0.027906976744186,0.6698113207547169,0.3687150837988827,5,0.346901179595828,higher confidence,0.346901179595828,0.346901179595828,0.346901179595828,0.33403625834067735,0.34885914874945145,0.3687150837988827,sustainability,none,True,True,True,True,False,174.0,162.0,145.0
SWE,Sweden,Europe & Central Asia,High income,2024,10569709.0,2024.0,610117791237.089,2023.0,3.59978,2023.0,2.5,,,2016.0,20.6,2021.0,46728.6776,4.420999442841804,2018-2020,2020.0,-18.6,61.0,643550.0,Eurostat,UNEP Food Waste Index Report 2024 Annex 3,Sweden,Northern Europe,752.0,57723.23450315321,7.024063030691161,11.785413689348127,4.761350658656967,0.0,0.1893491124260355,,0.5053191489361702,0.5053191489361702,0.1209302325581395,0.8584905660377359,0.1005586592178771,5,0.3549295438351916,higher confidence,0.35492954383519165,0.35492954383519165,0.35492954383519165,0.34733413068110286,0.4897103992979377,0.1005586592178771,sustainability,none,True,True,True,True,False,172.0,160.0,143.0
SWZ,Eswatini,Sub-Saharan Africa,Lower middle income,2024,1242822.0,2024.0,4891883720.15742,2015.0,0.27807,2023.0,14.7,2021.0,20.0,2016.0,15.8,2021.0,2437.2491,1.961060473663968,2018-2020,2020.0,61.2,89.0,106950.0,Low confidence,UNEP Food Waste Index Report 2024 Annex 3,Eswatini,Sub-Saharan Africa,748.0,3936.10969242371,6.094408932379876,9.689476125327827,3.5950671929479503,61.2,0.7633136094674556,0.6380368098159509,0.3617021276595745,0.4998694687377627,0.5720930232558139,0.5801886792452831,0.6396648044692738,5,0.6110259170351179,low or very low confidence,0.6110259170351179,0.6110259170351179,0.6110259170351179,0.6315915391026092,0.5761408512505485,0.6396648044692738,food_security,none,True,True,True,False,True,42.0,40.0,35.0
SXM,Sint Maarten (Dutch part),Latin America & Caribbean,High income,2024,43350.0,2024.0,1735210227.92581,,,,,,,,,,,,,,,88.0,3521.0,Low confidence,UNEP Food Waste Index Report 2024 Annex 3,Sint Maarten (Dutch part),Latin America and the Caribbean,534.0,40027.91759921131,4.636989101812229,9.239352098894708,4.602362997082479,,,,,,0.4860465116279069,,,1,,low or very low confidence,,,,,0.4860465116279069,,food_waste,food_security; nutrition; sustainability; supply_vulnerability,False,False,False,False,True,,,
SYC,Seychelles,Sub-Saharan Africa,High income,2024,121354.0,2024.0,2167239562.46013,2016.0,0.2017,2023.0,2.5,2012.0,7.9,2016.0,14.05,2021.0,130.198,1.0728776966560645,2018-2020,2020.0,95.5,183.0,20089.0,Medium confidence,UNEP Food Waste Index Report 2024 Annex 3,Seychelles,Sub-Saharan Africa,690.0,17858.82263839783,5.084054095866119,9.33590692004343,4.251852824177311,95.5,0.1893491124260355,0.303680981595092,0.324468085106383,0.3140745333507375,0.9953488372093025,0.2216981132075471,0.8491620111731844,5,0.5139265214733614,medium confidence,0.5139265214733614,0.5139265214733614,0.5139265214733614,0.2517118228883865,0.6085234752084248,0.8491620111731844,food_waste,none,True,True,False,False,False,99.0,94.0,81.0
SYR,Syrian Arab Republic,Middle East & North Africa,Low income,2024,24672760.0,2023.0,19993439949.5435,2022.0,0.04217,2023.0,39.0,2010.0,27.9,2016.0,27.85,2021.0,18098.7751,0.7335529182791061,2018-2020,2020.0,29.2,172.0,3798032.0,Medium confidence,UNEP Food Waste Index Report 2024 Annex 3,Syrian Arab Republic,Western Asia,760.0,810.3446857807355,7.392217734237379,10.30088752261123,2.9086697883738517,29.2,0.9763313609467456,0.7914110429447853,0.8404255319148937,0.8159182874298394,0.9883720930232558,0.1179245283018868,0.4189944134078212,5,0.6635081366219098,medium confidence,0.6635081366219098,0.6635081366219098,0.6635081366219098,0.8961248241882924,0.5531483106625713,0.4189944134078212,food_waste,none,True,True,True,False,False,23.0,21.0,18.0
TCA,Turks and Caicos Islands,Latin America & Caribbean,High income,2024,46535.0,2024.0,1745378000.0,,,,,2020.0,4.6,,,2021.0,67.6716,1.454208660148275,,,,88.0,4401.0,Low confidence,UNEP Food Waste Index Report 2024 Annex 3,Turks and Caicos Islands,Latin America and the Caribbean,796.0,37506.779843128825,4.667779718248877,9.241889497505106,4.574109779256228,,,0.156441717791411,,0.156441717791411,0.4860465116279069,0.3773584905660377,,3,0.3399489066617853,low or very low confidence,0.3399489066617852,,,0.156441717791411,0.4317025010969723,,food_waste,food_security; supply_vulnerability,False,False,False,False,True,178.0,,
TCD,Chad,Sub-Saharan Africa,Low income,2024,20299123.0,2024.0,20625711664.6472,2016.0,0.23294,2023.0,32.0,2022.0,31.9,2016.0,6.0,2021.0,112321.0236,5.533294398974773,2018-2020,2020.0,3.8,92.0,1630217.0,Low confidence,UNEP Food Waste Index Report 2024 Annex 3,Chad,Sub-Saharan Africa,148.0,1016.088806627124,7.307477275130545,10.314408942273944,3.0069316671433994,3.8,0.9467455621301776,0.8466257668711656,0.1170212765957446,0.4818235217334551,0.7465116279069768,0.8820754716981132,0.2122905027932961,5,0.6538893372524038,low or very low confidence,0.6538893372524038,0.6538893372524038,0.6538893372524038,0.7142845419318163,0.814293549802545,0.2122905027932961,food_security,none,True,True,True,False,True,26.0,24.0,20.0
TGO,Togo,Sub-Saharan Africa,Low income,2024,9515236.0,2024.0,9925732119.72034,2024.0,0.22229,2023.0,9.1,2017.0,23.8,2016.0,8.2,2021.0,6273.1397,0.6592731593835401,2018-2020,2020.0,21.2,92.0,814188.0,Low confidence,UNEP Food Waste Index Report 2024 Annex 3,Togo,Sub-Saharan Africa,768.0,1043.140928897648,6.978419564270615,9.996762550077792,3.0183429858071764,21.2,0.6449704142011834,0.7116564417177914,0.2047872340425532,0.4582218378801723,0.7465116279069768,0.0990566037735849,0.3575418994413408,5,0.4612604766406516,low or very low confidence,0.4612604766406516,0.4612604766406516,0.4612604766406516,0.5515961260406779,0.42278411584028086,0.3575418994413408,food_waste,none,True,True,True,False,True,128.0,121.0,107.0
THA,Thailand,East Asia & Pacific,Upper middle income,2024,71668011.0,2024.0,526411265427.683,2023.0,0.93628,2023.0,4.6,2022.0,12.4,2016.0,9.85,2021.0,187921.9435,2.622117467443041,2018-2020,2020.0,-36.5,86.0,6180468.0,Medium confidence,UNEP Food Waste Index Report 2024 Annex 3,Thailand,South-eastern Asia,764.0,7345.135690003773,7.8553253516760275,11.721325174794211,3.865999823118184,0.0,0.4615384615384615,0.4417177914110429,0.2686170212765957,0.3551674063438194,0.4,0.7169811320754716,0.1005586592178771,5,0.4068491318351259,medium confidence,0.4068491318351259,0.4068491318351259,0.4068491318351259,0.4083529339411405,0.5584905660377358,0.1005586592178771,sustainability,none,True,True,True,False,False,151.0,142.0,125.0
TJK,Tajikistan,Europe & Central Asia,Lower middle income,2024,10590927.0,2024.0,14204575548.5536,2020.0,0.08969,2023.0,8.4,2023.0,13.7,2016.0,14.15,2021.0,9233.9723,0.8718757385448883,2018-2020,2020.0,50.4,86.0,852861.0,Very low confidence,UNEP Food Waste Index Report 2024 Annex 3,Tajikistan,Central Asia,762.0,1341.2022902767246,7.024933974589569,10.152428260961097,3.127494286371526,50.4,0.621301775147929,0.4969325153374233,0.3351063829787234,0.4160194491580734,0.4,0.1556603773584905,0.5754189944134078,5,0.4336801192155802,low or very low confidence,0.4336801192155802,0.4336801192155802,0.4336801192155802,0.5186606121530012,0.27783018867924525,0.5754189944134078,food_security,none,True,True,True,False,True,140.0,132.0,116.0
TKM,Turkmenistan,Europe & Central Asia,Upper middle income,2024,7494498.0,2024.0,64239891739.3311,2023.0,0.09,2023.0,4.3,2019.0,7.2,2016.0,18.4,2021.0,20266.4812,2.7041812807208703,2018-2020,2020.0,15.1,88.0,566433.0,Very low confidence,UNEP Food Waste Index Report 2024 Annex 3,Turkmenistan,Central Asia,795.0,8571.607029494317,6.874742548040686,10.80780480037382,3.9330622523331336,15.1,0.4497041420118343,0.2760736196319018,0.3962765957446808,0.3361751076882913,0.4860465116279069,0.7311320754716981,0.2988826815642458,5,0.4603881036727953,low or very low confidence,0.46038810367279537,0.46038810367279537,0.46038810367279537,0.3929396248500628,0.6085892935498025,0.2988826815642458,sustainability,none,True,True,True,False,True,129.0,122.0,108.0
TLS,Timor-Leste,East Asia & Pacific,Lower middle income,2024,1400638.0,2024.0,1881265333.4187,,,2023.0,18.7,2020.0,46.7,2016.0,3.75,2021.0,1962.0879,1.400852968432957,2017-2019,2019.0,41.8,78.0,104419.0,Low confidence,UNEP Food Waste Index Report 2024 Annex 3,Timor-Leste,South-eastern Asia,626.0,1343.1488603184405,6.14632590479538,9.274450052707747,3.128124147912368,41.8,0.8224852071005917,0.9693251533742332,0.0186170212765957,0.4939710873254144,0.2697674418604651,0.3632075471698113,0.5195530726256983,5,0.4937968712163961,low or very low confidence,0.49379687121639615,0.49379687121639615,0.49379687121639615,0.658228147213003,0.3164874945151382,0.5195530726256983,food_security,none,True,True,True,False,True,111.0,106.0,92.0
TON,Tonga,East Asia & Pacific,Upper middle income,2024,104175.0,2023.0,508735107.033734,,,,,2019.0,2.2,2016.0,47.95,2021.0,146.2087,1.4034912407007438,,,,88.0,9690.0,Very low confidence,UNEP Food Waste Index Report 2024 Annex 3,Tonga,Polynesia,776.0,4883.466350215829,5.017763509129316,8.706491708665236,3.688728199535921,,,0.0889570552147239,0.9787234042553192,0.5338402297350215,0.4860465116279069,0.3679245283018867,,3,0.4626037565549384,low or very low confidence,0.46260375655493835,,,0.5338402297350215,0.4269855199648968,,nutrition,food_security; supply_vulnerability,False,False,False,False,True,127.0,,
TTO,Trinidad and Tobago,Latin America & Caribbean,High income,2024,1368333.0,2024.0,26428963758.1307,2022.0,0.05039,2023.0,11.2,2011.0,9.2,2016.0,18.4,2021.0,21357.5575,15.608450209123072,2018-2020,2020.0,100.0,88.0,134673.0,Low confidence,UNEP Food Waste Index Report 2024 Annex 3,Trinidad and Tobago,Latin America and the Caribbean,780.0,19314.71634326637,6.136191800939321,10.422080135400034,4.285888334460712,100.0,0.6893491124260355,0.3742331288343558,0.3962765957446808,0.3852548622895183,0.4860465116279069,0.9764150943396226,0.9636871508379888,5,0.7001505463042144,low or very low confidence,0.7001505463042144,0.7001505463042144,0.7001505463042144,0.5373019873577769,0.7312308029837647,0.9636871508379888,sustainability,none,True,True,True,False,True,13.0,11.0,8.0
TUN,Tunisia,Middle East & North Africa,Lower middle income,2024,12277109.0,2024.0,53409988744.5968,2019.0,0.74658,2023.0,3.0,2018.0,8.4,2016.0,26.7,2021.0,16935.2357,1.3794156018326464,2018-2020,2020.0,65.4,172.0,2121810.0,Medium confidence,UNEP Food Waste Index Report 2024 Annex 3,Tunisia,Northern Africa,788.0,4350.371797187498,7.089096111661599,10.727622486447698,3.6385263747861,65.4,0.3875739644970414,0.3374233128834356,0.8031914893617021,0.5703074011225688,0.9883720930232558,0.3537735849056603,0.6703910614525139,5,0.5940836210002081,medium confidence,0.5940836210002081,0.5940836210002081,0.5940836210002081,0.4789406828098051,0.671072838964458,0.6703910614525139,food_waste,none,True,True,True,False,False,54.0,51.0,42.0
TUR,Türkiye,Europe & Central Asia,Upper middle income,2024,85518661.0,2024.0,1323254808058.74,2023.0,1.42224,2023.0,2.5,2018.0,6.0,2016.0,31.8,2021.0,152261.5207,1.7804479036452638,2018-2020,2020.0,11.3,102.0,8694318.0,Low confidence,UNEP Food Waste Index Report 2024 Annex 3,Türkiye,Western Asia,792.0,15473.287263685525,7.932060892330939,12.12164348067924,4.189582588348301,11.3,0.1893491124260355,0.205521472392638,0.9095744680851064,0.5575479702388721,0.872093023255814,0.490566037735849,0.2737430167597765,5,0.4766598320832694,low or very low confidence,0.4766598320832694,0.4766598320832694,0.4766598320832694,0.3734485413324538,0.6813295304958314,0.2737430167597765,food_waste,none,True,True,True,False,True,120.0,115.0,101.0
TUV,Tuvalu,East Asia & Pacific,Upper middle income,2024,9646.0,2023.0,622803115.852172,,,,,2019.0,5.7,2016.0,51.6,2021.0,9.5619,0.9912813601492846,,,,88.0,881.0,Very low confidence,UNEP Food Waste Index Report 2024 Annex 3,Tuvalu,Polynesia,798.0,64565.94607631889,3.984347257585864,8.794350776654625,4.81000351906876,,,0.1901840490797546,0.9840425531914894,0.587113301135622,0.4860465116279069,0.1933962264150943,,3,0.4221853463928744,low or very low confidence,0.4221853463928744,,,0.587113301135622,0.33972136902150063,,nutrition,food_security; supply_vulnerability,False,False,False,False,True,145.0,,
TZA,Tanzania,Sub-Saharan Africa,Lower middle income,2024,68560157.0,2024.0,78779864877.3018,2013.0,0.51456,2023.0,20.2,2022.0,30.0,2016.0,8.35,2021.0,150050.3563,2.1885941174259567,2018-2020,2020.0,2.6,152.0,9960496.0,Medium confidence,UNEP Food Waste Index Report 2024 Annex 3,United Rep. of Tanzania,Sub-Saharan Africa,834.0,1149.0619089058066,7.836071803433164,10.896415231574766,3.0603434281416027,2.6,0.8520710059171598,0.8282208588957055,0.2127659574468085,0.520493408171257,0.972093023255814,0.6084905660377359,0.2011173184357542,5,0.6308530643635442,medium confidence,0.6308530643635442,0.6308530643635442,0.6308530643635442,0.6862822070442084,0.7902917946467749,0.2011173184357542,food_waste,none,True,True,True,False,False,35.0,33.0,29.0
UGA,Uganda,Sub-Saharan Africa,Low income,2024,50015092.0,2024.0,53651874313.9836,2023.0,0.4383,2023.0,22.0,2022.0,24.4,2016.0,5.2,2021.0,58336.9573,1.166387083722649,2018-2020,2020.0,8.9,110.0,5209076.0,Medium confidence,UNEP Food Waste Index Report 2024 Annex 3,Uganda,Sub-Saharan Africa,800.0,1072.7136983769535,7.6991010720026996,10.729584898529405,3.030483826526704,8.9,0.8757396449704142,0.7177914110429447,0.0664893617021276,0.3921403863725362,0.9069767441860463,0.2594339622641509,0.2513966480446927,5,0.5371374771675681,medium confidence,0.5371374771675681,0.5371374771675681,0.5371374771675681,0.6339400156714752,0.5832053532250986,0.2513966480446927,food_waste,none,True,True,True,False,False,84.0,79.0,67.0
UKR,Ukraine,Europe & Central Asia,Upper middle income,2024,37860221.0,2024.0,190741263731.535,2024.0,0.36988,2023.0,6.9,2000.0,22.9,2016.0,23.85,2021.0,97683.925,2.5801203062179696,2018-2020,2020.0,-334.7,69.0,2758037.0,Low confidence,UNEP Food Waste Index Report 2024 Annex 3,Ukraine,Eastern Europe,804.0,5038.038835841317,7.578183144725516,11.28044465566978,3.702261510944265,0.0,0.5828402366863905,0.6932515337423313,0.6914893617021277,0.6923704477222294,0.1767441860465116,0.7122641509433962,0.1005586592178771,5,0.4529555361232809,low or very low confidence,0.45295553612328093,0.45295553612328093,0.45295553612328093,0.63760534220431,0.4445041684949539,0.1005586592178771,sustainability,none,True,True,True,False,True,131.0,124.0,110.0
URY,Uruguay,Latin America & Caribbean,High income,2024,3386588.0,2024.0,80961511073.5797,2023.0,0.70196,2023.0,2.5,2018.0,6.9,2016.0,27.75,2021.0,32075.3423,9.471285642068064,2018-2020,2020.0,-113.1,88.0,301034.0,Low confidence,UNEP Food Waste Index Report 2024 Annex 3,Uruguay,Latin America and the Caribbean,858.0,23906.51330294081,6.529762365168383,10.908278605286156,4.37851624011777,0.0,0.1893491124260355,0.2453987730061349,0.8297872340425532,0.537593003524344,0.4860465116279069,0.9433962264150944,0.1005586592178771,5,0.4513887026422516,low or very low confidence,0.4513887026422516,0.4513887026422516,0.4513887026422516,0.36347105797518975,0.7147213690215006,0.1005586592178771,sustainability,none,True,True,True,False,True,132.0,125.0,111.0
USA,United States,North America,High income,2024,340110988.0,2024.0,29184890000000.0,2023.0,3.44716,2023.0,2.5,2022.0,3.8,2016.0,36.25,2021.0,1057874.5408,3.1103803703042963,2018-2020,2020.0,-23.2,73.0,24716539.0,High confidence,UNEP Food Waste Index Report 2024 Annex 3,United States of America,Northern America,840.0,85809.90038463562,8.531620662955014,13.465158060761372,4.933537397806361,0.0,0.1893491124260355,0.1349693251533742,0.9414893617021276,0.538229343427751,0.213953488372093,0.7830188679245284,0.1005586592178771,5,0.365021894273657,higher confidence,0.36502189427365694,0.36502189427365694,0.36502189427365694,0.3637892279268932,0.49848617814831064,0.1005586592178771,sustainability,none,True,True,True,True,False,170.0,158.0,141.0
UZB,Uzbekistan,Europe & Central Asia,Lower middle income,2024,36361859.0,2024.0,114965293466.611,2024.0,0.10416,2023.0,2.5,2021.0,6.5,2016.0,16.4,2021.0,66147.0353,1.8191323853931671,2018-2020,2020.0,29.1,86.0,2968299.0,Very low confidence,UNEP Food Waste Index Report 2024 Annex 3,Uzbekistan,Central Asia,860.0,3161.7001063287494,7.5606460784224145,11.060566752259197,3.4999206738367805,29.1,0.1893491124260355,0.2269938650306748,0.3723404255319149,0.2996671452812948,0.4,0.5141509433962265,0.4134078212290503,5,0.3633150044665214,low or very low confidence,0.36331500446652143,0.36331500446652143,0.36331500446652143,0.24450812885366513,0.45707547169811324,0.4134078212290503,sustainability,none,True,True,True,False,True,171.0,159.0,142.0
VCT,St. Vincent and the Grenadines,Latin America & Caribbean,Upper middle income,2024,100616.0,2024.0,1157207407.40741,2002.0,0.1139,2023.0,6.1,,,2016.0,23.8,2021.0,129.8688,1.290737059712173,2018-2020,2020.0,89.6,91.0,9134.0,Low confidence,UNEP Food Waste Index Report 2024 Annex 3,Saint Vincent & Grenadines,Latin America and the Caribbean,670.0,11501.226518718791,5.002667047908652,9.063411204949906,4.0607441570412535,89.6,0.5443786982248521,,0.6861702127659575,0.6861702127659575,0.6767441860465117,0.320754716981132,0.8044692737430168,5,0.6065034175522941,low or very low confidence,0.6065034175522941,0.6065034175522941,0.6065034175522941,0.6152744554954048,0.49874945151382183,0.8044692737430168,supply_vulnerability,none,True,True,False,False,True,44.0,42.0,36.0
VEN,"Venezuela, RB",Latin America & Caribbean,Not classified,2024,28405543.0,2014.0,29024373424553.1,2014.0,0.33713,2023.0,5.9,2009.0,13.4,2016.0,25.5,2021.0,102586.5625,3.6114980269871975,2018-2020,2020.0,61.2,93.0,2626859.0,Medium confidence,UNEP Food Waste Index Report 2024 Annex 3,Venezuela,Latin America and the Caribbean,862.0,1021785.5516633884,7.453403095660441,13.462762853003332,6.0093597573428905,61.2,0.5355029585798816,0.4785276073619632,0.75,0.6142638036809815,0.7976744186046512,0.8349056603773585,0.6396648044692738,5,0.6844023291424293,medium confidence,0.6844023291424293,0.6844023291424293,0.6844023291424293,0.5748833811304316,0.8162900394910049,0.6396648044692738,sustainability,none,True,True,True,False,False,16.0,14.0,11.0
VGB,British Virgin Islands,Latin America & Caribbean,High income,2024,39471.0,,,,,,,,,,,2021.0,25.0879,0.6356033543614299,,,,88.0,2641.0,Low confidence,UNEP Food Waste Index Report 2024 Annex 3,British Virgin Islands,Latin America and the Caribbean,92.0,,4.596278129409967,,,,,,,,0.4860465116279069,0.0849056603773584,,2,,low or very low confidence,,,,,0.28547608600263263,,food_waste,food_security; nutrition; supply_vulnerability,False,False,False,False,True,,,
VIR,Virgin Islands (US),Latin America & Caribbean,High income,2024,104377.0,2022.0,28032000000.0,2007.0,0.02717,,,,,,,2021.0,115.4378,1.105969705969706,,,,88.0,8802.0,Low confidence,UNEP Food Waste Index Report 2024 Annex 3,United States Virgin Islands,Latin America and the Caribbean,850.0,268564.9137262041,5.018604810222361,10.447654084487986,5.429049274265625,,,,,,0.4860465116279069,0.2358490566037736,,2,,low or very low confidence,,,,,0.3609477841158403,,food_waste,food_security; nutrition; supply_vulnerability,False,False,False,False,True,,,
VNM,Viet Nam,East Asia & Pacific,Lower middle income,2024,100987686.0,2024.0,476388230307.175,2023.0,0.41456,2023.0,5.3,2023.0,18.2,2016.0,2.1,2021.0,149597.0305,1.4813393238854884,2018-2020,2020.0,10.3,72.0,7079811.0,Medium confidence,UNEP Food Waste Index Report 2024 Annex 3,Viet Nam,South-eastern Asia,704.0,4717.290287324487,8.004268421027326,11.6779610232226,3.673692602195273,10.3,0.5059171597633136,0.6104294478527608,0.0053191489361702,0.3078742983944655,0.2093023255813953,0.3915094339622642,0.2625698324022346,5,0.3354346100207347,medium confidence,0.33543461002073466,0.33543461002073466,0.33543461002073466,0.4068957290788896,0.30040587977182975,0.2625698324022346,food_security,none,True,True,True,False,False,179.0,166.0,149.0
VUT,Vanuatu,East Asia & Pacific,Lower middle income,2024,327777.0,2024.0,1161251868.03498,,,2023.0,7.2,2013.0,28.9,2016.0,25.15,2021.0,411.5313,1.2555221995442023,2018-2020,2020.0,100.0,141.0,46687.0,Medium confidence,UNEP Food Waste Index Report 2024 Annex 3,Vanuatu,Melanesia,548.0,3542.8107159287565,5.515578476008336,9.064926425625275,3.549347949616941,100.0,0.6035502958579881,0.8098159509202454,0.7393617021276596,0.7745888265239524,0.9604651162790696,0.3018867924528302,0.9636871508379888,5,0.7208356363903659,medium confidence,0.7208356363903659,0.7208356363903659,0.7208356363903659,0.6890695611909703,0.6311759543659499,0.9636871508379888,supply_vulnerability,none,True,True,False,False,False,7.0,5.0,3.0
WSM,Samoa,East Asia & Pacific,Upper middle income,2024,218019.0,2024.0,1068025243.63929,,,2023.0,3.6,2019.0,7.3,2016.0,47.45,2021.0,338.0398,1.5505061485466862,2017-2019,2019.0,98.6,86.0,18857.0,Very low confidence,UNEP Food Waste Index Report 2024 Annex 3,Samoa,Polynesia,882.0,4898.771408176764,5.338494343309143,9.028581517714713,3.690087174405571,98.6,0.4201183431952662,0.2883435582822086,0.973404255319149,0.6308739068006788,0.4,0.419811320754717,0.8994413407821229,5,0.5540489823065571,low or very low confidence,0.5540489823065571,0.5540489823065571,0.5540489823065571,0.5254961249979725,0.40990566037735854,0.8994413407821229,supply_vulnerability,none,True,True,False,False,True,75.0,70.0,58.0
XKX,Kosovo,Europe & Central Asia,Upper middle income,2024,1594353.0,2024.0,11148602232.663,,,,,,,,,,,,,,,,,,,,,,6992.555746853426,6.2025844832956,10.047220420685154,3.844635937389552,,,,,,,,,0,,,,,,,,,,food_security; nutrition; food_waste; sustainability; supply_vulnerability,False,False,True,False,False,,,
YEM,"Yemen, Rep.",Middle East & North Africa,Low income,2024,40583164.0,2021.0,42123383259.0738,,,,,2022.0,48.5,2016.0,17.0,2021.0,17727.8054,0.4368265963688785,2018-2020,2020.0,92.8,104.0,3490097.0,Low confidence,UNEP Food Waste Index Report 2024 Annex 3,Yemen,Western Asia,887.0,1037.9521729521582,7.608345903076191,10.624523245508184,3.0161773424319933,92.8,,0.98159509202454,0.3829787234042553,0.6822869077143976,0.8837209302325582,0.0283018867924528,0.8324022346368715,4,0.6066779898440701,low or very low confidence,0.60667798984407,0.60667798984407,,0.6822869077143976,0.4560114085125055,0.8324022346368715,food_waste,food_security,True,False,True,False,True,43.0,41.0,
ZAF,South Africa,Sub-Saharan Africa,Upper middle income,2024,64007187.0,2024.0,400260724226.067,2022.0,0.61479,2023.0,10.0,2017.0,21.3,2016.0,27.5,2021.0,95884.5931,1.4980285432634306,2018-2020,2020.0,7.8,47.0,2819981.0,Medium confidence,UNEP Food Waste Index Report 2024 Annex 3,South Africa,Sub-Saharan Africa,710.0,6253.371581945431,7.806228741158885,11.602342976843202,3.796114235684317,7.8,0.6627218934911243,0.6625766871165644,0.8138297872340425,0.7382032371753035,0.041860465116279,0.4009433962264151,0.2458100558659217,5,0.4179078095750087,medium confidence,0.4179078095750087,0.4179078095750087,0.4179078095750087,0.7004625653332139,0.22140193067134706,0.2458100558659217,nutrition,none,True,True,True,False,False,146.0,137.0,120.0
ZMB,Zambia,Sub-Saharan Africa,Lower middle income,2024,21314956.0,2024.0,26325775287.0226,2008.0,0.27819,2023.0,37.2,2018.0,34.6,2016.0,8.0,2021.0,76247.5499,3.577185423230524,2018-2020,2020.0,-0.1,78.0,1559958.0,Medium confidence,UNEP Food Waste Index Report 2024 Annex 3,Zambia,Sub-Saharan Africa,894.0,1235.0846648251395,7.328684440479424,10.420381169901887,3.091696729422462,0.0,0.9644970414201184,0.8773006134969326,0.1861702127659574,0.531735413131445,0.2697674418604651,0.8254716981132075,0.1005586592178771,5,0.5384060507486227,medium confidence,0.5384060507486226,0.5384060507486226,0.5384060507486226,0.7481162272757818,0.5476195699868363,0.1005586592178771,food_security,none,True,True,True,False,False,83.0,78.0,66.0
ZWE,Zimbabwe,Sub-Saharan Africa,Lower middle income,2024,16634373.0,2024.0,44187704410.1191,,,2023.0,19.7,2024.0,25.9,2016.0,15.0,2021.0,24698.5559,1.4847903134070637,2018-2020,2020.0,60.3,48.0,791249.0,Medium confidence,UNEP Food Waste Index Report 2024 Annex 3,Zimbabwe,Sub-Saharan Africa,716.0,2656.409376543324,7.221006435636339,10.645301440170256,3.424295004533919,60.3,0.8313609467455622,0.754601226993865,0.3457446808510638,0.5501729539224645,0.0488372093023255,0.3962264150943396,0.6256983240223464,5,0.4904591698174076,medium confidence,0.49045916981740756,0.49045916981740756,0.49045916981740756,0.6907669503340133,0.22253181219833254,0.6256983240223464,food_security,none,True,True,True,False,False,114.0,109.0,95.0
