"Data Source","WDI Database Archives",

"Last Updated Date","2025-10-29",

"Country Name","Country Code","Indicator Name","Indicator Code","1960","1961","1962","1963","1964","1965","1966","1967","1968","1969","1970","1971","1972","1973","1974","1975","1976","1977","1978","1979","1980","1981","1982","1983","1984","1985","1986","1987","1988","1989","1990","1991","1992","1993","1994","1995","1996","1997","1998","1999","2000","2001","2002","2003","2004","2005","2006","2007","2008","2009","2010","2011","2012","2013","2014","2015","2016","2017","2018","2019","2020","2021","2022","2023","2024","2025",
"Aruba","ABW","GDP (current US$)","NY.GDP.MKTP.CD","","","","","","","","","","","","","","","","","","","","","","","","","","","19059367280.8107","26703473978.9648","32577237364.505","37814785002.6292","42002372292.6959","70322533882.9538","76522468020.7961","86909763347.7169","156757169810.04","153192681129.331","164679542869.768","182638928653.826","198360770303.437","199856364203.402","216931486621.592","221652047703.181","224689486859.864","182394452514.033","201107581565.419","210390560336.419","219028359216.871","237042974301.727","251134308380.324","226053430167.916","219790154749.76","232820756424.129","120818937988.827","126364898882.682","129389828491.62","135884051396.648","136368967039.106","140707555307.263","87643264602.4675","71059789530.1083","53457016581.9261","58055084533.7204","44489015778.0214","21891438816.9093","","",
"Andorra","AND","GDP (current US$)","NY.GDP.MKTP.CD","","","","","","","","","","","","","","","186558696.279204","220127246.376812","227281024.620741","254020153.340635","308008897.569444","411578334.159643","446416105.825017","388958731.302938","375895956.383462","327861832.946636","330070689.298282","346737964.774951","482000594.03588","611316399.407088","721425939.15155","795449332.396346","1029048481.88051","1106928582.86629","1210013651.87713","1007025755.00065","1017549124.33238","1178738991.19295","1223945356.62682","1180597272.72727","1211932397.81713","1239876305.13531","1401695227.56587","1484017897.09172","1717485413.13759","2373927765.23702","2916786689.84356","3248215396.09501","3536632793.87781","4010990966.32904","4001201113.22689","3650083356.48791","3346516556.29139","3427022518.76564","3146151869.45908","3248924588.42273","","","","","","","","","","","","",
"Africa Eastern and Southern","AFE","GDP (current US$)","NY.GDP.MKTP.CD","553538823959.135","570738552950.682","617141469668.702","718843828559.902","692928967000.21","776341718019.706","844547308601.092","887217261733.572","964057053789.357","1093184013543.43","1145960885713.49","1259057748327.75","1364431993907.12","1771682862521.89","2182686140787.2","2323916414333.89","2413212564638.98","2731967254221.09","3071905920604.05","3576803659675.88","4555199809706.64","4710987614217.56","4514603552126.66","4725865650935.94","4338082004988.29","3756221800666.28","4152683016138.02","5020769303367.53","5446429745101.48","5755106698517.02","6618484105587.63","7110151119122.92","6381973376359.9","6394340207215.11","6470943733710.37","7272943682712.1","7250308752084.62","7639114153132.42","7166436453459.07","7071630994047.22","7657400737637.05","6965060357023.98","7139751506071.04","9484145445367.72","11798537163808.2","13763575507596.6","15475473786069.5","17761348018198.6","19068221066409.6","19226778880120.6","22927432850469.3","25591506701353","25824710582171.4","26115935787550.7","26647054990749.9","24592670885167.3","23170744319126.2","26625992511485.4","27198634697923.2","27083910263383.4","24983394520391","22790817439709.7","18948467368922.9","12348924439168.8","1287676979450.75","",
"Afghanistan","AFG","GDP (current US$)","NY.GDP.MKTP.CD","72600005393.7687","74100001664.5058","73800002923.6971","86816385894.4615","88000005384.4134","111739996960.244","155399996734.7","185740008740.355","152440003778.367","156386670273.645","197624185686.744","206915312264.223","180297768739.2","195866660179.589","245733328590.178","269799993281.478","291333335315.655","336680008995.433","376200010638.279","421556958503.862","415149236995.408","396585869540.485","","","","","","","","","","","","","","","","","","","37913437110.3055","195747951173.348","468916938258.819","526705483682.113","610805416365.568","712204412095.005","790957665112.127","1049616057641.29","1075325336199.74","1243711255339.28","1564090621946.18","1709122947002.77","1780978094002.06","1728181206673.28","1592380565570.61","1386764840673.07","1179352719485.14","1027724855135.75","815143509378.666","682551256707.149","540289647707.625","273535459280.661","144992096001.164","103317492737.43","","",
"Africa Western and Central","AFW","GDP (current US$)","NY.GDP.MKTP.CD","295999727445.506","316335015470.803","339425302070.923","360266973135.439","393375942806.671","422177240155.056","449840507857.835","410464307815.19","423470887641.433","480316630098.632","666846804838.809","599529281801.065","724817832369.953","904447166457.596","1249174331435.25","1448083078915.48","1740786258554.58","1829161313015.07","1999141147294.22","2474545747515.08","3110868905011.16","5757365266455.48","5141988761050.05","3861118399418.28","3255512064775.08","3359568090599.7","2921117775865.51","2999615465825.18","2965895970106.84","2770965006617.3","3309616368211.73","3329486157952.87","3271609311104.9","3061256570816.45","2954441417679.85","4202883300048.83","5151892041018.69","5339821719604.16","5647126645874.1","3711580324577.21","3790362101539.58","3992309798632.08","4778568655345.06","5532246597048.09","6859104448252.26","8385645567288.28","10667248862842.4","12519819331411","15291124358319.7","13683641228220.3","16083201483541","18303643595619.5","19821783003001.1","22393722716833.3","23865560718267.6","20705057827933.6","18677804721027","18500818648396.5","20530553073113.8","21932471793363.2","21251966010039.4","17748989228845.4","14081843656002","7996602910335.72","670025655309.603","",
"Angola","AGO","GDP (current US$)","NY.GDP.MKTP.CD","","","","","","","","","","","","","","","","","","","","","290626798467.412","272003741611.689","272003741611.689","283464078132.833","300475498896.639","843458231630.862","799662253847.417","895485110240.103","953718295712.353","1163271327802.34","1255041663515.15","1282754057938.69","789406286850.563","668416720111.247","546222460227.647","645085197889.932","909684144567.505","919953784643.43","766618006223.741","725594384669.628","1066219842472.63","1038309318011.79","1550374872340.5","1806112247296.04","2440219086176.39","3655083500778.05","5190477478548.81","6768108982116.99","9052712289002.35","7426521452805.15","8304122787547.5","10251006546124.3","10980946719015.1","11127710214962.8","10090601222392.1","7361672750320.15","5205007694004.23","5430229854620.14","4021508856993.54","2835269680439.99","1411388432536.05","1408929828344.56","1684486636884.17","847890265175.138","80396942241.6233","",
"Albania","ALB","GDP (current US$)","NY.GDP.MKTP.CD","","","","","","","","","","","","","","","","","","","","","11104191639.5789","12722372889.0629","13095184076.979","13237659524.4755","235461555493.274","240495968325.97","265953084828.5","263857541090","260110103750","285699854243.5","257167398322.5","139346471338.099","85176470215.927","151243638611.946","240905330856.461","297046283384.744","382865692829.604","273770942368.935","319620508732.09","398558416862.559","424073238517.879","470377411381.608","512039548648.601","651406992346.107","833907024242.684","917035392703.196","989564147655.667","1155613573650.36","1352643960247.92","1229490589593.32","1191462178633.55","1225398599340.23","1111539845383.09","1087479641555.95","1032341655116.65","808686945996.551","747991459505.456","690500240500.599","667546144861.658","554106844751.933","407797155782.329","378785162664.563","303164395623.094","233193791007.738","27177735527.5667","",
"Andorra","AND","GDP (current US$)","NY.GDP.MKTP.CD","","","","","","","","","","","8097693724.68502","9209044068.07116","11681375189.0815","15535611265.9635","19215464013.2882","22672340828.0414","23410107745.2252","26162901139.149","31725524288.8848","42390983682.9857","45978818796.8925","40064038492.8544","38718279916.3638","33769140912.3252","33997405402.1217","35714268804.5013","49645826754.0229","62964726377.0714","74306873512.2503","81933407584.8511","105988866597.423","114011656179.113","124630282440.96","103727097417.947","104807315262.822","121410449540.903","126070520624.324","121604098964.573","124830179743.039","127709899599.635","139113001157.437","149701801220.083","171904126606.973","232789537825.069","284633398311.324","313136642732.145","343009965880.959","391297318277.778","400519383542.087","282293482845.563","261595808852.781","271476185851.273","244174553119.341","248863631488.518","188148353850.713","159476807547.066","164627592539.648","159229492535.063","141753593862.257","113574802257.986","60711091440.3707","69848150540.9609","53918275105.1514","37621098362.6518","4039844390.22543","",
"Netherlands Antilles","ANT","GDP (current US$)","NY.GDP.MKTP.CD","","","","","","","","","","","","","","","","","","","","","23671999628.9058","26981338591.9544","28209318847.3791","28770662875.1759","28377338426.9033","28130669334.7931","","","","","","","","","","","","","","","","","","","","","","","","","","","","","","","","","","","","","","","","",
"Arab League states","ARB","GDP (current US$)","NY.GDP.MKTP.CD","","119982505144.815","121966024270.559","134177745834.935","148869762637.247","267704091016.323","283503002161.825","306000657275.205","2984310670292.48","3283998817480.25","3649345785917.33","4227968274224.88","5059294916604.96","6447682712613.54","12284486480419.7","13614948003237.3","16919517158963.8","19536620598301.3","21500364748975.5","28992158756009.6","39217003479291.7","40448181264457.7","37742757453686","35486030325089.3","35919565024488","35448937037084","33736278200445.8","36216151345485.5","35372010352066","37317369113868.4","50346484453861.1","44651831007889.8","47161792679709.8","47832312536103.1","49241171860454.8","52926174144424.4","58279107909307.7","62095105191677.9","60137231850678.5","65774321959925.7","76021897102487.2","73780965086621.8","74388491282927.2","83522416248888.2","98262479820319.9","120541286267897","143094109723293","166857375439011","211355097339703","183087982952459","210682482465243","235723492971429","240942331687686","239342559696855","222682344269214","177974006937600","157126845250490","135943317325923","123292619966675","102359342362344","68246713742123.1","61664917971674.9","57545033581956.1","35134175305532.8","3704768275595.84","",
"United Arab Emirates","ARE","GDP (current US$)","NY.GDP.MKTP.CD","","","","","","","","","","","6859867013.28789","9398935996.26176","14150869292.656","116481039788.207","320753393607.506","1700664339985.72","2217180097744.19","2857811583326.43","2735592001288.14","3602713983577.61","5042942812260.16","5690522475173.44","5370436905043.74","4918886942084.07","4817070011929.46","4681702965772.13","3890003342889.96","4184494008775.27","4171947634579.32","4777354946249.95","5847079540084.8","5937418948628.81","6234892707486.09","6380957503322.94","6757679111503.57","7493661686884.85","8255277580446.56","8839526026193.52","8470463300178.1","9268405237197.31","11494688406330.2","11368431412901.1","12099909892799.4","13512425188161.3","16048457575617.4","19412993054147.6","23073418755045.8","26506018934814.3","31954975704324.4","25959592082435.8","28518482291092.5","33442677242879","32798210864973.5","32240394562330.5","31615022916904.5","25753673036195.5","22642816237060.5","20454519214904.1","18605026356495.9","15081589725838.7","8434331117222.21","7887453850055.61","8088444154258.7","5101476401223.2","537078829135.466","",
"Argentina","ARG","GDP (current US$)","NY.GDP.MKTP.CD","15865474315.4056","20132220374.9093","2659004880945.78","1991662260526.95","2790971447590.56","3174607062216.33","3206613184464.91","2716746758010.8","2960928013970.94","3500703870610.83","3693230151658.6","3928880662590.9","4118766664186.34","6243250197419","8671835170676.87","6283123073510.98","6141351613435.53","6813916540500.41","7248879760761.64","8309945125385.88","9235455056117.1","9441256724922.44","10116959701829.6","13245465519552.4","10772970325046","11226973579436.4","13965247866338.3","14057533791477.7","16045074522179.9","9732817447726.14","17951637166328.4","24085605393215.8","29053376354239.6","29951822205622","32292804460904.6","32079705115693.6","33539285632436.9","35777889209410.2","36188399095096.8","34038244369054.7","33837145174698.5","31721419068216.6","11620798661041.9","14889855996356.6","18724490017810.4","22216199535978.4","25619624895984.4","31125851618883.4","37974523691716.2","34247242361847","42167662999968.7","49984585315852","49727973737570","47942781711603.9","41197025681640.8","40870924179152.2","34982245560511.7","34046296833196.5","22970958923617.8","16130987902913.8","10424115676810.2","10241051312809.6","10112984964683.9","6438817307806.28","633266692533.689","",
"Armenia","ARM","GDP (current US$)","NY.GDP.MKTP.CD","","","","","","","","","","","","","","","","","","","","","","","","","","17386360562.5515","18708797199.6309","27511944811.8591","30305445682.6","34814341413.9639","317394218255.539","284664884604.485","176022753687.635","158006922620.364","171847552507.592","189055885808.028","193231224369.1","198366803722.608","227253929889.747","219611976230.514","225566991320.729","247860044214.884","275635720332.72","322797020736.058","407209051818.601","548858518583.745","702317929293.08","994218404224.814","1225786551802.54","882008590071.275","926924742019.863","964023416018.865","945702554605.798","938428749498.42","903637694421.716","749077674638.352","664518361481.501","611037494918.037","547950608640.573","490936605431.43","341334696584.191","291316639736.388","312183713820.093","241363036078.271","25786585949.6346","",
"American Samoa","ASM","GDP (current US$)","NY.GDP.MKTP.CD","","","","","","","","","","","","","","","","","","","","","","","","","","","","","","","","","","","","","","","","","","","33356000000","34174000000","33199000000","32614000000","32159000000","33746000000","36514000000","43989000000","37359000000","37202000000","41752000000","41568000000","41741000000","43109000000","37743000000","28756000000","26163000000","17447000000","17214000000","14004000000","11323000000","","","",
"Antigua and Barbuda","ATG","GDP (current US$)","NY.GDP.MKTP.CD","","","","","","","","","","","","","","","","","","9013675842.96209","10215638216.7261","12655186658.521","15237351989.4442","17179937716.9849","19070675899.5624","21177622369.8187","24161182958.9807","28016697671.0379","33945875600.6875","39506634084.3329","46714540175.1729","51470097844.1557","53990596324.0885","56659904129.609","58676167284.1517","62571589003.2099","67485628380.7715","65926643631.9678","71219449690.644","76470977966.7736","81191792197.2975","85456743991.2116","93195185828.3216","91722652429.4194","93262242019.4454","96543857846.8344","102963376120.328","112917857033.446","126164059050.501","139753148371.661","143865912556.586","125821094123.749","116089960577.482","109647201283.744","109794375481","103074400895.778","99477035471.8518","96281797100.5926","91674489428.1482","79266882726.6667","71471145382.2222","61163888888.8889","37797666666.6667","32855711111.1111","29552177777.7778","20303551851.8518","2224814814.81481","",
"Australia","AUS","GDP (current US$)","NY.GDP.MKTP.CD","2056947126611.22","2171103351814.23","2211238725823.29","2396072874453.15","2647100780546.05","3136220950323.13","3318966001518.85","3677714168624.54","3979268850851.95","4454231638376.52","5082549166547.09","5582399231814.51","6452243254370.64","8102888783240.27","11136178649348.7","12148006636500.6","13107157339018.4","13657894072221.1","14834020108884.3","16830174429543","18816502761943.9","22128385927841.3","23833783219616.6","22034023421428.2","24019338445659.5","22241736392662.8","22567961014982.6","23883350522255","29862929297733.1","37202777389611.6","38522025449452.1","40201785938720.6","40096816201713","38522568153582.3","40015855457502","45288837200566.2","49096697349592.7","52409356979609.1","47583480536513.9","46454304464300.6","48734612521652.8","44227064147935.7","45930566241489.6","54092469338480.6","70024566493612.9","77746127761391.6","82106787729184.7","92010974566066.3","110579353956314","94550869184327.3","110974306260096","132308972413483","138754884585117","133574212200173","114180383292126","95769632727906.5","76065807425207","70342965444357.6","62952076882461.3","50175402492015.6","35876575856149.1","32655082261160.7","27022102005157.8","17263652761512.5","1752193307380.34","",
"Austria","AUT","GDP (current US$)","NY.GDP.MKTP.CD","777152394756.805","861944535920.607","914493839773.656","987223684857.551","1081029504204.3","1207916008653.68","1315920909706.57","1399527914289.18","1503614640916.44","1641661480068.5","1879436941814.38","2183336648343.92","2696916994336.39","3608426496854.54","4337186803864.54","4937420610184.06","5294947999966.9","6351816742455.26","7645431465642.41","9107979897550.65","10108988047954.2","8749458445128.72","8777168837443.76","8880170291330.03","8372073922017.56","8544163685639.73","12193467388092.2","15288102869227.6","16419664889474.4","16391388657458.5","20512424493284.4","21420760995211.4","24055231966466.9","23472740147499.7","24916400636582.4","29485939558267.2","28792382466409.7","25523877519407.7","25967451931076.6","25632330282296.3","23046458872301","22874023632633.8","24541667354246.5","29819470749201.2","33972001830102","35007247791745.5","36571273402468.9","41544769833119","44767712551569.7","40421566539252.3","38871132919608.6","40717109406812.5","36673883054275.8","36452456155772.4","34369121833906","27021191007667.5","24792635337429.9","22092795798177.2","20011539293244.9","16008723456892.6","11718252784097.9","10074245121530.8","7541435464511.21","5134247799533.81","521642466921.745","",
"Azerbaijan","AZE","GDP (current US$)","NY.GDP.MKTP.CD","","","","","","","","","","","","","","","","","","","","","","","","","","","","84040284252.9308","99297497505.3868","98952824841.5829","1053587444361.94","985707541626.438","508344555923.677","434143519126.433","353283102285.05","358766571279.219","388500002279.109","479709942515.465","532780513031.093","544566397904.431","622165286766.854","667673600812.648","723225377447.832","836466697439.049","989256023830.204","1482119210205.28","2306097847641.56","3563998089711.21","5111084757761.46","4512658625588.51","5283474717831.41","6250139882495.06","6237846207429.87","6290628086587.09","5868287143730.97","3768093110290.47","2385447339322.97","2164831831407.88","2071574607364.8","1733133176470.59","1152196058823.53","1150317470588.24","1260401058823.53","723634058823.53","74315882352.9412","",
"Burundi","BDI","GDP (current US$)","NY.GDP.MKTP.CD","23127998952.0234","23953999175.0285","25193000633.1262","27464499792.3552","30768500838.5757","19079395518.9015","19853348624.8826","21395657059.2816","21983999998.5396","22824685685.388","30341473803.6955","31605158900.9586","31097362377.0589","38346698338.6474","43848572963.1531","53465346560.1036","56948381668.1011","69536908938.805","77498568570.805","99377086224.1038","116805206560.104","123068786592.104","128680199352.156","137531561746.265","125367147495.638","146047430897.588","152619061374.173","143696344803.167","137465198705.714","141468291626.418","143794454966.926","148265012407.266","137593579420.425","118438567573.671","114905281599.158","123342692896.479","106571776745.702","117580744528.351","107132535723.145","95504319162.9559","98655832844.5827","97729392194.5122","91466575766.6127","86316015812.6892","99477112272.0871","119670531940.855","134389794378.498","141368304876.559","164831324581.768","176918875453.502","200852565057.646","218006480872.816","215977867305.195","218388397806.847","223074879119.383","219879141522.686","179888309195.611","159212033797.764","124842967126.61","98158638727.9767","74204842272.1188","58556278397.2376","52623640793.0879","26408846619.4723","2162378759.3467","",
"Belgium","BEL","GDP (current US$)","NY.GDP.MKTP.CD","1373621212568.75","1460789628404.22","1562481330050.8","1679890078785.85","1880171709766.68","2098100026287.01","2252767009628.78","2414621417330.17","2581830618595.72","2863776096601.5","3264562951950.64","3645671379420.2","4548437220045.05","5836081753693.91","6905578803087.8","8093883515052.7","8763608740318.3","10208335181628.3","12476345413797.4","14332622632023.4","15626520521996.1","12898694400986.7","11343978238675.7","10739033402342","10264807961335.4","10627508933248.4","14788859418148.7","18412277298035","20001602646004.3","20238174506100.7","25308097784122.6","25947507836084.6","28943234863148.5","27695151060082","29943663816908.8","35222818629541.8","33928689460999.9","30484301885131.3","30937160140808.2","30627912525401.1","27783963055370.4","27550704142145.6","29728028995347.9","36338347337362.2","41846405842037.2","42957135958278.6","44703012795872.9","50551384662945.2","54088983069353.8","49119812822034.3","48000367484032.8","49750508643788.9","44641047728774.9","44309325395659.9","41615582757058.5","32595704933299.3","29793068984324.6","26521889392173.8","23863460604395.6","19246804741506.6","14167255479425.4","12561983355601","9381383701053.73","6397435366825.8","664564181486.953","",
"Benin","BEN","GDP (current US$)","NY.GDP.MKTP.CD","27143472877.3983","28280190429.9207","28372194604.3086","30471323664.5646","32378283623.028","35013814668.1672","36609385217.3795","37020207834.3199","39514382894.6171","40030424722.3942","41980703422.2355","42141917374.5702","51691029513.9746","63566795287.4668","70458074949.5507","85961556629.289","88694678366.168","95257446876.7781","117965436580.99","150651560398.78","178462025926.014","163972418842.239","161005896208.049","139108705080.706","133493648887.449","132805708719.166","169685703506.46","198432388633.416","205806699613.703","190790574905.606","244777656145.011","248468979811.777","215477951960.63","280814491596.908","194871439233.493","259722088652.09","283315274834.096","270967310462.805","290994061210.604","344854987183.327","326320992713.601","339121063149.122","385724965768.842","488429694931.756","558703478468.207","585282819718.309","620487743602.29","710939643594.47","832484668202.161","807831951300.958","782061009909.432","838490964869.413","834960111348.365","893840878104.527","885646057436.462","704012106015.409","660403607648.75","618161182100.012","600054664577.211","518085070933.349","422873294691.806","370027693435.109","278531425833.814","196746675118.364","21482643720.2743","",
"Burkina Faso","BFA","GDP (current US$)","NY.GDP.MKTP.CD","13002439842145.1","41790180948.6162","45288517259.1457","47015448724.9026","48958038105.2695","50790677154.3475","52141394343.5841","54185848169.2201","55438981960.4317","57561087039.6785","56896336370.2847","59848158438.1951","71893243912.4307","83880346908.1312","94123720976.3338","117758244995.973","122337327591.142","141720870458.738","184864104637.281","219049503246.018","241622910614.376","222477079335.228","219794288419.355","200481589866.813","182892740337.999","195493628536.605","256684733612.243","298512705235.914","329546004502.217","329005454830.15","389558759525.463","394325316890.541","316801994429.062","317766447242.806","233170361478.392","292707634125.916","316453035595.738","296743671800.353","335463618818.852","368474483078.541","320882706052.334","342330508750.024","388213042875.071","503468105107.229","578742842103.4","635749049775.736","667437674535.297","761663660535.116","913675929619.606","889599153826.39","940046685818.22","1061642793674.19","1049918928354.57","1069873010337.16","1023300817108.8","798766369642.679","769767725894.161","720929787552.55","688587771746.761","577296026269.437","479801984259.662","413586695341.133","301316242702.303","203246178423.03","23250214909.5391","",
"Bangladesh","BGD","GDP (current US$)","NY.GDP.MKTP.CD","440314075223.938","496210761363.902","523385576733.693","547904212862.79","554763628428.357","713065986696.538","777417426372.248","875672284534.21","903451831929.823","1022643997139.45","1118946441688.86","1088974333815.8","782074138831.263","1005083883934.05","1566685819728.02","2436428422330.98","1267147353600.46","1209389689467.28","1666185857586.06","1952665302774.77","2268451336763.8","2513718746396.49","2298441058813.25","2183075529582.26","2403998179287.44","2758989404189.4","2701737742597.74","3023986639865.38","3291796323153.93","3521333214800.68","3893753236517.85","3885762421576.91","3978053491025.37","4131636829575.26","4163289273810.95","4648277762562.82","5400916479460.67","5580586097469.09","5749259386090.82","5869563829636.28","6042779998555.12","6043503683129.76","6075966223127.12","6612933442093.38","7115336713310.22","7465265470634.25","7622218827336.41","8305531248607.96","9343009662098.54","10190338910640.3","11258722250633.4","11998766825189.3","11863108441270.5","12688871446883.9","13487880887240.1","13851264587832.9","14869282823393.3","14159597051318.9","13051582854571.8","11914484682130.1","9794606685306.1","8741629998145.03","7362523686136.03","4374153312387.24","450119424622.389","",
"Bulgaria","BGR","GDP (current US$)","NY.GDP.MKTP.CD","","","","","","","","","","","","","","","","","","","","","2511566473799.84","2514607926774.23","2464355617311.14","2110369432552.99","2206119805405.64","2185578449841.29","2552114207322.03","3560079549623.4","2868393249813.87","2756287731188.36","2625250217398.44","1396265239881.6","1324420364553.48","1370590237345.69","1204404586881.12","1866608520005.26","1299369784199.41","1319416732858.56","1706601591996.86","1596531922201.12","1542281584044.57","1642286301019.9","1879251330318.3","2402143950708.26","2938193593618.13","3288984855395.21","3725230250722.96","4723970081414.62","5646602501262.47","5217240585195.9","4990179194970.39","5395550249471.41","4827975814887.48","4719028457136.68","4434398183090.42","3578961037261.11","3373107766211.68","3111501873185.63","2908103610676.42","2472199446034.51","1895412010019.7","1759689694283.65","1443267880732.39","1020772644090.32","112211952703.831","",
"Bahrain","BHR","GDP (current US$)","NY.GDP.MKTP.CD","","","","","","","","","","","3915773643.78153","4221815621.51637","5340811836.29962","7611325449.05616","10421768831.3012","10991076004.0729","15817095191.0899","19890602830.6986","22720429657.0376","27101607396.2589","385225956716.338","434762486410.74","457069111093.615","468272438084.321","489645450882.367","457888668164.098","383486195384.455","423925591475.126","462639302323.542","483407012431.934","528975170437.104","576973687069.793","590225522170.966","649597038629.434","690266950202.214","724831206708.625","745805854277.248","775020708526.9","748867790513.391","790360321422.359","1035210226477.28","1018395984684.97","1080701360447.87","1226219967472.79","1435143437632.13","1731973144631.73","1911121313902.84","2204557923789.71","2609198933195.33","2294342062644.15","2432713238856.32","2576118747241.35","2680648217645.09","2781802738560.83","2617700984042.64","2221048111702.47","2037818590425.53","1888392313829.79","1671641914893.62","1401028547872.34","839048348404.255","832315495212.766","723715732712.766","449411595744.681","47736702127.6596","",
"Bahamas, The","BHS","GDP (current US$)","NY.GDP.MKTP.CD","20375906651.6597","22811133388.1951","25469883462.5221","28528622209.0287","31999114528.9409","36346612550.5419","41180666980.5735","47260396558.0403","53886351699.3692","63967779182.6211","66232994116.4991","70528199808","72680698720","82520698720","78417599872","73928799872","79620398976","88411999872","103217599872","141335210760","165577198720","176885998720","195709201280","214867200000","253096401280","287766787960","306589998720","336535986680","349419581312","378166998720","391524298688","384928959552","386645899776","386957799936","402829001088","422181398912","438692001280","638299649348.543","689560685383.974","772341494729.348","814288603382.894","823087863497.542","876567474929.206","877297803502.864","845606445583.301","917919792491.766","949953526812.643","992587519659.625","949549801722","893825678303","904437086000","864622342000","883704926000","812710940000","807437652400","791903942128.225","727510800000","650189700000","520572700000","474170600000","270484600000","239565700000","209508800000","144317800000","15832800000","",
"Bosnia and Herzegovina","BIH","GDP (current US$)","NY.GDP.MKTP.CD","","","","","","","","","","","","","","","","","","","","","","","","","","","","","","","77534782608.6957","61229591836.7347","47350447072.3969","36306689498.3246","149440493969.379","222122193560.49","331268898472.066","436709345410.566","491179137154.817","557844286476.747","642205061566.935","667584624070.95","766881937896.809","959027999735.727","1152731113888.51","1239728326943.52","1396214560227.69","1687063412221.01","1989556155686.49","1782380291605.72","1706262526023.11","1762103173456.53","1546425005686.11","1540747490995.13","1445803444949.87","1152951549445.42","1066647940989.09","962636122067.892","891539184664.361","730955580202.288","542582977484.909","493863636100.613","392350878246.293","273385831219.603","28343394203.4694","",
"Belarus","BLR","GDP (current US$)","NY.GDP.MKTP.CD","","","","","","","","","","","","","","","","","","","","","","","","","","","","224328464597.834","261608732406.042","302764542740.143","2453538690693.26","2196717135900.28","2127483563862.47","2035133297718.25","1916178036391.53","1747925593888.43","1826679879151.74","1743475627417.17","1854622466382.31","1472540263983.65","1518806613514.28","1445221200012.99","1692645640370.5","2049475906908.14","2637697469741.28","3381503335395.86","4065460172652.89","4888328616237.68","6378384243088.66","5098025075322.21","5660267322861.79","5797495941672.34","5854053815833.95","6356684349629.12","6107057267527.43","3993522591333.68","3003623798154.67","2897973277449.08","2638792577532.39","2306792214907.54","1650589994603.91","1455833729198.15","1174512544776.65","719195205080.885","75961865471.9129","",
"Belize","BLZ","GDP (current US$)","NY.GDP.MKTP.CD","3368659371.25731","3595759688.34708","3822865319.77089","4049965579.25959","4343300867.21011","4849103383.7522","5373788211.06647","5733727621.07367","5435567474.76645","5725464431.5604","6708493358.74683","7459025551.42466","8322592256.31488","9870137425.90562","13108086587.9425","14997648845.6154","12312147190.305","14941700000","17310100000","19278600096","25240017023.6121","25036184040.8936","23301909310.4077","24569130624.1681","27403759909.8045","27174343657.2527","29593221141.9542","35874235606.0125","40843327867.1312","47131139998.8936","54830874584.4367","58794992969.4412","68249697336.9888","73258917473.7677","74852058981.1164","79786929137.0598","82186409042.4999","83206848087.6284","87001456264.1225","92008807983.1224","103710272120.748","107512974162.701","113839558715.117","119739212888.71","126905964412.421","131317982740.313","140700848045.962","146591567530.461","150223982855.648","142803210910.498","145934856693.24","146887275885.242","138872765336.592","144428143103.948","135155346955.453","132451550666.518","121174205294.418","105937501295.915","90941156328.5338","78238481447.577","52442388759.264","50024172783.7081","45365998538.3847","31527100000","3515783328.91079","",
"Bermuda","BMU","GDP (current US$)","NY.GDP.MKTP.CD","9979131923.40547","10544248439.2869","11123148366.7781","11385031627.3201","12708231461.457","13736990624.7233","16119938031.4617","18645643317.864","18150000000","19952900000","22918300000","25969100000","28958400000","33153299904","38768000096","42786200000","47908100096","55435900000","59007800096","64142100096","76060196160","91661603904","97416104000","110301499968","122244496128","128916603840","145519503936","160750596160","175439803840","184684503872","195865200000","201092697152","206627702848","223535991168","224105648768","243742545792","315810685296","342534091534.784","331859287616","352390318960","369151876622.68","389955232170.814","417191975285.398","443616748793.903","475202167424.998","515847631749.123","596854102954.941","652414296776","650870006000","613267770000","585858970000","523963544000","513564078000","463294852000","205247616000","212945312000","220797152000","228554112000","231213136000","238218008000","165147434000","151654321000","123615701000","49287742000","8980200000","",
"Bolivia","BOL","GDP (current US$)","NY.GDP.MKTP.CD","58905872742.8143","64074439106.28","70058402631.5534","75437394497.9155","84998585559.1806","96118379481.3041","105508919256.519","116282685932.183","108001581501.501","115520592855.811","128634765742.596","138738079222.61","161586883063.846","157499767396.405","253625362633.759","291456004271.828","331371669702.16","387750794379.371","450233793503.166","531071979918.236","544904033484.778","696525850044.287","664417410941.185","640310242450.854","721776451151.841","641430943785.323","502324382860.695","550671462143.244","582846816344.068","597627999544.73","615922306728.989","676536008548.794","713768240478.848","720910381402.008","740252614782.994","824745724580.058","895126635178.071","959054973859.966","1019729866842.06","985939067392.007","990777544813.826","952150205597.421","916865203537.854","929291793306.535","1000049895730.02","1068853870731.84","1259120589019.42","1416980491650.77","1750809745332.33","1768679347089.65","1965239415571.18","2277636839535.65","2436864036251.86","2605461975413.27","2577241795509.75","2343790506466.89","2136943643513.56","1987958034905.88","1772656507437.54","1472231622577.26","989011598115.474","848545120231.295","701314334441.92","454211719672.633","49668296743.8495","",
"Brazil","BRA","GDP (current US$)","NY.GDP.MKTP.CD","1650684426936.26","1695420184190.23","2160126580660.1","2513839359180.91","2307811387514.45","2451899171925.93","3051716353090.8","3434668066742.79","3795016023920.63","4190526740993.23","4952268170238.7","5751155118421.05","6847059454675.19","9349038131994.49","12379713816202.3","14567017453139.9","17871307547078.4","20614697855766","23484616900467.9","26258950325620","27537535912312.9","30741826038143","33331700543087.2","24193807409135.6","24705468436471.2","26361327422412.6","31769866923104.4","34872783201760.8","39015335270138.8","53821518669484.7","57856165098376.5","60492280199020.1","49010327290547.4","54201685411842","68249989789644.7","94142968905928.9","102491646158345","105689583504389","102242530106320","70560927639745.3","76561642360171.8","64910060989344","58567265432952.8","63744658744719.8","75864779338187.3","99370849174291.5","121140804373498","149702895944236","176691744450532","168705616634021","219165268405715","246148146502203","218993936736184","208139059785795","190706692550997","127809487886007","113124745853194","109215973576913","85561113476038","67163737491350.9","39528927237713.1","34649118182950","31039813440886.6","21754122669120.1","2179412080828.59","",
"Barbados","BRB","GDP (current US$)","NY.GDP.MKTP.CD","4820059015.10612","5141825326.48415","5347755813.60727","6017029601.28996","5978417740.145","6440608400.52987","6941835780.03438","7699265301.09205","7710436685.28942","8670731420.9023","11100102029.242","12477269514.7948","14273400101.9464","17415169300.3542","35010753648.8924","42669336932.2353","46248071910.913","52528900165.0023","58659811876.662","71122160796.8705","114873733575.155","126545571196.675","132209266502.128","140378993994.686","152991247885.979","160132348712.284","175799329888.443","193586816420.274","205900041042.564","227822698109.689","244601676026.156","243546766970.252","234431648730.45","243688747563.936","250190343431.454","262552182954.033","274389924977.703","292916819562.456","326963992890.572","339978912325.855","349873377900.664","346607581912.898","346971070274.681","358864351121.286","377744945872.045","413449692450.861","439612142736.315","464581880238.241","472533945260.291","448211612417.997","447045458795.787","431353650064.022","404780507664.075","360559625295.086","361806728585.497","332257177925.012","301212404411.129","264375060984.584","212424393626.279","192910413646.506","128105862823.519","105066256300","94920109343.9137","65898655958.4538","7165000000","",
"Brunei","BRN","GDP (current US$)","NY.GDP.MKTP.CD","","","","","","12544415129.2599","14603409593.8531","15293334510.4876","17690104660.9312","17733225080.6121","19698792185.0967","21727591074.7487","29790108815.0642","47640176898.0406","135231158901.217","146996907153.246","179134285578.754","217884946269.92","244003558999.441","353093890244.866","621549978976.597","549334502563.718","535310335001.183","481935249497.757","473110482079.2","439645179666.667","291300408168.465","340752192089.676","331249903699.539","367375328998.802","434765843747.057","457293033964.753","504411987075.713","496786818810.204","499199462485.436","580063945325.031","610465658988.524","614044659643.159","477769724808.336","520084185560.15","666178484882.221","621840174318.568","648408133429.173","727888703176.081","873533674879.481","1057817894547.86","1257619636107.82","1231874245803.67","1448514428639.09","1080323850755.69","1264752934416.34","1656155789053.66","1666174589995.15","1502290352931.55","1334435622070.94","928302985345.453","718239683283.44","642790532495.436","596956585327.878","484896239180.277","324187559428.945","294136794887.181","266904568859.531","151249721404.524","15463134387.2013","",
"Bhutan","BTN","GDP (current US$)","NY.GDP.MKTP.CD","","","","","","","","","","","618121130.553153","662894503.261869","701398668.005883","789002893.142115","929017845.135807","868207624.837262","884612627.634538","978844337.840446","940862276.266315","1053779951.9581","15218586514.104","18198899101.7734","18701595802.9851","20695444281.5413","21226981536.2108","21707947014.8737","25259973774.9538","31658247078.3337","35109928153.6435","34158637497.6778","37149665941.7185","31219590787.8168","31251280157.1372","29255246477.5576","33073774124.0837","36777851250.0608","38206124054.2878","43905759879.604","44805794851.9461","49221934275.3734","51789687114.2531","55590543793.3091","61967557047.2009","71161985623.8974","79736364091.9597","91381330570.9954","98643684356.8509","128438141346.395","131930810416.997","128754419151.341","157958044199.835","172604313188.076","164114024724.209","153062766742.394","151931495159.051","145294135929.401","139290830191.599","132614684488.919","109787083083.069","83700485923.4461","64704937444.2212","51229353524.982","28982277312.3256","3019253885.46989","","",
"Botswana","BWA","GDP (current US$)","NY.GDP.MKTP.CD","3672436461.5889","3975093954.84665","4304210707.28574","4602944100.81193","5032188216.82135","5581058849.26936","6269552259.7281","7126580640.4283","8043040453.56003","9398540317.1958","12089791059.6247","15941813448.7005","20673103031.2554","30479038043.8216","38802123028.549","45014026673.6793","47305147760.5784","57177169746.1264","74541346163.5714","103422896842.263","134447833568.523","137047920980.425","128902140539.505","148418776461.978","157822743120.653","142104306823.357","176422033228.044","247237109698.17","333546566062.409","389623090128.317","477472297705.585","499372829645.845","524001708671.232","522917706590.013","530536540922.61","582914609212.841","590440709133.518","612296090797.085","585223038231.552","656642218053.507","680835187524.656","653042767466.788","644148936023.368","879201708899.385","1043886284705.75","1120759757823.19","1129535864624.88","1198882295962.43","1184470632695.13","1058002472790.36","1308444221844.26","1475213876749.98","1310776709043.19","1253942238120.8","1243806665966.82","1002561031762.16","969721288061.613","891213363899","781065355235.123","621026826371.557","406545950665.717","388003166233.219","325342372608.388","193974749962.397","19400774882.4495","",
"Central African Republic","CAF","GDP (current US$)","NY.GDP.MKTP.CD","13458673063.0059","14776151658.3037","14937932436.9517","15525494394.0264","17043010493.7274","18185904036.7773","19086092166.7632","19804387471.7477","23219348773.0932","22758404288.2314","23750332152.7777","25288465543.9969","28956955225.1364","34094118079.665","35826223355.2809","48077106817.3431","57279329754.2377","64403763018.7539","77510334189.3387","89040539851.063","101225096463.4","88240391185.7351","95035754257.2368","83652213322.7751","81003041583.8476","109011295133.379","141769450874.369","152085436612.487","160411043739.655","157466334918.867","183851054964.094","175317786059.802","179630643325.202","161587623365.154","105802816193.367","137463376990.372","125077867992.442","115630821839.252","118646999031.825","120546522702.439","109076683470.505","109933548026.952","116341195718.48","131626725518.815","145150999855.787","150592362107.998","161229819658.984","183509489003.475","208595322066.255","205750381531.7","205602825633.679","219429976614.268","210495752744.241","136908153252.817","141559077754.694","117093174157.044","113714154206.429","108987964398.171","98193870387.7795","79951939005.1966","62910637301.8266","52846466094.0313","38121897841.2888","25554920853.182","2751544520.37918","",
"Canada","CAN","GDP (current US$)","NY.GDP.MKTP.CD","4411357500150.28","4492092205760.33","4628721043412.96","4928636472009.27","5398861490040.39","6542908026144.13","7328001556420.16","7868465226070.66","8600065994505.83","9470246912223.68","10733325170399.1","12122845084542.7","13809077886561.7","16036944571396.6","19748231134453.5","21400604727343.3","25433480442826.4","26051230047261","26915618412715","29927667710105.1","33717168355295.6","37699224392888.1","38604922324737.9","41902128065871.3","43668012973705.6","44787339302982.3","46376036619923.1","52993950884437.9","62441982358479.9","69573661827856","73065398498120.3","75050301258826.2","72793290979030.7","70874968139621.4","70427254719162.8","73605467157529.7","75969287826313.5","78308365962917.1","75192651016646.9","79852394365773.9","86906869373034.1","85400099486209.6","87120782955347.7","101789832163185","115701153151670","129970787500740","143759071340912","156908415858332","161622749200745","139370140396237","160907100608849","169584327203314","164274296416715","156597458998720","140323841024183","110434160071584","96346406289061.3","87425475185061.1","75717310500879.5","62687844498440.1","44551464749292","42057051940707.3","34524187434872.8","21446036513236.9","2241253230970.34","",
"Central Europe and the Baltics","CEB","GDP (current US$)","NY.GDP.MKTP.CD","","","","","","","","","","","","","","","","","","","","","","","","","","","","795627650125.476","823636474127.925","889973865463.239","21053064161299.9","19538761173697.6","20733178683105.6","21833159738872.8","24774510775252.3","32665377523814.2","34726552303493.2","34346767176342.3","37605844105632.5","36449948003835.3","36367499255940.9","39341516208800","44303634683374.2","53230995179453.2","63990235629126.5","74327898398656.9","84058596964649.8","106048331850890","128146966614064","107804056965569","111570013773058","121504989965521","114861644571863","119240108323398","112679591630522","90210577302546","82910490301644.3","77387685084020","72369920359029.8","60229393102109.5","44928443728776.1","40117059013817.8","31181756785230.2","22624631768429.4","2455559190577.36","",
"Switzerland","CHE","GDP (current US$)","NY.GDP.MKTP.CD","1131116586618.17","1272465330622.38","1422991609081.83","1564770704292.21","1734494279543.13","1878539445002.69","2017264973389.3","2171491174879.02","2318711425245.32","2512377682525.14","1352687725627.63","1570575022763.5","1926313519518.67","2590591131470.18","2985490645484.99","3422729018728.09","3580110743051.65","3823707244018.55","5347457470147.66","6010904719443.89","14462418664705.8","13250373746544.3","13565683006603.1","13523869323896.2","12903833032877","13084209511624.4","18759708771730.9","23490094769152.4","25406174544257.6","24520809901054.8","31303360247516.8","31695029734590.4","33007797689331","32095883735714.5","35273176486889.7","41300187404754.8","39506595644669.8","34043906713345.6","34763350690689.4","33901389015513.2","31490424663181","32010297379000.8","34446758739161.6","39965004969865.1","44277087814918.9","45019451891662.8","46636494774442.4","50984559878313.7","57504478618232.5","54744832870829.8","57977017453919.6","66266069487367.8","60308137147070","58852853116436.4","53590219449987.8","48560743546982.7","42698201216411.9","36510913265980.1","31659272567726.2","25887308183240.7","20094899543586.5","17005789567715.2","13072745635491","8858888441718.88","936564198048.516","",
"Channel Islands","CHI","GDP (current US$)","NY.GDP.MKTP.CD","","","","","","","","","","","","","","","","","","","","","","","","","","","","","","","","","","","","","","","630240640614.945","663852696171.145","682607062274.39","660690085122.098","706347755869.551","777219604547.595","906687762657.323","935691043667.256","1025675519739.57","1220551482084.07","","54604534023.0671","53412422688.3051","57895883628.0887","56732040896.9913","57564965457.9609","63170958183.8026","60659813065.931","148371150775.719","148485870039.959","162457678096.719","162170209611.203","152713492365.665","181909953573.924","112763071389.026","75047562880.3978","","",
"Chile","CHL","GDP (current US$)","NY.GDP.MKTP.CD","498721653629.264","561837818583.011","658103754344.068","668999059591.835","707314807315.812","732088799435.13","853052378127.524","843634000046.587","862533410180.204","1001062860665.43","1136448414532.24","1357827677718.82","1479354147646.41","2046728855284.11","1980117464084.86","942854033011.774","1282498325533.09","1735085422161.04","1993381477136.4","2700865842255.71","3594488771611.91","4264063645631.28","3078097261185.26","2547981606166.97","2467788911080.93","2170614426803.68","2324691547834.83","2736906540082.99","3210378897554.68","3691268566891.39","4087920959293.78","4686270616361","5705317373027.02","6071737254422.8","6906750929779.55","8833421273277.88","9331939397855.7","10111836519497.1","9633483157931.49","8821725183802.14","9169960648660.79","8287272849858.71","8074750068853.79","8738242924520","11266194148293.1","13715175194897.5","16879195046477.3","18585375296643.6","18774205964280.6","17484533270528.8","21736861520938","23891660866348.9","24016265106754.7","23609930692316.9","20273448500956.6","17247188723030.4","15715798747608.6","14672192642342.9","13064970934989.4","10064227201749.8","6846760599277.43","6640137423440.35","4826425353271.12","3355318039120.61","330267137371.592","",
"China","CHN","GDP (current US$)","NY.GDP.MKTP.CD","7214122631133.59","5997712410703.05","5627280614195.04","6056787507395.18","7111947446310.41","8480412474790.53","9238058134822.08","8773410924512.95","8524204886977.51","9589837990896.46","11426252561971.1","12311506704771.1","14013630621308.3","17084853666752.7","17912642359613.2","20293977285249.9","19097536429948","21705666270638.8","18996834718625.1","22654597223085.5","24483826483088.4","24887597449152.2","26000165608809.7","29198072924648.7","32806120305499.4","38860966308881.2","37935884695547.1","34644226834270.9","39751648865888.6","44220607710930.2","45686614729208.7","48530149174586.4","54096622713767.8","56171202924487.4","69500366309359.7","89747320614422.3","104655459875249","115505866112415","122550216214686","129152705824165","141779116013484","155464229946920","169318920214449","189679178907379","221653421452636","254693697562565","300830467741932","380492544567299","479628513100522","517516574893360","605066712022736","713399951072443","764402540689302","811316232211835","815829495934054","784399016881329","706435213962302","650690349044089","609332946671148","514736236728141","397087328442987","374178904080001","287031837989086","178423399796711","18743803170827.2","",
"Cote d'Ivoire","CIV","GDP (current US$)","NY.GDP.MKTP.CD","65544433305.2024","74189484917.4081","77434134539.6597","91325660913.808","110527605369.059","111092008650.563","123770271215.538","130921519950.465","155145853747.501","164763993060.963","183151016262.106","199245381570.375","232977765542.509","316135814131.675","386930720866.626","490619192568.664","587398692626.746","789407177099.037","995485735928.836","1152012225267.44","1282093157758.41","1062507736700.91","953444848689.898","861608784314.952","861073522030.646","879203525717.365","1154792396999.24","1272184898108.57","1292322524143.11","1227865354684.29","1356697239653.06","1328639107847.18","1412392110874.99","1382044064758.93","1024536999321.74","1346039729454.45","1616291174877.58","1565070324799.52","1684163605339.79","1633251189696.43","1393018598621.75","1419663659080.43","1537591294787.91","1845374141098.85","2015536355072.74","2058076348450.85","2125718384746","2384625495941.82","2762231192325.96","2683518927664.79","2693934683100.83","2666146178629.96","2631515010220.57","2932062786573.55","3051299047836.85","2783992143349.92","2703082106787.83","2530781115182.05","2439498408515.4","2135019447345.05","1683009512399.74","1508472051628.73","1122593375837.47","789150818176.487","86538413923.3943","",
"Cameroon","CMR","GDP (current US$)","NY.GDP.MKTP.CD","74094731427.7837","78747812732.2036","83750561706.7788","86654602587.9676","93691171187.7516","98467637376.9115","103143861956.166","113072213842.447","127209319223.48","138088219158.106","145918604764.517","155472271125.057","182023712813.034","225452427320.495","283820009148.648","352418708751.81","385907889754.593","428287556819.183","566891889090.07","740961510897.071","857321664683.289","945243147884.595","912556901016.114","925558382039.404","977987426009.441","1045883318645.18","1382053866426.28","1581741783646.99","1577433535265.64","1409962025689.67","1447098571676.87","1561206822574.24","1463188168197.1","1796648102817.16","1154876441792.37","1146477768775","1237845139248.2","1235899641925.16","1219400394290.54","1266163954770.5","1166253036618.64","1177152111408.19","1317308433081.81","1650218318211.73","1923912161470.41","1974003348940.11","2092961030038.64","2358421919468.04","2664963277783.77","2557408013609.86","2518165228758.58","2698836243931.38","2551300011050.05","2704098705280.94","2701513431356.43","2194383027885.62","2029507265582.72","1879418491612.13","1732401130400.57","1419171955624.78","1098120274865.2","947533209651.919","704616654138.923","487458506257.167","51326764684.8595","",
"China and India","CNI","GDP (current US$)","NY.GDP.MKTP.CD","","","","","","","","","","","301599490048","325307105280","359065600000","436744798208","468843003904","502569402368","487652589568","563239190528","865722598656","1002063595840","1178244796416","1166724115584","1213605376096","1342777683488","1410908298432","1614138008864","1946132314016","1989643597280","2223571227520","2337973781920","2511674627136","2481645520192","2621048814016","1958269642016","799233277952","","","","","","","","","","","","","","","","","","","","","","","","","","","","","","","",
"Congo, Dem. Rep.","COD","GDP (current US$)","NY.GDP.MKTP.CD","365997139212.432","335859547330.31","408376959249.207","671942321758.299","312469711770.286","431209685131.784","483429317886.033","367469378792.686","420316052666.287","541055998643.227","543905291400.559","629486796182.527","694681869041.118","885533734081.912","1079857327112.29","1151962302371.64","1086757087721.97","1392446469689.76","1734496539063.97","1701154107020.58","1628173880653.43","1415724014111.46","1543080745122.02","1243691334131.49","925835775238.946","836964715377.039","946898072865.748","894423126077.785","1038111233218.99","1053479952931.49","1047075460518.49","1016464712638.56","957439078761.396","1232052606322.39","707315381786.745","684808739733.477","699880386179.634","727558888762.418","739098372717.043","546246212476.208","1742269954260.95","776498672001.377","905251767305.322","920906910348.976","1054833453321.23","1197694262333.31","1425775823349.93","1621066715738.53","1877374315981.68","1707195693009.07","1980261337007.37","2273362089405.73","2499282358923.84","2680299197485.46","2708138102268.57","2621646159825.73","2299899698830.41","2009222927649.88","2080166813170.98","1830979138978.45","1318813988579.19","1159293235130.47","1026369260715.57","664456339693.281","70749355652.1207","",
"Congo","COG","GDP (current US$)","NY.GDP.MKTP.CD","15845365327.168","18244314606.0507","20030004328.8937","20717095342.9236","22336166953.0628","24008302231.6722","26724098571.5284","28766606366.871","30422577413.5269","32077536696.8535","34599890196.2803","40516114395.6852","51718188066.1171","68288728384.6618","73756131381.9013","96655161848.5204","95072977310.1567","96418027991.3525","110724909332.531","151043079747.12","214930047058.275","251183516978.655","272240951042.1","264256242300.492","276390897728.369","272269761430.518","233008021204.898","289517052742.154","278780703418.464","301041885888.918","352785780609.157","345892692327.981","371906599942.369","264720911908.361","219178431785.205","261085805744.048","309786034844.148","281005300171.866","233949305686.187","279996842202.739","380160419968.79","326922860771.51","350758961810.035","403028519193.595","527194595846.899","697520032530.519","860616952570.742","914224221375.208","1234441081773.61","982390549522.774","1236923721318.92","1410705472788.41","1359496056735.16","1321281473156.07","1224618024511","712887253620.356","597560790021.282","549388262542.224","587711335184.285","464650102406.67","296173337385.649","297979335014.918","249467888152.094","153210558204.215","15719985776.3966","",
"Colombia","COL","GDP (current US$)","NY.GDP.MKTP.CD","481311138319.417","542223392217.855","591754619936.625","576772541523.125","713517049945.9","694984937287.932","654403143018.759","693174975103.636","713488797820.158","772199411246.291","908220642973.598","986687178516.26","1094031465846.94","1300777402829.68","1572972017065.59","1665677190207.06","1950885317765.69","2475995303821.88","2958283351074.67","3553043640188.65","4247340818228.07","4627292632401.69","4955344320945.2","4925087401044.14","4864436490679.39","4437348098059.48","4443449107560.26","4625387353506.97","4986454934073.07","5028085329536.35","5477238823914.25","5628185870810.19","6691336468225.81","7534334204798.35","10076502489482.9","11337854934862.5","11832116308033.2","12897180461303.7","11820374016152.3","10256809024488.5","11571496463068","11295652682078.3","11177336420735","10746264659432.4","13196448529708.7","16224827837337.9","17751766674968.9","22270811980225.8","25534573176871.9","23805324749164.4","28685502613866","31827185551986.9","33325971913396","32389508540003.6","29636966390218.8","20794766570185.6","17796361741665.3","16520384713963.8","14671390981270.9","11637925389729","7304242565398.78","6668354531896.36","5516286048017.74","3637921667298.91","418542042920.189","",
"Comoros","COM","GDP (current US$)","NY.GDP.MKTP.CD","","","","","","","","","","","","","","","","","","","","","19607663891.5706","18141699469.1326","17001413689.8165","17704716096.1765","17064980041.0022","18176404533.5458","25796347595.2299","31185454499.4313","32938690718.1776","31550502272.0195","39874562322.361","39609575244.9195","42701782068.3598","42044851417.0581","29360330252.2649","36296669229.3186","35849402110.4128","32768505639.548","33084678324.657","33976372162.173","30888654114.1496","33192760292.6654","37153185695.9398","47487816195.1557","54264683919.861","55645793834.1179","58319874550.6823","65606192577.7307","73415451235.6109","71448710699.9062","70832658326.5996","76281166408.28","72248109318.3764","75847320678.1002","73901376585.9653","56282274610.4694","57534857564.0181","54463993574.8111","52172525281.9922","42742723559.2832","33088768092.7175","27284578904.242","19917333362.1035","13601952180.6462","1546164420.32442","",
"Cape Verde","CPV","GDP (current US$)","NY.GDP.MKTP.CD","","","","","","","","","","","193500578.6667","205452045.6537","250327031.7048","269535941.8776","326074991.4961","360081992.7843","304102994.702","293019920","337038102.3099","378974871.615","14046952179.0321","13778423926.6466","13896987291.5382","13685312918.6814","13054355190.4822","13617753886.2049","24178514489.206","30229679335.0226","33984845467.2179","34419759731.2923","39744527951.9352","41439873951.6696","46401298614.1716","57409997539.0146","50486337389.3469","59643914210.0242","61338912464.2607","59914515779.0328","63311182765.7164","70537108256.6867","63714339365.1233","65839750659.8839","72108739485.7357","93525023560.5599","105754802278.563","109667622264.962","122708271002.052","162497392375.922","186843869912.324","175084986839.846","168879030186.365","180351660241.45","160551312867.869","160245152465.732","148166728427.023","115750342360.651","107157967337.904","97342388344.616","90462264400.4842","75715474067.9895","48055870375.309","42468120781.417","36322008941.5695","25557308766.4188","2767599017.44874","",
"Costa Rica","CRI","GDP (current US$)","NY.GDP.MKTP.CD","61038649832.8823","58971176061.6797","57630919396.4733","61566301364.8411","65255721539.761","71908348704.6165","78496049895.9479","84820182797.9454","93840525834.3815","103516169399.099","124350300234.666","136007913697.958","156352765081.933","193060066305.543","210427545122.635","247561616543.547","304588326951.966","387897739394.236","444809569924.985","509489392065.913","609976489756.236","331268361819.094","329108205539.246","449575072925.372","520976925057.569","550127873928.309","624539603599.673","654731551303.576","673924370678.302","764576664997.193","827723237565.756","898651743638.625","1071862475547.24","1193994985058.48","1290889105484.56","1418862713624.92","1422973573989.98","1528904627651.71","1657587498315.57","1773293951459.41","1816492751184.74","1887743191193.69","1933142744217.93","1994813450298.45","2117240379571.19","2237093232576.51","2484745132483.32","2872213341014.82","3188833505037.32","3080191755965.05","3700147834875.85","3997331679327.12","4175702592524.54","4253974663556.18","3971774199740.27","3863345892929.28","3648318360674.32","3139868501163.06","2711105442820.09","2292945736498.45","1679222478373.87","1359751074381.65","1105309653320.85","864979414390.138","95350423176.664","",
"Czechoslovakia","CSK","GDP (current US$)","NY.GDP.MKTP.CD","","","","","","","","","","","","","","","","","","","","","","","","","","","","","","","","","","","","","","","","","","","","","","","","","","","","","","","","","","","","","","","","","","",
"Caribbean small states","CSS","GDP (current US$)","NY.GDP.MKTP.CD","169461126811.142","183555865359.378","193894927388.42","206044547074.805","222251192043.939","239545648820.617","260243988389.604","280065480148.695","279098473379.348","304425658829.453","334498929531.603","363708920632.067","419023756110.718","459423337985.746","593796399963.272","692710485691.262","712414671117.416","826666169370.671","849694010423.349","976961267726.393","1205718107682.26","1325906159081.87","1469408012439.49","1493719152084.59","1429926829625.05","1417193477940.46","1298722372027.94","1394941951529.8","1480294987407.18","1511978002747.7","1639276045425.57","1607929623938.69","1585059791817.61","1683198388051.81","1779203260875.32","1953785889934.57","2129122430159.3","2453969473647.83","2654723378130.11","2819947330069.63","3069243526445.25","3122563099030.7","3284158551119.37","3510742846942.23","3832977010813.81","4340473454789.48","4896809182373.31","5443070152935.88","6173574457440.11","5239960280222.68","5707010392134.98","5947618713464.91","5909513091407.88","5623454740565.62","5032419066699.47","4668071183653.56","3976008494665.7","3429020916849.11","2935027136197.02","2404814929458.37","1465973661321.22","1215460732542.15","1077717257216.39","558961499845.994","91570798875.9048","",
"Cuba","CUB","GDP (current US$)","NY.GDP.MKTP.CD","","","","","","","","","","","574993185439","698380083409","821649752200.936","1008758077122.14","1152001006807.56","1315768158837.12","1392746743006.13","1434821173755.16","1802314167663.32","1978027595335.91","2011200680126.89","2035174456550.84","2116303278524.36","2242725578605.8","2427976304271.48","2315004230310.19","2446872120025.76","2546594379719.71","2773357302583.28","2729431056180.49","2893187375281.22","2480336377694.64","2252756215123.73","2281458654607.67","2901727624916.81","3103795030136.88","2551766328881.07","2587330180452.32","2625116229132.11","2893214089000.86","3117666400000","3231633100000","3426227800000","3661931500000","3896701600000","4349681745895.4","5297698344444.44","5886422877777.77","6117145622222.23","5366439011111.11","5560803022222.22","6063560820000","5704972650000","6017566100000","5242643100000","5663638800000","4294395302228.1","4551992445992.63","4101672469249.6","2791659800000","2576445400000","545217900000","633442300000","","","",
"Curacao","CUW","GDP (current US$)","NY.GDP.MKTP.CD","","","","","","","","","","","","","","","","","","","","","","","","","","","","","","","","","","","","","","","","","12723067374.3017","12860704357.5419","12964708156.4246","13212704245.8101","13422963016.7598","14067823575.419","14745490391.0615","15562989050.2793","17000856871.5084","17214919106.1453","17708056759.7765","131446317996.731","135378282512.683","136151117550.343","136803115623.061","136599977244.633","135251583524.944","135192642370.178","126324013958.414","97420762297.8715","60703121839.2384","51812525501.8269","39971988814.2489","19688516084.2232","","",
"Cayman Islands","CYM","GDP (current US$)","NY.GDP.MKTP.CD","","","","","","","","","","","","","","","","","","","","","","","","","","","","","","","","","","","","","73908415909.7095","","","","","","","","","25475699027.9611","294184671987.198","183122002140.643","188028562713.393","175553650514.852","170433731758.56","171632765674.963","175935047004.985","180641603137.259","187081104393.247","193039094376.099","201191317041.069","222245327523.043","198798980616.096","160402907271.729","135256746935.98","114465855387.815","86542921924.3325","42836571346.2854","","",
"Cyprus","CYP","GDP (current US$)","NY.GDP.MKTP.CD","","","","","","","","","","","","","","","","61451715714.0819","72165587132.1025","92022964696.8714","120601363839.536","160580011503.918","264971744627.476","256620942347.331","265551992298.377","265667642472.394","280149050900.3","298700825312.773","380155995464.744","455608337972.385","526379903919.823","561597338610.562","687622419194.766","716060029010.854","849744520720.401","816770306691.241","912834092783.942","1165091434482.26","1174690222461.79","1122854883946.92","1198594408957.56","1217741417157.9","1151924237755.97","1188589276234.3","1293757354097.89","1624358051232.96","1918809194940.13","1968313501116.11","2141147408496.16","2520749853049.68","2825160396850.18","2566793852890.74","2461099157276.22","2564432460781.95","2223983640964.04","2002873160974.86","1812632142942.06","1382203032128.22","1302660675397.2","1198191862433.48","1115224349644.55","921120515818.936","674606223279.193","614503889807.378","475887310068.062","332240074950.817","36333022329.4981","",
"Czech Republic","CZE","GDP (current US$)","NY.GDP.MKTP.CD","","","","","","","","","","","","","","","","","","","","","203782445279.888","218335609283.811","219296586944.198","216243721376.339","195156580304.289","192977343964.119","225399997952","253287761031.836","250105508109.554","243829043043.871","4882716483593.8","3626037693474.45","4221199492938.19","4893979775716.61","5678079123502.1","7169471587901.09","7984145952323.51","7306323179681.41","7807612317899.62","7552736565086.99","7107183595843.96","7728105742661.45","9311424399236.52","11239964756816.6","13342742090684.8","15001664130324.8","16834754648891.1","20135877048480.9","24440199388604.5","20825071042237.1","20604263689087.4","21552997008939.2","18619436590218.4","17834606186104.2","16241164604119","13087904641902.5","12329419862997.3","11546414279399.4","10925741715530.4","9079612249125.14","6663444254154.95","5973763833042.45","4717679453696.97","3382679300390.05","345036675975.047","",
"Germany","DEU","GDP (current US$)","NY.GDP.MKTP.CD","844962876064.026","964172138889.524","1057408112551.02","1120686266488.25","1231503228901.87","1345778959635.93","1430950289180.6","1448887979919.78","1562987382041.74","1774739675012.94","22443506865039.7","28879089826399.9","34944982914952.3","46438398769160.7","51884131683783","57148381859465.7","60566293171106.4","69987242928652.5","86345327626709.2","102726370225620","110689886614412","93210173785871.3","90403288798484.6","89751376091994.8","84448693188684.2","85304605813764.8","121866056592054","151281636116684","163266175778158","162916717811041","206289003584193","228291284305734","260437024779776","253264646598363","268220534521279","314911768822187","301995565165371","265458917214060","266431601340229","259169986497535","227853935858710","225696931281886","238727987973885","285586377765058","318583727466967","317580073520507","327484757551262","368083406721452","390925785681059","346215000149064","338961874783734","354981933048332","317593653546177","318055690631166","303393735681463","235798015572370","219135198679076","195576656658300","175106799852703","140037193432941","104883562605494","90045154068021.8","65775439791128.6","44978547488589","4659929336890.62","",
"Djibouti","DJI","GDP (current US$)","NY.GDP.MKTP.CD","","","","","","","","","","","","","","","","","","","221538304","259220896","295721984","313902112","328070400","331463392","332774400","41603532938.6617","2197227453.91166","45573089195.714","48307523555.3635","49875985923.5561","54767999701.9344","56765446689.6879","58685824251.0024","57386173192.6188","59933576403.4417","60692383739.4513","59739010031.7716","60313711540.6151","60688175007.7149","62721400356.2875","64505766849.9146","66410551146.8915","67987120426.1671","70927372808.9895","75254747859.82","78656054260.6327","83770887991.81","90584004061.0324","99321855795.9005","103261916150.02","95931994530.0295","105327282651.346","113705167088.697","146230705037.671","147964628022.868","141649831962.917","128021499865.628","135256510982.193","127052562693.509","114711710355.779","87120885628.6696","71330728469.2628","57722155026.6991","40803925102.8297","4086402718.86834","",
"Dominica","DMA","GDP (current US$)","NY.GDP.MKTP.CD","60113328.6250751","63323263.6875791","61280575.3750766","65074136.8125813","73828503.4375922","77622067.6669161","76163005.7333274","78624936.2208795","75750000","80750000","141050000","152632522.061056","166109120.841484","177204861.069357","194041221.12986","199390315.798858","198290528.794752","4920191445.85813","6104557114.80619","5944797595.81161","7911340884.60929","8894332491.76738","9685803405.0376","10709301004.7188","11958741475.2418","13110765191.2602","14874463814.7619","16741468417.3187","18975290430.8988","20362609765.3356","22112252409.0282","24045390331.3187","25573098528.6613","26767425481.5769","28576191232.8482","29705572049.4201","31234323556.1209","32403675999.7362","34017163358.4357","34864747063.5423","38065549631.2915","38391826112.4324","37351512662.7772","38347185773.2977","40777742873.8559","40081064313.4149","42062255759.2","44388629638.6889","47595060433.2078","49367881009.115","48827563438.6346","47465798771.9039","43965435927.9518","42777761215.0888","40850963241.474","37614683543.4074","36082093795.926","27746737523.3333","24253083077.7778","21729585185.1852","13535496296.2963","11645692592.5926","9745962962.96296","6545244444.44444","688881481.481481","",
"Denmark","DNK","GDP (current US$)","NY.GDP.MKTP.CD","544614054031.591","604306326688.819","680921750687.13","724824858576.181","828536259139.74","960441184124.251","1424072090489.19","1555413344857.72","1606267230102.05","1829139198361.57","2071014713595.27","2313576179678.88","2821264836499.93","3733466904122.69","4152034110375.41","4923574716065.63","5426737257838.27","6065439555231.51","7358021789706.24","8580575205539.03","8659068805224.92","7515634952088.29","7336873577131.44","7367891123487.83","7178367285981.2","7612958700376.18","10725803941302.6","13329858507799.4","14074180474662.8","13681186134989.3","16855707462163.3","17104968602052.9","18786817583861.6","17609584629011.7","19067614561030.8","22595841716185.8","22739249665792.5","20862550316023.8","21106170483814.3","21027188366511.1","19216769601328.6","19124456024991.7","20551389420773.8","24900371153015.8","28434060665536.1","29425347136781.7","30889511235431.4","34285161925419.4","36861624575630.7","32531910909435","31991914305136.3","32502226501026.4","29276847412566.3","29059520755045.7","27410067735125.3","21116595842024.3","19599754528641","17508002759400.8","15666394234104.1","12505302894309.2","9595337322787.96","8474113543352.19","6399055555034.73","4059346551984.32","429457372071.869","",
"Dominican Republic","DOM","GDP (current US$)","NY.GDP.MKTP.CD","80015566215.67","77837922152.1981","98067898923.8149","111955187031.921","122046386973.867","106571998784","118068001216","124176000000","129492001216","147659998784","185679706024","208304700000.417","248417198688","293092192664.586","365704700004.388","449907807346.798","493929693987.854","573387515421.761","594920000014.203","687350010712.496","834999103996.284","922207085350.684","1006405463219.1","1096778027110.87","1324015530919.33","628390849641.531","762534879695.026","725530901980.272","668865554445.489","835909030320.717","885232732669.347","1184731544387.06","1379139193994.61","1561713989019.61","1735617478352.68","1952878181688.25","2145877369214.42","2321114128237.09","2487509818097.84","2545349136617.52","2792508016798.71","2866973360341.9","3040892580606.57","2409434997143.6","2505029786115.81","3873239837364.36","4039733168042.81","4671117087620.58","5001001976744.23","4891485005315.55","5341410680125.74","5477786444671.56","5443524956616.58","5289655305876.44","5164560153024.2","4896932018412.87","4687691411436.18","4190170592439.3","3751105853883.08","3202092706154.84","2128508241104.48","1979719379925.57","1816852077550.37","1213454752979.12","124282245638.568","",
"Algeria","DZA","GDP (current US$)","NY.GDP.MKTP.CD","305744098399.378","273316684794.114","240687324426.947","325051975553.92","349865093372.009","380291991039.763","368582469633.817","408679668816.663","466174409214.116","515111049779.226","612938906246.874","639871133284.301","852294538563.978","1098116894552.84","1678404708629.41","1976185070649.68","2252084950368.59","2663981815539.99","3348869514633.06","4222183722303.48","5377878670966.97","5632459173016.63","5741259685517.82","6197922347054.23","6813624685422.61","7359320882750.23","8084819559515.94","8458735404859.15","7502006428469","7059609436354.04","7870497904091.82","5803577842637.37","6095455731314.71","6288813795031.28","5272662564939.52","5134616505923.56","5723878083426.7","5825608667434.79","5775049436830.18","5780117408174.24","6455719791216.43","6462334606732.89","6634242251438.53","7863231138010.18","9784246238944.11","11574800908009.6","12927556460969.9","14665878659879.9","18042730578752.9","14151596589151.8","16287436977234.1","19113912315027","18936485861446.9","18032360605656.8","16927977357828.7","11996089249803.6","10256241493462.7","9175339877457.88","7903458781667.72","6388180352102.74","4118761109288.14","3668382384980.79","3416805783489.87","2445354930609.46","263619794506.723","",
"East Asia & Pacific","EAP","GDP (current US$)","NY.GDP.MKTP.CD","9828925877077.3","8575233123904.64","7821738157492.61","8467035996518.43","9780768032439.1","11522303609049.6","12616540230367.4","12240901411882.5","12367442105655.4","13892205062339.1","15939872149630.7","17125330630785.1","19419232097570.8","24469064398596.7","27675542385159.2","31094792746785.3","31634421013723","36583513419036","36218373342423.6","42036934284655.7","48708398916781.7","51821132583017.3","54165012019286.6","56762746736176","61413705898592.9","66446220705731.5","66597882393716.6","66184529233965.4","74004144126150.8","80279949221850.5","86656201711134.4","93565148156938.8","104721843040287","112930299028477","132726872572385","161941587282934","184297074732737","189017076711438","170883857651208","186177498257437","204549865327494","213649939536640","234659231223923","263554683742715","303467306309371","345284823359468","408206935702608","506555270667503","624200174388096","657895336705244","788404070991216","906624508848465","960930385633845","991417818811362","981172809383043","929383867276957","854095200824767","785080913256528","728827704590558","619369188376600","472287704178727","437619006870879","338792873650754","212059280365458","22260874526758.1","",
"Early-demographic dividend","EAR","GDP (current US$)","NY.GDP.MKTP.CD","10541162629231.8","10740862919666.8","11095681717895.2","11845080548462.8","13532462492865.1","14690773403918.7","14484798003191","15288227152715.3","16577489205222.9","18500227543252.1","19632935217018.4","21208851461389.1","23332594928957.3","29791674696453.6","41760019272852","45010809644025.4","49208881695466.4","55046592802324","61337196192797.6","74255279976269.3","92144397826033.8","102808406097962","97850558779941.3","98577572416286.4","98154197934150.1","99994865334957.5","100965699623360","101797142100152","108248073737775","110320055925491","130296982739898","136091643895393","149257402805449","163740125875146","171742941811172","175905643670829","191613034989574","204841859283138","202281216491694","214216921056015","236247463035517","230775813672373","224434538339596","250260291882881","291136661885440","339451855983347","388750870142831","461426132752960","520928099084407","502401994636659","617972038758600","682539339199053","715480167658201","717846956232643","740823773698799","713311255445761","659569033690201","601102304815021","507365512343271","424145197766819","294037141965759","267382611359711","226071282600119","149298586008861","16091207060823.4","",
"East Asia & Pacific (all income levels)","EAS","GDP (current US$)","NY.GDP.MKTP.CD","15583850571640.4","15611507498667.5","15950935835616.9","17793565023173","20435485186206.6","22765682080673.4","25449688966274.9","27588476461194.1","30412666783347.3","35033531837376.9","41097837341339.7","45632463099579.8","56634497117852.7","74655228617359.8","85999549403892","94157484282224.3","103531744925600","123392893816536","155929256690703","169397048440292","183232409137363","202061209386445","197837702070543","210172683319256","225096231730875","237833547951005","310376264690222","363882498062896","438026439985688","457240733128900","482469375553184","538750803782181","588462686899303","659068508843691","737019717819685","835579200768357","804545805608931","770757148471830","689510006881433","769733065150401","840578258276607","774293179702690","787015493735746","865571628899248","971160772926819","1.03580456506772E+15","1.09919728231221E+15","1.23065826346053E+15","1.42071581708986E+15","1.46296546954102E+15","1.68753074415063E+15","1.84148185814095E+15","1.88250258084303E+15","1.78022545861198E+15","1.68721765150546E+15","1.52913931068264E+15","1.42571265658654E+15","1.28206104666212E+15","1.15948934725157E+15","972395994468625","678760449209709","653098180162007","491237166322065","308282905498426","31882663454356.9","",
"Europe & Central Asia","ECA","GDP (current US$)","NY.GDP.MKTP.CD","","","","","","","","","","","","","","","","","","","","","","","","","","1735959314432","1969794383872","14031391853501.4","46002114862645.6","100040071218264","107601399446175","102511428291570","95099647560603.8","92762552308968.9","79499519920620.2","85478757070783.5","86399464708117.7","88811218006873.3","84435607300056.9","71808988658520.5","77983202902270.6","75082032388878.9","84860487282425.1","105391984404587","136138895876343","166755826047038","197157811647094","247210660289016","292659867200207","222839212178041","261212543921163","294526679956807","295169010234195","299523041990853","267468588653109","195924382495473","167774715163269","153469073616844","126136537206033","100842851659922","66513256001565.3","55695634541546.2","42882129033683.7","21176658379754.6","2421839057172.22","",
"Europe & Central Asia (all income levels)","ECS","GDP (current US$)","NY.GDP.MKTP.CD","30413798646370.1","32524585687261.5","35561391348620.8","39167942766173.4","43362517004495.9","47201240141154.1","74108176802540.2","79659137660507.8","83238482686646","91695160699592.3","102009716853584","115080024009968","137946885769410","175317216548399","198123142895120","231582249053306","240764894255964","272710893935024","333231059373426","407114906167640","460743506573477","410043774846844","395173904016580","383280620060778","368367607828579","381194263361667","519648531458875","641233775106876","713542696019915","726572049046051","896674607312543","915479045381536","981771357076314","902180837750368","943741812969055","1.08583293527188E+15","1.10813982491103E+15","1.05081980337255E+15","1.07721241920626E+15","1.06530774485645E+15","1.01331717112757E+15","1.01378293083705E+15","1.10951833184945E+15","1.35129847500314E+15","1.57518478651876E+15","1.67696712162368E+15","1.81562716490315E+15","2.12185104576164E+15","2.33107428754381E+15","2.05031838499673E+15","2.07905758151894E+15","2.16734443272892E+15","2.00210874732248E+15","1.95587160426945E+15","1.8213763291797E+15","1.42807228065523E+15","1.28305017809475E+15","1.14498381181693E+15","1.01951865555596E+15","824186068093741","598297296693729","531225242504441","407165273172302","274350022144772","29146936906252.2","",
"Ecuador","ECU","GDP (current US$)","NY.GDP.MKTP.CD","170595265836.047","153495668157.899","140931789540.98","161111535790.104","189389473107.863","251531707125.771","258415155295.751","273634901837.588","279478839858.62","332240506540.671","315050856325.317","303258939795.077","352526578891.892","438708238631.129","726564175447.276","852147210891.479","1010201248862.82","1227953424565.67","1339887588203.79","1604478378985.16","2018207889310.13","2443965190164.28","2249677162378.54","1936037145995.01","1920122998771.77","1978382712142.72","1743671340033.13","1582997394488.71","1498295481941.36","1582234463040.97","1732410539713.84","1941456301209.98","2066974692801.96","2224859805860.01","2659701297429.62","2845083400803.67","2934701988839.02","3243841822064.29","3195509271901.87","2251588520329.2","2083307398407.32","2758314929712","3198036689000","3614117115800","4058310229000","4537172562656","5033344820816","5395949741696","6365806381960.52","6237241858000","6811367044000","7445773280526.11","7878621153000","8077682500241.6","7940206072000","6943822223000","6247362068000","5521961468000","4738586291000","3880715429000","2643705145000","2241919509000","1855704688000","1190750491000","124676074700","",
"European Community","EEC","GDP (current US$)","NY.GDP.MKTP.CD","","","","","","","","","","","","","","","","","","","","","","","","","","","","","","","","","","","","","","","","","","","","","","","","","","","","","","","","","","","","","","","","","","",
"EASTERN EUROPE","EER","GDP (current US$)","NY.GDP.MKTP.CD","","","","","","","","","","","","","","","","","","","","","","","","","","","","","","","","","","","","","","","","","","","","","","","","","","","","","","","","","","","","","","","","","","",
"Egypt","EGY","GDP (current US$)","NY.GDP.MKTP.CD","174430418454.232","182993426593.287","168332394413.541","174899645341.805","200396520796.512","610847327434.728","643190800787.571","676316228715.225","730889722126.166","814418412210.387","977217808313.807","1049384584650.71","1120672015736.74","1224735669827.37","1136944357146.15","1438873789448.98","1667968696270.19","1818448104302.33","1854442986557.04","2262666912199.73","2809388459858.05","2866017358720.01","3295997711486.55","3650128121062.28","3986790059949","4541300408410.17","4737575435655.65","5041181828232.46","4361282421896.58","4937964345924.92","5353247048750.78","4661178410954.01","5248641277766.76","5807464336628.69","6417400248887.89","7384675746903.57","8251102157416.55","9469232924718.73","10162113319049.3","10785019130982.7","11782946708167.6","11396113030901.8","10110141203605.4","9450938592575.19","8982549317575.5","10041472801656.7","11821389402240.9","14085578566464","17094909963636.4","19280368265052.6","21891972622254.4","22387400051061.3","24812833615425.3","24299850369837.2","23698152354102.7","23168820483759.8","20978565182571.8","12688295194352.8","11207565363518.3","11160912355492.6","10152314410480.4","8815462077756.53","7627963525835.86","3959642860799.83","389059911003.566","",
"Euro area","EMU","GDP (current US$)","NY.GDP.MKTP.CD","27270387375401.8","30035131077030","33332627881611.8","37331023975939.2","41507920241890.3","46553189239355","50737962622956.5","55014828550193.5","59017458047963.4","65452020242374.6","72641736285567","83634539560828.2","101911581743580","132315205282475","149886317517791","173858517404698","181465260854771","206471791094117","252842745324048","306154941392119","342771789812253","297807617353044","288284974304895","281277357067914","269810822929802","277205539155423","389116475903518","481368396817698","529334135902870","540549165352876","685817036913398","723183711666061","797692903298488","730244447710299","771645760539988","890673536409446","901227638259477","823493234457529","839714574434554","829216543677107","756065562032970","755095739140547","815409112584150","997599658280871","1.13430361719211E+15","1.15685218518359E+15","1.2070480359752E+15","1.36473253433104E+15","1.45678471840549E+15","1.29503946820913E+15","1.25545335001048E+15","1.27529052685745E+15","1.13521661235552E+15","1.10802476223942E+15","1.0391348334437E+15","817194161450894","754431266242958","671817291185063","603529725892742","483667020737241","354139437203604","309110109563744","228284147673623","156870106203173","16406126934435.8","",
"Eritrea","ERI","GDP (current US$)","NY.GDP.MKTP.CD","","","","","","","","","","","","","","","","","","","","","","","","","","","","","","","","","58260270965.9116","56833744352.4526","64220996592.8678","69918813824.0952","83629948671.5423","82900783511.6082","89205606951.2402","82060553291.0926","81288114601.6307","86149702755.7564","82765664684.9761","96876414354.2114","121259785795.858","122666138099.719","133145635531.816","142445069984.616","146288226603.928","189416225612.344","192712771031.435","228201586990.675","46378861788.2439","34440975609.7561","11573463414.6341","","","","","","","","","","","",
"Spain","ESP","GDP (current US$)","NY.GDP.MKTP.CD","1424798101534.36","1632776525362.84","1904732277267.48","2251293425502.25","2519081783148.53","3021198030246.7","3504954272712.19","3862033380445.31","3841096151616.02","4397958213609.17","5013340921913.83","5701434815735.11","7231785639045.9","9617528948795.16","11896382139051.5","14036906324009.3","14493172002279","16198148581444.9","19641022580106.2","26245196336872.3","28461385131982.9","24800856356540","23975658833603.6","20915547234651.5","21060873626101.3","22111699717911.4","30739351793808.1","38986303458450.2","46003592769956.3","50726674298585.6","65621192220353.3","70583215332542.5","77151890066900","64198682043854.9","64382903474546","74578476430208.8","77335267285987.5","70521696332673.6","73394493126199.5","74751140075037.6","69715567594608.4","72605762431377.6","81144233136574.4","103414133345387","120997500783025","128630740990668","138051312455217","158505693999192","170526423496135","151688977718914","142010727586405","140872194110653","119941201456752","115804037170510","107311144450190","84988791728433","77792079060895","69594086110826.9","62602281348246.9","50236314516321.4","34598687233139.3","30301868246681.7","22796119966496.2","16043323259804.2","1722745978335.16","",
"Estonia","EST","GDP (current US$)","NY.GDP.MKTP.CD","","","","","","","","","","","","","","","","","","","","","","","","","","","","109872546254.236","127749239996.697","140452011390.783","164403832878.45","155604593500.675","121651578568.914","235033962682.118","236351442135.218","594842826193.512","576488321464.024","612576950536.443","673064131202.933","678560446403.497","667577882274.167","727858473026.424","848929711360.086","1128756542245.94","1372654264245.25","1567533857698.46","1860640325035.45","2395767963042.17","2534478183173.12","1997140083982.09","1943031177718.25","2192865600764.73","2068716250634.12","2136798711647.42","2069545212898.92","1598878177460.42","1505298362579.54","1419924409828.31","1350241609148.48","1128260478016.89","844541518535.755","777932892430.402","610547078327.115","410726866644.984","42764929169.3258","",
"Ethiopia","ETH","GDP (current US$)","NY.GDP.MKTP.CD","16105116938.1946","16808595141.0882","17475663071.1435","18250588278.8935","19841291855.4621","21599985911.9653","23244664160.4584","24617620027.831","26199488648.2603","27689873719.551","32237744547.8826","34131908349.3085","37315029382.8518","43112105498.7571","48376999662.4323","48452078541.7861","52334560933.2761","59829805845.8425","63673714347.9061","69719183980.9183","74234454541.1258","879358919845.24","925210644707.964","1028394001443.91","972024209877.252","1137361474460.62","1181967912430.26","1263313348244.26","1308873325227.09","1376430150325.12","1449959736478.51","1603485871280.07","1343920852797.28","1060994439664.23","838303179570.208","921157439609.617","1017117957869.24","1026789993616.11","933926617305.967","910842308311.995","958256025490.412","950414826296.357","899510481659.467","980751484745.918","1145960099799.19","1381090072010.96","1672865877424.56","2119197618846.88","2824051383494.36","3274040777648.63","2971839056233.87","3023083462842.3","3891089516110.61","4046899706839.07","4335310156487.45","4497149649796.35","4649728491108.68","4322754678392.01","3708538506615.36","3453633836469.16","2906682746144.32","2336545694559.88","2028427867577.07","1473281348345.84","","",
"European Union","EUU","GDP (current US$)","NY.GDP.MKTP.CD","25982119254273.1","28347962943884.6","31005939779094.3","34150495884045.6","37847506276428","41242418733244.5","50746057812481","54558099444829.1","57108397958430.7","62972617234528.5","81415222435491.7","92062774688586.6","110527930647810","141246170751505","159135714229972","185611145501887","192981415307316","218560829641706","267212051770669","325076584479776","368486572091841","324438619202824","312502095141675","303214304487327","291443680315594","300700971908812","414452404000133","511946446632857","567783063059533","579834446032272","727833795248722","746667673211480","815868500408145","744218246527613","790030849786229","912917992040537","931055162075557","870081846264791","899088276323365","896828918309316","838467717135645","840575912432608","917019090213473","1.12051264250157E+15","1.29224581563278E+15","1.35028128368672E+15","1.44077180556001E+15","1.66648550618967E+15","1.80883642733691E+15","1.62427715800929E+15","1.59514813719738E+15","1.61982616756359E+15","1.45300368791743E+15","1.41104769773542E+15","1.3233737377798E+15","1.04246162348611E+15","943234635786507","823644110928388","722861598070402","564768385041381","415056142732823","363460859528652","269182223463606","184953827057961","19423319451330.3","",
"Fragile and conflict affected situations","FCS","GDP (current US$)","NY.GDP.MKTP.CD","558405244718.752","584707672067.837","643708925520.144","726821245315.7","665718014335.906","726417894547.742","773515493763.717","763805572353.223","1496437814006.93","1668815976923.94","2030365458914","2065836777505.15","2375848109400.25","2917960558136.11","4380265343530","4881798073259.08","5790032507704.54","6355547225227.54","6988949803659.8","8845226178108.08","11144369180585.7","15314880227231","14633465453631.6","12503247531195.7","11284253381763.4","11528407945703","10915032571616","11099776289419.6","11722871472432.8","11347202186282.6","18848437928111.8","14458515978556.9","13579075043196","13235506154550","12922931094360.7","15177295039769.7","16093929900553.2","18024840081549.6","18244908732868.1","17490827747303.9","27862423876585.8","26738908298437.3","26257513019815.1","28674478667175.2","35161450345424.6","43776655507864.1","53719153844711.8","66407765457750.3","85388807382593.2","80177953779903.8","95697979462011.6","98101091307093.1","102847675523814","106445447176512","107157954154475","86311608331615.3","75529589700940.6","71787605517644.6","68781330766151.3","62914552380179.8","44570783754245.4","37436635392711.3","30996080788655.6","19203373811511.8","1831822327104.31","",
"Finland","FIN","GDP (current US$)","NY.GDP.MKTP.CD","616027909697.709","698283969589.594","747683430910.55","811990093219.647","915846540471.147","1038494459077.55","1113356995722.87","1132753678136.33","1066749253338.89","1217606425533.44","1389044087545.78","1532117009027.54","1803133696012.23","2381534919151.01","3039278288120.61","3603265682332.02","3893185743537.03","4097738014530.7","4433558039392.23","5438108344472.83","6559426928937.32","6413017718328.4","6455765456610.31","6230493700595.28","6463797234840.35","6825952949844.96","8974780873641.32","11186523991273.3","13314753618108.6","14522856972205.4","17260061024813.3","15714180742284.1","13828767103391.6","10962609461062","12578472202370.8","16333613214825.1","15950469336942.2","15192513684640.9","15912718050029","15894469791610.7","14679264920024.9","14947928620377.8","16040538287151.4","19453466023994.8","22191718312943.6","22643359170072.9","23613486275893.8","27370920168773.6","29575817717255.4","25470467589896.7","24641862834680.9","25934577856103.4","23090293165327.7","22938422275090.5","21331903755827.7","16337896316375.1","15096901595824.2","13481698828086.8","12123633495284.5","9663839077443.11","7319371990936.97","6220317513852.61","4499684202079.79","2973361135792.21","299835625550.781","",
"Fiji","FJI","GDP (current US$)","NY.GDP.MKTP.CD","13472518429.6618","14031356046.6963","14741230872.8875","15526624303.242","16795336850.4677","17787817665.501","18220865757.5029","19679010223.5876","20212386837.7195","22045342602.693","27477136616.2499","30944064570.5639","39552219145.0413","53215764052.083","69792433456.1881","85484080315.0928","86843611079.1128","89999656628.5649","103655318664.907","127472248498.035","150319233296.053","154594839829.486","149268948089.813","140342510991.801","147227626556.376","142603608509.003","161240964311.359","147402334018.725","138910472613.363","148715120435.471","167588217926.597","175321920924.872","193369680882.549","204627317597.995","226278415240.675","242426336222.535","259507486508.644","253415016614.657","198701018197.427","229990045466.299","198199432943.379","194025638981.258","213248555299.104","265121626982.949","309812408572.992","335089187590.786","340740292015.829","366639671536.586","371548035509.762","293035804782.689","314665141653.076","357939110622.642","356487852484.551","353374505438.744","364981282351.358","320021531910.23","305564854001.846","280852445372.16","244874278345.997","197260922365.052","120362795817.179","90927268766.9639","79506622716.4476","54631469541.1398","5840564072.77313","",
"France","FRA","GDP (current US$)","NY.GDP.MKTP.CD","7367254882584.51","8017745670706.38","8964580253456.29","10049713807011.1","11147523407444.1","12321846344533.4","13344583347737.2","14418969496575.2","15692052467717.7","17059653272075.7","18180277129815.7","20321900025782.1","24930475224150.7","32393028478350.3","34920506194551.3","44099452699309.6","45528128181536.9","50197108591349.2","61987912481187.8","75040961097101.2","85643968020138.9","75113909621374.4","71330969008287.8","68270889299446.6","64737534320555.9","67494156371053.9","94193756276088.5","114110967303297","124380004879603","125084960530157","154730491350508","156092028200502","172304661924374","162671827661036","170269242410862","195680432392530","194584276909803","174674534359222","179149097170586","176393937155334","159592805790684","159796990472692","172196639325325","210327301968297","239530435183499","244400577274855","253514580842923","285269248726655","304943418024996","273409111281979","262880483295081","270896556892900","240914051865023","238685408464599","222250797616504","170545228989230","155598907017628","137288485595588","122597612605759","98055996794944","71241454562274.3","62136316957730","44580174894807.6","30434606026740.1","3162079073495.78","",
"Faeroe Islands","FRO","GDP (current US$)","NY.GDP.MKTP.CD","","","","","","753408791.482437","837162704.100395","860930246.264489","847426666.666667","911386666.666667","1104133333.33333","1289848077.09939","1551366671.59763","2096074055.70708","2558023921.6394","2956257668.17782","3516114490.84164","4521377960.25848","5171829453.49865","5831390404.5613","6409185900.06781","5931183947.14185","5772617439.16129","6325866660.13486","5538115240.9982","5970994655.53936","8955885755.41788","11524612090.3461","12591500440.0934","11335159555.0038","12490470316.3483","11820291792.739","11864715373.2365","9892443466.8494","9863609321.95822","11718261227.7989","12863979890.568","12138920084.1432","115034372590.731","116989733419.449","110497513110.735","120052948846.324","131922886712.815","155106766752.84","176057049350.26","180542706223.423","206223146021.571","233917964625.7","248188894659.751","229885857679.155","180558212129.463","193833502359.286","185491522806.647","205746531450.938","163272684456.61","144141784661.664","121459094672.159","105814903997.297","100836083474.174","87413237490.863","68438824670.2227","69472863211.1781","46291699217.3147","23443943768.0378","","",
"Micronesia","FSM","GDP (current US$)","NY.GDP.MKTP.CD","","","","","","","","","","","198859259.910588","217831578.282353","251009280.64","348214671.421176","460951749.752941","461191840.425882","468131928.336471","473055598.767059","536568341.12","602707781.336471","641866441.014118","764725291.647059","800557059.529412","12875603529.7647","846761178.588235","1019319410.70588","13016360000","13768000000","15459560000","16717380000","18136880000","20440850000","21874610000","24344730000","24887870000","26888804706.1082","26593963748.3732","25020172553.8918","26072666093.3142","25907525812.7955","27273106626.6987","27841246799.6594","27808271273.8648","28009581242.7705","27171814906.5548","27854710580.0437","27773859996.0338","27645868307.9102","27524283571.053","28464132716.1663","29572689992.0995","29545761678.1837","29394781720.8669","26964220586.1478","23903405210.3725","21168672337.4718","20760550612.4877","18993801040.1621","17413406475.0961","10933311926.7243","9438185346.0062","8352131446.47103","6839239253.79284","4583916782.29559","471425099.488675","",
"Gabon","GAB","GDP (current US$)","NY.GDP.MKTP.CD","5566693388846.39","20116551047.9191","21935585586.9628","18537630194.6966","25881584657.4648","27354064828.3877","29712729926.0838","32828666781.5109","35656165260.5432","38502298370.1057","40423207619.3095","47627922404.2396","53803325018.8081","90367501026.2141","193068413963.319","269699868974.991","376163284517.499","351168712406.825","298686716650.28","378778254119.845","534946699250.186","482780528054.723","452241740573.914","423908807538.539","445180147066.371","419508948781.086","426239480233.599","411242080900.795","478928420105.001","523429702020.03","742089725136.995","680864839848.882","704995345367.967","550597287564.059","519174103156.665","609817508605.791","695146197021.455","645110273653.27","540263741398.792","552099535537.094","597259660550.03","572758981744.409","602644988988.194","731293574399.075","864051377795.562","1038174540914.48","1107150132406.5","1316050516931.93","1617897121654.1","1219302923370.64","1426719846884.9","1729029408640.6","1558238491497.83","1506504783181.06","1416037224850.86","1004972107833.37","885239372114.242","789381591020.707","742483368168.447","606613175622.888","414506590592.656","416038310188.743","333361326441.404","199062270666.463","20867044935.6729","",
"United Kingdom","GBR","GDP (current US$)","NY.GDP.MKTP.CD","8571254123063.5","9092253135486.22","9617434766882.87","10212947327259.6","11154171054841","12322045212742.2","13124736927975.5","13642670832685","12898007911811.7","13900727947335.5","15933798261102.1","18047577975759","20719948248648.9","23438146772411","25171362358146","29726217751231.8","28588213276352.2","32317333538181.5","41153534532409.5","53671207193415.3","68987377919669.3","65851322719432.3","62723497287211.8","59571026218755.4","56122372352515","59444778224821.3","73054581254680.9","90209536780474.1","109962433365686","111637800382623","131598687263099","137488070765897","142091586904297","127819741389080","136659751123100","155271719068999","162508512068336","178383573718722","188111428271140","190803255230680","186890445995743","183591303416796","198541763512000","227180509814832","265932411950361","274112436282410","288124405032571","324453444697194","298175268944449","239212024936851","242087279064403","248079527416127","239145353719817","233390430643456","236901398757682","206465765715357","168724879984939","141283268421765","126170361237902","102550444151444","73213808963607.4","65985775205496","49518835244924.5","33634264015692.7","3643834188782.91","",
"Georgia","GEO","GDP (current US$)","NY.GDP.MKTP.CD","","","","","","","","","","","","","","","","","","","","","","","","","","","","89988936646.5938","107363343513.432","108457918451.164","974847549274.631","771415116966.498","444891317209.946","339749233242.025","308358279467.173","330863260409.556","377323166103.13","428399044000.426","434986825258.526","333156216853.823","360672097268.773","376555957624.48","393908519861.71","459006528027.288","584338069963.084","717999855354.901","852095279768.984","1098673140581","1343533535745.78","1098172879581.02","1190630842715.08","1402212775543.3","1456232257083.14","1418176972704.6","1337088476939.55","1021424562260.69","939884653725.981","849703947165.151","773214854726.179","631780764195.471","429595375558.697","393595929136.002","398004189047.391","306809123443.963","33776141250.5716","",
"Ghana","GHA","GDP (current US$)","NY.GDP.MKTP.CD","146117328849.717","156339828834.629","165933538040.132","184941916499.046","207806112076.489","248536509841.505","257351470749.582","211035170767.933","201675088046.132","237362454610.289","276848415255.352","302621085946.813","264506523408.773","316932488491.226","361804027386.661","351263282236.786","345660435636.069","398683516383.072","457810547187.056","502528430459.072","555653459072.376","527805137112.869","504499316881.294","507159433776.426","551535020823.475","563042248261.096","716080690804.88","634353553679.564","649633937546.013","656375769763.289","737397406748.625","833087147993.167","810066104728.392","745904912684.271","678468224300.813","794534688404.307","845200833949.392","833703433522.283","897584801698.687","918432381965.499","588049643180.385","621698925599.723","715122991640.46","877547801415.434","1012011624266.52","1202112204229.33","2191793424742.34","2616832223339.61","2964058052643.11","2652968516064.42","3216076421364.16","3748307253447.5","3742974924529.61","4774596821574.67","3742427045510.06","3169912166582.49","3295351815786.81","3090188773411.94","2925545067745.47","2444678087276.75","1893530828353.86","1659247890569.66","1182103833304.55","767880708138.82","82825288888.9734","",
"Gibraltar","GIB","GDP (current US$)","NY.GDP.MKTP.CD","","","","","","","","","","","","","","","","","","","","","","","","","","","","","","","","","","","","","","","","","","","","","","","","","","","","","","","","","","","","","","","","","","",
"Guinea","GIN","GDP (current US$)","NY.GDP.MKTP.CD","","","","","","","","","","","32202246078.2083","35943029080.5401","42030690350.1473","51520803875.6181","56914175413.3175","61027696054.3848","67627818706.1605","69143812905.7495","80873059990.5475","88770944974.4738","150941105534.86","149391734921.254","184694867014.328","234312610183.446","285287770207.76","353075445211.048","251754267058.367","266151011876.558","309031048942.564","315462521968.373","348150756956.273","393591749318.331","425981423420.203","424182779448.516","435457937932.14","471163261921.069","489909089257.914","475403891691.457","447047313970.36","427737405479.181","370066213118.34","347693229944.747","360042829897.752","414106345165.71","435796354264.822","344598924754.827","395845546228.779","569157663609.906","601979794939.659","582610378070.542","594033230768.133","577961397070.583","622565355756.247","650806943209.299","639449447698.797","588632470152.614","530651802778.432","547489918611.505","511009807193.665","479227400602.034","391269585841.942","343309367143.273","330140568241.202","227853847534.73","25334307878.737","",
"Guadeloupe","GLP","GDP (current US$)","NY.GDP.MKTP.CD","194731235.214674","205223426.664193","217943522.141842","250554014.15346","288147233.902152","326793666.109334","360700475.923817","380266783.995614","424584676.055453","447537732.737146","957835583.485906","1115499339.31578","1366663483.7101","1840830245.50959","2041349949.41846","2637090034.9519","2738068489.69214","3036895212.03827","4051318738.81205","4902760610.61593","5705267947.35808","4765014415.22971","4589095853.97467","4422872824.16443","4141846500.99483","4295943841.78882","","","","","","","","","","","","","","","","","","","","","","","","","","","","","","","","","","","","","","","","",
"Gambia, The","GMB","GDP (current US$)","NY.GDP.MKTP.CD","26615969.6345412","32620309.9387257","32512419.4922734","33130475.5055295","35714699.7646343","40264322.1145769","5353439573.1121","5650160449.72159","4980585121.98934","5469230742.70576","6553546393.0017","6973771921.57003","7421645054.67495","9417050534.76874","12069056809.59","14370855764.804","14057816896.1554","17381190816.385","21524684136.7716","26027156150.5449","30096890775.353","27311042865.1345","26988416447.5269","26632378213.5187","22099844982.5934","28129547099.4149","23229666355.5749","27664943634.6472","33337114538.4079","35498492139.4324","39661206946.1146","75421249524.345","78669405177.9373","82696732087.2155","81457716845.9809","85347112190.0407","90772381044.3113","86990522623.5451","90240139036.8289","87726386513.4964","84070145274.1901","74446515668.3105","62701148466.7011","53712670375.6217","78336751096.8182","83716146679.935","86261357719.5587","104141881463.278","124554858890.996","113472967847.912","119011589838.665","107087247401.961","102697964800.146","98890376593.9057","82312596666.7956","82302288717.2864","84799409382.3854","76698578011.5902","72997383915.3423","65187249861.4637","49402117968.8955","42643472004.2518","35309572606.3229","23736282756.2561","2507519958.34857","",
"Guinea-Bissau","GNB","GDP (current US$)","NY.GDP.MKTP.CD","","","","","","","","","","","11100942634.42","11073714158.3825","12365637506.4347","12601347045.9432","13926981688.2643","15366457863.5411","15846049704.6138","16210516227.5189","17295473225.7171","16713150189.138","15575511196.3793","21816384205.3777","23337990643.067","23063686670.7646","19524908203.6518","20352388658.2774","18356670879.6308","24472785776.856","23152561997.8174","29953491348.6046","34356163701.3915","36411607124.7766","32113129278.2701","33406911220.9103","32999634521.3843","35302756310.8288","37318072120.4027","36787146775.3402","28616280177.0853","30251888461.3623","39216538048.7492","40456697589.9073","42777371523.7713","52374605904.4955","57865543424.3349","63157573762.9853","63061438605.4234","73685106175.1523","90034176329.9637","85154205858.9719","85768900911.1516","103457018254.394","88211091235.4164","87675584688.5158","83587870739.3097","74471783298.8893","74547659985.0193","72687911572.0027","65912262195.2311","52010525385.478","40337431101.2861","36069557810.6956","27480112060.2372","20185402277.9001","2119865935.24909","",
"Equatorial Guinea","GNQ","GDP (current US$)","NY.GDP.MKTP.CD","","","1423174412.52745","1691090186.99021","1983214434.21841","7834548317.32299","8362310000","8750411091.65852","8169228598.84401","8134311401.15599","8291365710.8524","8118275455.25758","8178591406.26202","10150396880.5104","11770063137.8181","13036964052.7639","12956725069.0648","12998464952.4178","","","4254001985.291","3085439519.07654","3720750409.27849","3733166383.74537","4226956809.73545","8481216548.19442","10470931046.8699","12749345720.6748","13660198414.3132","12006595638.6493","14852979306.4001","14781295624.0486","17794674499.2561","17665337696.0748","13529143879.1481","18302743628.3259","29371298903.9205","55506223372.7653","47462071065.0357","82267174293.1044","130914220401.881","179667067503.663","220044181626.486","299655758890.164","517166500930.248","903010027158.403","1059147929451.25","1338459942367.63","1959959402503.13","1377094779572.13","1513892242304.87","1908109295473.34","1897536667185.1","1763253336345.72","1621833813097.27","896306193641.55","699695259125.71","649264475731.999","580086076147.079","406391449175.87","269544011403.329","256628906853.594","207603642712.649","122492993660.169","12765777677.0622","",
"Greece","GRC","GDP (current US$)","NY.GDP.MKTP.CD","516087710789.705","585092484991.416","619118860484.372","694406055913.254","781760494072.955","917806352310.392","1022584634585.86","1104628022251.32","1199755301887.13","1369365650090.34","1599484545184.86","1775417103142.03","2053171831581.77","2714508035879.72","3081701926076.75","3465980792922.7","3782379127603.91","4391615925093.12","5370525921284.18","6606536035424.73","6890462767619.25","6347024147594.15","6621848142035.71","5993494814819.91","5820863373092.5","5795024162890.03","6832016656135.71","7959261305470.66","9241714085897.84","9589460132387.35","11855411606693.6","12834979029212","14187823248892.8","13209847225777","13997595203585.8","16428286170955.3","17366390740511.9","16761595217736.6","16889333493083.9","16545148018149.3","15096545029528.5","15661907676176.6","17560889516631.6","22877565000365.2","27005151655289.6","27598670820778.4","29879715482767.2","34195425544486.9","36996351498885.4","33514588937287","29824495760581.8","27269591924801.9","22045238266810.9","20366327426752.5","18416030924038.4","13695212324959.3","12206830913482.7","10659763140141.3","9440414577513.89","7442521104306.5","5113502577938.83","4534221921432.77","3493550287649.26","2413815249956.92","257144811301.673","",
"Grenada","GRD","GDP (current US$)","NY.GDP.MKTP.CD","","","","","","","","","","","","","","","","","","7543519664.0729","9414554529.97866","10905339302.0448","11977217508.3478","12536626446.3508","13596530958.383","14353657232.1507","15752409588.4518","18221814475.0284","20416551137.5927","23528135928.809","25908368204.5626","29546959564.4753","30769899711.4788","33657791437.6347","34798130330.4278","34752537639.9208","36184236701.6977","38133086972.0006","40502328082.3218","42120944368.8036","47530611336.0416","51593802001.3236","59302121254.914","58704807066.4547","60513176332.5173","65713302684.6104","65859644775.9804","75481829614.9841","75022209663.5542","80369475344.3766","85635611828.6432","78071349390.7184","76920573436.2605","74273793728.3465","71873743744.6537","71546820447.826","71011094717.0741","69598701185.2371","66556030983.7036","59633260891.2593","51572737000","43721183222.2222","28305557222.2222","23577388592.5926","19668309126.2777","13188989209.0226","1391435992.59259","",
"Greenland","GRL","GDP (current US$)","NY.GDP.MKTP.CD","","","","","","","","","","","7160456125.40041","9121459722.18432","10928333478.8389","14435882529.0699","17501769995.2398","21753045376.819","24800486355.9312","29073927551.542","36666731543.5612","43326360644.0325","49033497253.3054","44882052324.6321","41447609251.3182","42866942857.4407","39075292605.9277","42526253339.8247","62110651192.164","81101305745.324","92556746928.4386","95769240474.9628","104954332485.715","105715691172.793","107943545079.191","96430532858.7367","104611949636.914","125730810326.367","145833125193.529","111503747106.727","119585459532.305","117682036073.087","111074873942.106","112961854617.634","121590314824.739","154937371923.122","180000044436.244","183883058115.873","197246892006.284","226056789128.869","229025151144.436","215979526876.712","178604678627.731","192466611939.514","185959271832.878","191187864665.478","200513588809.692","154846716117.09","143486573988.342","102358518150.638","109912258135.402","71875426371.7287","64712951563.8376","51830741104.3561","3152334771.77992","3326544174.37945","","",
"Guatemala","GTM","GDP (current US$)","NY.GDP.MKTP.CD","124188389795.338","128127288668.973","136088399780.11","150273199757.19","154592888626.211","159767989612","166884001344","174420001344","193259998656","205847989612","238000000000","248100000000.496","262662498560","321150013460.642","395187487984.742","455737501450.938","545662525493.096","685062525496.441","758825024058.212","862825024060.708","984837501463.636","1075937536085.82","1089624962526.15","1131250048107.15","1183750013471.84","1225414354106.79","912343036195.644","885549978285","980200366733.915","1051328567608.83","956258346050.313","1185166002621.14","1315538399019.55","1424713953181.85","1609732423995.9","1802503158403.67","1917822717783.09","2152416985932.94","2326661049191.21","2179527850261.9","2275695793671.14","2200150130507.46","2421033709267.61","2531595144178.31","2742416145611.88","3054371535660.83","3322385302390.09","3667627827441.98","4091808929965.53","3831353694405.5","4115218936425.43","4501867541866.88","4513619219569.67","4546197460050.21","4549455867015.34","4406985745046.24","4232843603083.18","3864708281018.73","3264653523971.4","2772821771478.92","2097182135156.01","1809310420927.93","1523827377655.18","1034821361797.75","113199586004.477","",
"French Guiana","GUF","GDP (current US$)","NY.GDP.MKTP.CD","32326931.706311","33380189.9147873","40631468.4654511","44236852.7560046","47315628.1647053","52055248.2805472","57200023.7102867","66436300.9176885","77049919.040343","84940920.6289654","175363117.145565","226102012.976813","304098975.241643","388624802.043604","436221263.950377","540987046.927886","543211043.647827","442855171.241539","558374691.992467","628052701.067777","853849507.949781","761784142.97629","723056535.923806","","","","","","","","","","","","","","","","","","","","","","","","","","","","","","","","","","","","","","","","","","","",
"Guam","GUM","GDP (current US$)","NY.GDP.MKTP.CD","","","","","","","","","","","","","","","","","","","","","","","","","","","","","","","","","","","","","","","","","","","220268000000","231643000000","251029000000","273237000000","274520000000","284969000000","301364000000","312034000000","319633000000","321832000000","339717000000","348775000000","362068000000","373615000000","333145000000","279419000000","246347000000","171597000000","141354000000","117447000000","69100000000","","","",
"Guyana","GUY","GDP (current US$)","NY.GDP.MKTP.CD","20427329955.2586","22303452123.1928","23395523127.5089","21092373212.0692","23374521842.4911","25801470359.5482","27673411387.0926","30271352567.4469","27799749999.6554","30165299999.6261","33474999903.5983","35267245983.63","35679530103.0564","38377250283.7769","54223325244.3858","61886512461.0442","56769298474.165","56199798177.129","63345154125.302","66263317974.086","75352744965.02","71284455211.5002","60250000000.482","61166600203.0524","54689468830.8508","56706528965.2928","63094408872.7361","44330408673.0926","51729698844.4","47374087608.3176","49471722375.2041","42951125905.4247","46594125526.3626","55870248454.65","67066040763.0355","76427726952.4021","86079665768.7148","90678268213.6403","86107113501.7071","82596803438.234","84092129437.2066","82243660221.226","83970913397.5928","85373469638.0418","89683107274.354","92184548556.676","184969406101.514","214941728453.872","234025476249.44","241959013400.374","263657840607.507","272706876146.768","295643056836.143","292021642799.401","274174209225.717","257935115931.674","251718009685.23","227520978208.382","198943637964.057","182682095405.063","147723928057.554","167623068995.204","237411654202.632","169861260057.554","24835899825.8993","",
"High income","HIC","GDP (current US$)","NY.GDP.MKTP.CD","125211409032496","132614893017178","143268309640854","154131103077911","168404586714320","187381123439508","205472833482411","220199009466386","238616641826617","262111479940527","297463790901930","330074681446484","383188620889211","464127966208475","523609215003487","584450655420947","636571526244530","720405955863516","863650060937462","997493127320021","1.11330129903595E+15","1.13104215759807E+15","1.12043315518943E+15","1.15813019056725E+15","1.20818990467716E+15","1.26895823610252E+15","1.54038481477449E+15","1.78370337599882E+15","2.00865348262849E+15","2.09961273938418E+15","2.37460361286637E+15","2.48974736686716E+15","2.67512022114676E+15","2.67847528070444E+15","2.81143633984337E+15","3.11216431963691E+15","3.11473105712049E+15","3.04187360600179E+15","3.02498164080053E+15","3.15186113152864E+15","3.21909905307487E+15","3.13655276486478E+15","3.24199850172801E+15","3.60720761261042E+15","3.98568375242013E+15","4.14736420726794E+15","4.31148922123343E+15","4.64245077824702E+15","4.8174563081152E+15","4.38438843119124E+15","4.55944596572864E+15","4.65002983358971E+15","4.47419062426371E+15","4.2291373499969E+15","3.94919592475728E+15","3.37390465046505E+15","3.10654411580026E+15","2.7435423031724E+15","2.4226488705571E+15","2.00711500043378E+15","1.47187807393663E+15","1.28558011254175E+15","1.01756655830202E+15","680616194753788","71522995943824.2","",
"Hong Kong SAR, China","HKG","GDP (current US$)","NY.GDP.MKTP.CD","158272478053.093","173724968259.854","199265215291.812","234048243131.056","268076607847.911","294966946995.431","301660910622.565","325980449964.484","328875282336.534","386188535672.794","467515305054.106","549527696859.723","701292082949.419","986873018081.966","1153700410580.98","1235008306532.5","1582747032198.5","1931780547092.22","2250913703786.35","2767827276935.14","3545058472135.95","3811892645643.49","3963301963029.51","3668940080383.14","4110810062528.65","4378337838296.91","5037508014073.44","6208601923428.83","7326030612609.64","8442566782945.44","9438221482399.2","10997755631933.3","12884175169546.5","14871855915248.1","16786793452809.9","17739585255470.4","19424942511245.3","21395376308214","20191223216848.4","19634237907509.2","20161455367446","19730058400186.1","19221033499782.8","18485460693427.5","19200756619167.7","20259818201007.6","21224037466894.7","22779578189836.3","22973206949442.8","21577129659408.9","22830997975832.5","23595512221993.8","23639791778699.7","23422797985058.9","22728056268450","21658822628873","20214555357736.1","18091825437561","15924145946290.8","13095229342742.7","9323165059557.58","7746817722805.94","5745901458170.16","3813345870399.48","407106738445.069","",
"Honduras","HND","GDP (current US$)","NY.GDP.MKTP.CD","40277999343.4965","42743999999.4657","46530000655.4184","49223999999.3847","54839999999.3145","61546649807.237","66543950735.1751","72370099071.1028","78262800543.0298","80828004786.998","91097999998.9155","92105999998.9949","101177936437.534","114974987781.123","130346999551.357","141624000000","169847994124","210356994252","298000875749.81","344449750897.1","389217526647.671","412803559357.101","429902168460.863","453487764227.145","493220657681.207","535592170410.647","567729463188.552","619001997255.624","591140054477.504","536042065872.871","471829232922.691","463692950378.145","505498842200.894","506327193485.884","482172029932.315","549155450160.368","548028304874.438","615044143340.203","679615451683.335","688682241302.989","829044690841.264","876984212096.2","894392063593.922","931456458990.674","996101253428.673","1080787238584.65","1192165790514.53","1328676138332.6","1451396617764.65","1481552519111.5","1577387202565.59","1678680851415.25","1665696645748.3","1571503537873.7","1534577312765.35","1461367225929.56","1364633780993.2","1223588724955.86","1056858709106.15","900686823205.754","638098902981.93","594818985505.503","504566617706.835","343960394196.372","37093565854.0437","",
"Heavily indebted poor countries (HIPC)","HPC","GDP (current US$)","NY.GDP.MKTP.CD","1997420707906.74","2072120007071.22","2246839526443.31","2673318492319.65","2439315225039.13","2851244268495.32","3103783636190.52","3054282704867.14","3213764573427.09","3565848619877.03","3706315038594.06","3988447163719.3","4342951350168.44","5254048080170.82","6376714317937.32","7252683589966.85","7740940075932","9074819674097.11","10502438418919.8","11717810673375.6","12482108209507.9","12868514107945.5","12881763432658.8","12310752075846","12662861658140.8","13098647455738.2","14631278592084.4","16153900740157","16198721083575.5","15737588988742.4","16604004210686.9","17085912769217.8","15139450175026.2","15387465098116.1","13498303429906.8","15495030910051.2","16469271663730.1","17258820249477.1","17880551555989.6","17870942099840.8","18794597703827","17932706342990.2","19149425308291.1","21532301120594","24580705400316","27705502039594.5","32353579518071.6","37970642699789.8","44468289050236.7","43490189215255.1","47451865627038.4","49971403405281.1","51046142699786.8","52897345614190.6","51665104325152.4","46218621604436.7","42580116378778.1","39425978137605.2","33463631717530.7","28536807306586.3","21807076344390","18918774205682.3","15690584468398.3","11247780418402.3","1197816907955.81","",
"Croatia","HRV","GDP (current US$)","NY.GDP.MKTP.CD","","","","","","","","","","","","","","","","","","","","","","","","","","","","","","","975169322140.998","909825439891.996","535954771093.855","574384795823.219","758477541686.997","2686637888368.9","2826396858865.61","2805747128759.9","2998600223968.32","2736868083746.26","2524410637065.04","2671013832726.51","3064265445954.28","3931718409206.68","4674811896178.13","5019587133367.21","5483736099943.63","6434532124046.61","7348101135704.17","6391106722191.34","5968791817479.4","5935831179940.02","5113650122296.81","4959717789902.08","4517980208235.08","3480850418695.71","3260687358349.16","2950516333214.62","2706321493971.18","2210570720549.86","1553155018506.6","1448765039973.2","1142874061598.16","837118143884.223","92526176108.621","",
"Haiti","HTI","GDP (current US$)","NY.GDP.MKTP.CD","17170359419.0887","17015621952.2989","17641470031.4469","18462399798.5846","20417496392.0387","22849554598.3044","23809064198.229","23671517430.2282","23702173630.2337","25219198830.1193","24244000030.4102","26848599934.2586","27941383063.1596","34448783516.4522","41927188963.5169","47899599712.8177","60650998977.0548","66240599489.1364","67791799937.169","75415000705.2967","97198200705.6606","101845400001.775","101957399041.769","112160399745.948","125322201793.453","138648599040","158166602368","143753401216","171975161968","183730157192","209405080504","430723477077.386","269472857766.536","228923124543.285","268117341896.712","342125006444.68","357530497477.24","398325605534.01","448748749953.812","493138929704.667","549706852221.458","506984722545.924","481469420928.692","401843991312.624","489497148773.437","567130868577.628","617246336769.753","749955921172.388","811266641362.678","827526047659.731","828805502006.315","888133699432.812","896088441578.753","921970428840.362","885112336630.577","807388587855.349","694420895926.895","652072304384.536","637730214174.188","507197403351.149","388451295626.952","438760602316.059","324056830514.977","198508053541.022","25224154990.7946","",
"Hungary","HUN","GDP (current US$)","NY.GDP.MKTP.CD","","","","","","","","","236105446490.087","262372059254.557","307051041738.45","334175189777.594","391940619963.157","485366247557.9","531999487713.292","606948456871.788","703409627432.465","785664960322.538","918652202317.72","1060672804843.21","1227864922138.4","1259139476377.77","1282301047702.29","1163744335169.2","1128308180771.12","1142546962269.56","1316097161621.67","1446405444678.55","1583055790610.93","1615986935703.38","1831137781287.94","4358739602224.88","4856722284061.32","4995551332391.79","5291928020380.32","5646483757880.9","5640657036421.45","5670426659772.96","5795815116592.7","5805964976814.78","5562333042789.53","6252185031025.11","7796022324922.57","9749744575214.5","11777427598228.8","12562699469465.5","12608180040786.2","15018343533982.8","16493941097108.7","13242981679123.5","13064431457801.7","13361932274162.9","11495319455110.7","11338036318201.1","10929061314561","8670822566206.95","8022361685828.31","7524448739220.23","7025740273982.74","5886566624234.5","4234928150737.56","3825474239970.98","2838969882021.41","2125522729439.75","222904723252.11","",
"IBRD only","IBD","GDP (current US$)","NY.GDP.MKTP.CD","20895640917791.7","20131151581564.6","20833094158960.7","22357044960021.4","25340532340495.5","27781255974422.2","28960408948801.9","30209375234045.8","31920912949486.4","35644290262203","38741143114545.9","42276216290599.8","47610284610103.3","61227351572317.4","77122568882587.7","83471598121864.3","90714556899983.9","102843162215090","111617901723292","133449833365786","157920732299495","170576608954041","168548997039299","167211873286203","171165058930276","179344688635195","186376078477992","190988389665032","206508460354736","216086883662238","249274024635464","254586296024502","258399141003733","277714963398539","303928863996945","342376844278289","373985682992560","396176342113140","385102832679743","374368421871778","412843070928970","412729893745237","419069825520541","471794655943046","561697089964515","671433544823576","796094766731421","989617303544898","1.18797553297363E+15","1.15248744115301E+15","1.41988853438569E+15","1.65546130220547E+15","1.78293616521369E+15","1.85785627051559E+15","1.91839305368673E+15","1.80530178639669E+15","1.63975426438179E+15","1.52294032219301E+15","1.34686709706982E+15","1.12811426928358E+15","811486026074957","749091741078587","603830314424607","388324479299567","41102217227752.3","",
"IDA & IBRD total","IBT","GDP (current US$)","NY.GDP.MKTP.CD","23490507769173.9","22937360133909.6","23872605373635.2","25738386269503","28659078807715.8","32384188029533.3","33538427405565.5","34462915809800.5","36393759428438.5","40672204584766.5","44582058708249.8","48092001524866.6","53655150912506.6","68093195062132.5","86431330721453.1","94687724005883.2","102375134055140","115485262548671","125953256012848","150089969011940","177662757528466","197395954605720","193928842361886","188637648569587","191155330401870","199938940558805","206739423035646","212830374432065","228685185207867","238074961821408","273614722009337","279454228195193","281980689093492","300934924145774","326925455376112","369213705977193","403972247802060","427408685698675","416866414408912","404885732351312","447299450882617","446422372166589","455457767505357","513015526224010","610127571621825","727839718660588","864218767822842","1.07016669273733E+15","1.28504405409014E+15","1.24883125066025E+15","1.5361448617286E+15","1.7830538632168E+15","1.91305992480171E+15","1.99739568613853E+15","2.06872863822822E+15","1.95227440012172E+15","1.76931184522188E+15","1.63753865595661E+15","1.44723966241952E+15","1.21395618533704E+15","875723072557246","804257469173690","649388025222475","416850347116587","43993256154967.7","",
"IDA total","IDA","GDP (current US$)","NY.GDP.MKTP.CD","2715687378652.76","2874645293027.65","3087736117421","3423350525673.97","3413352461947.62","3840023697383.38","4160305580826.01","4225124147605.98","4443231570308.44","4993139037002.28","5777625830912.71","5793848731089.18","6058992467553.23","6957971228592.62","9375061073376.35","11207066021681.5","11682572128957.9","12709429023545.2","14366461902766","16737009655232.2","19849866173295.1","26190493702878.8","24877702052641.6","21335445363461.2","20085707647163","20714387952381.8","20638621416864.7","22056972000130.3","22468402288206.8","22238304287473","24458773796201","24994049909996.9","23663291686772.4","23251535606783.3","22966497270269.5","26832396005881.9","29995769043857","31213560994512.9","31807389263352.6","30556438176789","34533383937270.2","33754941804790.1","36493684928619.7","41330732165568.6","48531206028696.4","56594417720245.3","68311198530610.5","80597495322724.5","97198045660334.5","96482346432950.6","116314366144413","127593929598198","130176197150330","139770348265410","150646300625202","147436006707726","129897538458296","114803743997253","100514489333627","85920776749872.4","64250846554238.3","55176772462281.1","45570851622121","28537875650301.5","2894109836001.83","",
"IDA blend","IDB","GDP (current US$)","NY.GDP.MKTP.CD","881646620458.868","942944862621.654","1007001655776.56","1063048551688.65","1161155327227.4","1265757121536.54","1373970349707.5","1383240409630.06","1461202476157.19","1669055272710.11","2290491750372.51","2124691441515.74","2377948107365.75","2532059417865.25","3667502513949.85","4215160735423.68","5099628235563.77","5359550211550.31","5798288524173.63","7126591085780.61","9147018100133.76","14785393764142.5","13610969234539.2","10582568283262.9","9304159862165.23","9306329905429.34","8644072958568.72","9117183485164.59","9426364513710.54","9120000682183.86","10004527623696","10183283918042.9","10135330657403","9519329836666.18","9867918438654.74","12086915777898.1","13742592141736.8","14140566631935.2","14093989147856","12484606717856.9","14483667946498.8","14118064220975.5","15501810049061.6","17497447318084.1","21224299495037.3","25219175343181.3","31656422907346.1","36467577280427.9","43293359362253.7","40629073274345.2","51865523525689.5","58648185731372.9","65798616909626.1","70357401153635.9","76238564443228.5","72413088210184.4","59761879995718","50187579101525.4","44534698794515.2","37431633559078.8","27020382323633.3","23226692156082","19100867184478.6","10667600368212.5","1060004843955.22","",
"Indonesia","IDN","GDP (current US$)","NY.GDP.MKTP.CD","","","","","","","","710153326464.949","886660298905.197","1044708622273.58","1194869330059.16","1218710462265.53","1435990999486.14","2124792109509.62","3369104459252.94","3977842886118.71","4866403221666.62","5984826118161.01","6718744934767.57","6764477433208.62","9555874978521.85","11300295580236.1","11746868539440.1","10574108332064.5","10966642641474.9","10979953192067.1","10191563629101.4","9670414164246.9","10978674198100","12411994611878.4","13971357626386.1","15486276803969.8","16910243690324.3","19921251755714.6","21976778680710.5","24909571228359.1","27796426739334.6","26160724009489.1","11480268943062.5","16700220662844.7","19460990175999.7","18776879930826.6","22719652110450.7","27045951741092.4","29342428811804.9","32098382347157.9","40197061605836.9","46791817317925.7","53712132292617.9","55177124296633.3","74480634775217.1","84039121839076.2","82121253653661.4","77240984083483.9","69464993439072.1","61133309745855.3","58715125125255.8","53825395131782.3","45858880558386.1","40288361864438.2","28588865190625.6","24914594601760.8","21105388911468.5","13711709672544","1396300098190.97","",
"IDA only","IDX","GDP (current US$)","NY.GDP.MKTP.CD","1739228570558.91","1829894961002.54","1971938223542.64","2244685723999.57","2125547939708.35","2436245817657.2","2636138326211.16","2689293787079.93","2821599520484.11","3140570601777.14","3241772050838.33","3434278839308.21","3428380032327.77","4150492620750.32","5314509643396.41","6529046225199.3","6054542558622.14","6788637491786.64","7956534144497.95","8862465865543.21","10518011776455.5","10915440047021.6","10856959560666.4","10544946372799.5","10671115652344","11324928927906","11987745755787","12940922852775.8","13034057709117","13132541178248.8","14475168296081.9","14830382524024","13503580149634.7","13749382597708.1","13084828562795.7","14702115108739.7","16193005204649.1","17024281933534.2","17688187177007.7","18079896856141.9","20040110612439.6","19624777472922.4","20967272031751.5","23804391207231.9","27251122422989.3","31292697942436.9","36517959903385.2","43995866109442.5","53763994526740.9","55832732319901.4","64208973654930.3","68641953098780.7","63938312381409.1","68969073525194.8","73913294396328.4","74673404426737.1","70003744858639.5","64662740313201.3","56006625227955.9","48536211290370.8","37261520439737.9","31958246331720","26469975749161.9","17888301732623.8","1834104992046.61","",
"Isle of Man","IMN","GDP (current US$)","NY.GDP.MKTP.CD","","","","","","","","","","","","","","","","","","","","","","","","","1507174780.52674","1537985112.93635","2137722075.63764","2759852917.14332","3508217716.11526","3705716623.03665","4569087357.95455","4929047619.04762","5129094419.09442","4593887222.55549","8408063136.44077","98882189408.2416","110541613023.257","122800717646.698","149331866585.549","169322623443.125","175355087582.818","183045956553.69","214581858045.932","256211170903.414","300774312993.716","322045058168.273","357446620948.146","475093618968.722","412677627069.728","378383371790.02","407915421478.861","448883743863.519","458560913587.379","480695364199.274","499238191868.921","396531819077.158","317978499221.659","284284733417.783","239737927871.752","175562584114.187","106947632021.362","79311932220.6405","7431257410.92713","","","",
"Isle of Man","IMN","GDP (current US$)","NY.GDP.MKTP.CD","","","","","","","","","","","","","","","","","","","","","","","","","","","","","","","","","","","","914727080.643268","1023086918.62768","1180919719.40764","1382548249.78303","1567465656.8505","1563667799.61578","1614595290.9182","1897606791.43353","2264911806.90354","2758117365.04863","2971167185.35511","3344402193.24608","5685988395.35814","5827468750","5047909331.6716","5420118974.04203","6066454093.89521","6433357030.0158","6754330154.76004","7428280401.5139","","","","","","","","","","","",
"India","IND","GDP (current US$)","NY.GDP.MKTP.CD","4214931994127.46","4415946191248.97","4738828481439.04","5441059174665.55","6347107884133.5","6890376780752.21","5303729109271.15","5799943303979.06","6141831657054.26","6762404180003.55","7813284016025.69","8436553854502.26","8973704882022.38","10745140157558.5","12486738158499.9","12339697491832.1","12869604867663.7","15223698378966.5","17208971865547.4","19177397694092","23356742968507.6","24242937999227.2","25140919770912.2","27346894725118.4","26581339831457.4","29151404777367.9","31216853104299.2","34986938420520.1","37195016022007.8","37150377023821.2","40287360904861.1","34188826331741.8","35369996228737.3","35029777359223.3","40482326189162.4","44229324029685.8","47851624738149.2","50291084765324.8","50564948341314.8","54502963141479.3","55202323646551.9","56776154600302.4","59737688872184.4","69922076324734.3","81018024991837.9","92074374181858.8","103216509618699","131597872457046","126379381943916","137305103827022","168237499608312","174025410203092","164808619435703","158035748207104","159144146029162","147077808320574","144056741240208","140120759485323","119159308077015","102595702091828","71966214874163.6","66450227630995.8","53932548883671.2","35675923144259","3912686168582.21","",
"Ireland","IRL","GDP (current US$)","NY.GDP.MKTP.CD","227245396103.565","244669604065.098","264864618746.381","284841739871.033","324185888680.987","359580332392.421","378908132838.704","408155683788.28","400215265304.748","462285307131.842","538833904260.664","624914224642.767","774426292084.523","916995484608.668","967938609187.648","1162465478859.5","1158776964463.78","1378744025120","1795455995928.26","2245461103951.56","2665698785386.35","2533611451359.84","2632224371787.25","2545352237901.85","2464533662906.15","2607132407676.55","3519439201953.47","4157497877378.65","4629097137753.56","4808951421452.4","6042012406982.03","6102000849045.06","6854387608393.61","6424956832830.93","6948971047097.23","8411057295488.43","9164264432588.23","9938883344355.86","10720437753680.9","11654465413892.8","11667927977419.5","12613353574885.2","14672408368206","18675528224610.2","21833436606175.2","23409046205160.4","25247095729751.4","28871738842216.6","28640772685924.3","23827214683877.8","21880848575000.4","22496350193892.7","20147254333062.4","20207011463096.4","20102051127817.8","20466497623136.8","18945941666502.4","17854770069607.2","16973045654259.1","14321411427635","11567284959699.7","10803796326710.6","8611136195588.15","5490887137653.61","577389475009.922","",
"Iran","IRN","GDP (current US$)","NY.GDP.MKTP.CD","314935079226.697","332021182088.509","352017481209.822","369647101365.1","403488423549.244","686369623490.523","750664886184.872","833967805738.03","950862315637.063","1072096124486.47","1204388273260.49","1505209622921.82","1874987872414.28","2959541825124.47","5732777313732.16","6388329770044.41","8361891627811.1","9878397196110.16","9645620984773.48","11242737504725.2","11773088296730.4","12609769353453.4","15767959855921.5","19415067586249.5","20190065605958.3","22455255614125.4","26142467348566.6","16871738077057.4","15457307348786.3","15165425709264.7","15556293464918.2","1540670020459.15","1400294109451.33","7614249501920.21","8474056644393.7","11393300496690.3","13947436243356.6","13296168928718.2","12908233059863.2","13112692511584.1","12568270578517.3","14364355058664.7","14409560362848.1","16934210265194","20491049114548.7","23960527418578.2","27685230727320.6","35490887762197.2","40266629503367.5","40265207973958","42513850312539.2","52815864775853.8","51951070774729.5","40387043326469","34195607738157.8","24816596432471.5","24691839519407.1","24545865069254.3","11377978780867.3","7821049067662.09","6338342525688.16","6970725750582.36","6425867027639.41","4033771989974.24","436906331671.859","",
"Iraq","IRQ","GDP (current US$)","NY.GDP.MKTP.CD","190510414817.455","207204760334.193","232839106007.341","235674533087.699","278806467882.175","112920993765.249","122324879320.634","123350569627.638","348611037903.081","362314001207.962","401977161757.755","470306929726.902","535510613899.438","660870730776.626","1425232926882.06","1699096614770.45","2173069218012.44","2489806349662.2","2973479503169.15","4564836085882.01","6116475294842.56","4340049750766.19","4847797396221.89","4719291615461.83","5415166079514.01","5598775902221.11","5347910486418.54","6263497153004.18","6736426175103.45","7179447062367.14","15300193540927","11010501440.9184","14949142857.1409","27862511790.5292","107766430634.49","348138806978.916","281709862775.91","823611591375.503","828856918314.094","1462304664636.21","1978119541641.95","1469102078415.05","1382277654208.99","730509798136.039","3572274255825.74","4833204977120.82","6403646587712.88","8679363705396.03","12883576879843.8","10828176952031","13294947977350.4","17304722833909.8","19577292848711.5","19864477379159.5","17979053077884.2","12321817625156.3","10714232396299.9","10143731434164.2","9910569374063.78","8385798398125.39","4818325762950.14","4382515721613.79","4452228343586.21","2526466090898.73","279641257615.385","",
"Severely Indebted","ISD","GDP (current US$)","NY.GDP.MKTP.CD","","","","","","","","","","","","","","","","","","","","","","","","","","","","","","","","","","","","","","","","","","","","","","","","","","","","","","","","","","","","","","","","","","",
"Iceland","ISL","GDP (current US$)","NY.GDP.MKTP.CD","29374619692.6729","30027588662.6533","33689554356.9702","40213032527.8583","51353974246.14","63511952487.0024","76271091621.5069","75341239240.5451","57534881026.8098","50295756804.0756","64609406031.0634","82220610336.2649","103001436580.674","141618273446.47","185873161949.971","172585662746.683","204801237326.504","270923907697.275","308132193243.958","350038831822.423","414807712392.637","428684679253.463","393443627548.634","339149817360.124","350809047103.439","365231505579.132","488667581090.191","675893420772.629","747495575303.504","692551040556.255","790890017356.072","852149741057.842","873391369298.929","767039783305.413","781685883260.802","871743657503.979","902591422464.44","902593547672.827","1008490693951.9","1055770823407.13","1047397499097.3","946435236795.991","1058742607802.01","1291876091500.55","1550080109388.75","1862747808991.81","1876553968932.35","2288980798810.26","1848245240330.78","1310658013247.41","1334658380616.86","1409938958092.66","1298611751596.59","1339385252643.63","1368477397725.9","1205807957076.61","1296845313998.42","1299736023164.23","1147690473340.42","885838910641.644","584477896865.766","539259124845.209","455073341606.738","312157936976.602","33462807982.85","",
"Israel","ISR","GDP (current US$)","NY.GDP.MKTP.CD","335556156767.2","405283548296.121","313167597701.671","367454505506.638","418187332330.205","453448339271.846","492661798069.546","492592856937.544","534166585703.069","616554960372.796","649002301463.903","643200111815.582","832226960964.368","1073646456041.87","1505593874999.84","1443843716670.62","1438696796895.23","1619727732522.87","1585023538822.84","2030587451991.02","2417079872973.32","2567670764781.4","2750042674615.47","3071220115965.51","2900302506586.95","2707316573037.51","3343593449361.17","4004295342665.2","4928545185147.59","4965206142171.46","5854365924855.44","6643204385409.84","7420244842465.04","7428975194616.96","8344885568909.22","12141855656321.1","13110238228540.4","13625727036740","13669080878416","13687617560517.9","15304889609950.9","14996536927885.4","13764236313311.5","14334624578536.9","15174462761860.5","15749230074285","16658829922863.1","19130640037765.4","22499209750716.6","21063112009090.9","23277962043497.9","24796752064234.4","22511153392433.3","24964871207929.7","24177253162640.7","21329089850298.7","20133285210409.4","18801593429413.9","16425913131675.5","14358302546805.1","11083255927817.9","10252420573130","8391300556613.25","5119846125885.84","540379921261.681","",
"Italy","ITA","GDP (current US$)","NY.GDP.MKTP.CD","4812854906849.18","5347321780579.77","6008059683485.37","6881757664651.31","7533394833369.16","8309060781501.95","9002933568144.22","9917010252455.72","10749297253430.7","11866840687024.8","13852594837793.7","15226429978321.9","17737013306636.4","21428148120865.8","24358547091525.9","27775277753339.6","27410989655752","31427990000124.8","38445695401651.9","48042933382480.3","58262262118029.6","52581000721554.3","52149654624957.9","54074506725307.9","53455013328834.8","55195881070729.5","78176561684698.7","98356947415058.9","108826664608406","113312895132431","143928556218676","151807511132305","160848441776052","129765647097526","132917295623930","142053109162669","157622621183745","148037407695009","150159236746381","146922847960258","133238581206025","134594841993046","145566968402615","178702620639158","203022361346551","205530755960849","211861765356250","236212320400943","249646261822385","221938239393078","211623402821194","215989689962439","186818320363884","181546083664658","168144426302016","130157787791786","117883085553335","103700715664842","91964512694293.1","72352890820340.9","51219627582704.5","45026765708819","33067442021756.6","22828715755749","2372774547793.12","",
"Jamaica","JAM","GDP (current US$)","NY.GDP.MKTP.CD","85445258036.9008","91431875820.3482","95060118309.0582","101046723963.052","109754530284.192","118793583963.641","134019144798.27","140348546482.624","132411315197.541","145532261077.781","178636857708.414","195813037872.24","237840382737.189","241984846657.944","301735021001.471","363389966331.147","376805383070.508","412845372910.723","335954065399.793","307790092019.759","340172240135.2","376218566691.851","414764929617.655","455686270208.332","301547133708.965","266255076958.23","347578135041.136","414817275896.551","483263719496.766","556104285785.098","579617377367.135","515960385304.572","446433889436.744","635777401062.722","632346392862.371","744670976376.097","829526733699.668","943836041419.629","1032068418346.9","1034875057250.61","1045570238032.87","1056853573362.64","1111845482970.81","1070246759908.94","1145838073549.54","1243657097803.73","1303321731125.29","1380371208828.27","1442338670686.39","1235979947267.03","1328121326535.29","1373175859157.79","1331773068604.01","1212904882976.25","1042188165227.2","1007114072794.59","886309105035.892","784426879503.086","691879712910.506","575553357997.51","372935414887.075","305770601694.142","273564171460.877","194233553882.344","19930288337.028","",
"Jordan","JOR","GDP (current US$)","NY.GDP.MKTP.CD","","","","","","73174518224.2976","80280167310.7797","77068960528.6796","68460193306.1529","85267786412.3751","78025490170.3127","82739815088.827","96199551884.6976","115137214758.032","146091468657.497","166293164183.473","206427921858.37","254350233045.398","315723339980.399","398956221676.629","478777154306.382","537015277373.635","575985888334.229","623705062994.729","631988426924.707","633470036998.281","797711403558.432","842212786621.476","782047705876.341","528187643943.479","518682645132.816","541425824231.521","668229073547.075","700952661657.208","773565866243.223","821417311983.555","846478227307.374","877419505206.829","950097735772.233","970592387604.378","999285128266.758","1050844619325.22","1112096851328.84","1173110218080.12","1302213933752.97","1412202772151.76","1656925176277.51","1850061556322.79","2334174128735.96","2464955850103.64","2674661321275.4","2765624070755.8","2812050411239.44","2888092804987.05","2832516595060.68","2704052618007.52","2481528952718.52","2178169644772.05","1889117976149.48","1600541045277.05","1180972898053.52","964918391878.151","775517952525.018","509180422493.29","53352289577.4648","",
"Japan","JPN","GDP (current US$)","NY.GDP.MKTP.CD","5307608545342.99","6409836080875.95","7274054049793.55","8325231346940.65","9792772343942.36","11168495960370.3","12970896617103.6","15200144298707.8","18002291020549.7","21146298584371","26673064846595.4","30132873561993","39898891887814.8","54207271190063.7","60171889188417.6","65430483894318.7","73537421533829","90505320147473","127163555221564","132357417784914","138677138748698","153111121098531","142387361087969","155649589831746","165317543340001","176105980514057","261218548228490","317315875263036","384705803835730","383700284442621","393912426536752","449989046602194","490688551808135","556996108046974","600171877772528","663483635261852","583179110963692","529601664885411","478136711903087","536969203758600","569800536910245","496927742406245","471281131981618","504900084134206","542288998866597","525637786735490","492593517237310","482882039363915","523752012427219","528046028705750","564400932798867","579328055439180","554040887232507","435056706660063","376464338186485","311698193140762","312611824717966","259535557871707","220263073796101","183965291832357","126209915304355","105139600849654","68008579207434","42087421889189.2","4026210821146.81","",
"Kazakhstan","KAZ","GDP (current US$)","NY.GDP.MKTP.CD","","","","","","","","","","","","","","","","","","","","","","","","","","","","240404084458.333","295631325275.714","310111869872.381","3522142552962.83","3210872948401.07","3172977061672.73","2949366996429.18","2624997597637.08","2503978284016.4","2566044560991.63","2682074103047.1","2655918806152.46","2006598354190.92","2158393473815.74","2592101294350.86","2857845212563.79","3544790382348.05","4914470610461.71","6396815599771.32","8906657538265.82","11321818581117.4","14010157857479.5","11761459225185.9","14797682777888.8","18213502486061.8","18661482822052.1","20053500978534.7","17252825846974.3","13091466171974.1","8626806751227.49","8772800401691.86","7864556124756.68","6533990556566.98","4615483168913.84","4126761400304.06","3593321281931.48","2620734045794.83","288406138230.669","",
"Kenya","KEN","GDP (current US$)","NY.GDP.MKTP.CD","95743100472.2524","95948075983.4906","105041457796.276","112117288313.927","120849853812.411","121746131582.768","142071366428.358","150372225033.984","165102008334.551","177922247991.254","203637626720.294","225855560203.453","267624326089.891","318053236387.076","377402030348.006","413936657901.24","441267398434.445","570785847867.7","673574094652.396","791160780635.649","922694758918.536","870520397685.854","816888093515.373","759427329056.493","786318374780.279","779094877407.252","919389683841.784","1012308796914.47","1063428938382.34","1052490503166.67","1088617146265.46","1033830770000.52","1039869235629.97","718414685298.341","886093113179.255","1103624886985.08","1444215944544.17","1566547271675.3","1672603844762.54","1520451059484.84","1487458360236.13","1512562847972.54","1522129503104.69","1712923826595.24","1834870335985.99","2098772926944.85","2747247601028.06","3329383053489.86","3646026929914.88","3769593032593.61","3987685662297.76","3998037616259.52","4594093462740.13","4807490519841.62","4953024587018.82","4683972202081.49","4522505939343.83","4233928139841.63","3969480425924.87","3555657066608.4","2713422803422.18","2306993941290.31","1820893222444.2","1077993837175.76","124498691699.125","",
"Kyrgyz Republic","KGZ","GDP (current US$)","NY.GDP.MKTP.CD","","","","","","","","","","","","","","","","","","","","","","","","","","6098157056","6691047936","24737806359.1614","31208104997.331","34491758105.6517","346604965874.61","330601337834.448","299211166542.351","268152354436.912","216680441448.907","212130893009.138","224960972853.281","213911955566.469","197573821148.103","148640239895.815","161557425488.096","178438495824.297","186251726089.094","220675961576.548","252102224582.134","275496890657.094","311566641312.212","409964482966.534","538812680913.365","478162039127.954","478544902472.715","587674374843.626","593807805040.592","622716349559.484","582065838614.133","473300052895.152","426606811929.134","407011838045.983","362502557959.756","322112482437.302","216178943100.64","189177904482.135","188773144601.712","141069493549.033","17478259659.2625","",
"Cambodia","KHM","GDP (current US$)","NY.GDP.MKTP.CD","70085714879.6672","70714285120.3328","72600000740.2699","80142858321.8686","86114284582.9985","96411428900.6556","101485714066.333","106877142160.79","118294281669.886","108636718953.43","81167528001.8111","109590737974.906","57127314578.398","79426541703.906","67083134098.5396","7491297481.54611","7903572545.37498","7162617645.01985","7666423561.40503","7237385026.88495","7443841297.18121","8151536524.05251","8655160398.0034","9392912621.08834","10211760586.3511","11026691844.4778","11676303178.4108","25369482314.0902","40473811427.6564","33055718367.148","34407561072.7071","50215449083.9592","60570976700.537","300541147441.12","329304660637.065","418807510095.071","425456437861.741","415323508497.833","374349522304.822","417263889489.877","431384596777.627","465156535733.159","496728793059.306","536491333445.785","610410121048.831","708752422376.163","806575248754.213","941065739552.696","1096178337499.08","1073224244886.37","1139828061658.22","1238162203146.59","1287145662479.56","1326838062423.45","1336511837928","1318292051026.52","1301006514992.12","1218307381160.83","1132455591569.05","1032793834514.09","750299851323.377","625156899242.661","536371311581.146","381104921370.219","46352647034.7775","",
"Kiribati","KIR","GDP (current US$)","NY.GDP.MKTP.CD","","","","","","","","","","","1756727476.89077","1876408447.91377","2330095695.70527","3894280390.75571","10207475564.0658","6766980876.14766","5050432248.20704","4760310619.20361","5554236780.1377","5235890806.00014","4161043408.46278","4403389506.82985","4329864173.95843","4141151988.06812","4377917313.06453","3317460835.45258","3276371184.70598","3602701873.49014","4608797784.23736","4460155297.33959","4314842739.11919","5566253215.02925","5851603683.89523","5690383832.44974","6617309389.53437","6884435727.8493","8017386581.51332","8042578922.74566","7710465391.10479","8109143710.88449","7759631106.01279","7193017647.08604","8169229212.96133","10140754438.622","11354137145.2979","12066654497.5173","11749497530.7547","13922789803.6673","14560867879.042","13342300976.5174","15421128736.7508","17032277202.0297","16889599444.1995","15644610652.7398","14114696501.6718","12111492001.6683","11475694237.6029","10328919136.4089","8964289079.9782","7011186788.21409","5389536743.88","4875540551.72458","4046449747.65293","2800792669.31268","307862546.789627","",
"St. Kitts and Nevis","KNA","GDP (current US$)","NY.GDP.MKTP.CD","1484094522.56326","1498095410.36887","1517637415.90633","1552931310.1175","1623519098.52984","1658571693.97436","1765346697.60864","2042211840.13174","1781199999.9781","1933699999.97622","2021199999.97555","2433185850.88384","2845429323.73942","2999805322.39434","3907133802.8189","4136697054.9979","3732039817.46332","4806935491.20757","5376769438.55046","6352383195.3274","7465613261.48662","8785759910.84223","9342076623.48137","9389613704.93421","10751341107.5129","12008971092.4969","14263065842.0374","16184948401.2039","18964085419.1219","21250587508.6302","23848298768.7059","24307301981.2884","26715575647.4112","29107617762.4891","32278828089.2167","34199908079.7929","36165401744.8002","39982619676.9941","41161355374.4125","43433610236.0024","47707651374.6441","51483854452.2708","53447536903.9721","51974630574.3098","55925533656.2002","59771360745.8152","68408693847.1166","72569984665.2964","77737443222.7125","74229933514.7768","72551795120.8974","74110200767.9973","69804759362.0296","69941750061.3555","70163717307.5481","65418501462.9408","61046975207.037","53977218344.6815","46151844336.2963","39475603851.8519","24484556222.2222","18279356888.8889","15594661928.0989","10642383185.1852","1066681481.48148","",
"Korea","KOR","GDP (current US$)","NY.GDP.MKTP.CD","474939320488.283","288919376280.025","336453914651.428","475219767597.087","412544259604.323","374521809801.866","471912848024.789","583165365808.671","736593052182.924","924451608334.124","1148070806505.64","1266204332826.93","1384217045072.35","1767026574413.72","2482248799993.91","2769750270092.55","3804171600339.62","4886104264806.3","6597179665968.17","8482413853987.98","8269880510291.24","9243271638432.87","9902092398092.37","11029166589068.7","12200217510253.4","12660389432230.9","14594034734599.7","18415902759653.7","24748839497170.4","30502186165931.2","34950777758724.8","40779051688049.5","43698887659614.7","47773069478419.9","55317299781573.3","67045802008988.6","71689510318041.1","66209409640669.6","44138221383907.1","56697769533191.2","65427507169570.5","61595438355972","69887018457256.2","77597194064603.6","86594937551039.3","100094783184614","110970011053835","121119471659574","105434119048896","92352649835856.5","110033065439600","115191201666733","111583993878993","113313795017379","112707030244132","101128898197479","92162531018787.2","84472464506275.8","75039627076265.7","59377597003494.6","44322997697271.9","38102420447908.6","26756651140861.6","17127928542023.7","","",
"Kosovo","XKX","GDP (current US$)","NY.GDP.MKTP.CD","","","","","","","","","","","","","","","","","","","","","","","","","","","","","","","","","","","","","","","","","1849196082.05507","2535333631.88536","2702427046.9355","3355083116.58939","3639935347.50715","3736599925.38241","4078158323.92423","4833561456.33726","5687488208.58356","5653792720.20006","5829933774.83444","6692521545.73255","6500321212.89991","7073021773.76527","7384901154.30543","6400687590.10758","","","","","","","","","","",
"Kuwait","KWT","GDP (current US$)","NY.GDP.MKTP.CD","","","89580719229.8511","93147485818.1393","101515669826.661","255871677998.263","291741539420.65","297890658873.711","324878458908.731","337859933138.104","356349901710.587","481167473346.767","551902514241.49","670664174453.784","1612744174100.37","1490900232649.57","1628367737533.55","1752947895916.83","1922298159539.26","3068719526977.34","3551202420589.96","3107121664742.58","2675611534778.11","2587925081473.48","2690660024270.28","2659119213459.55","2220078142112.29","2773558724544.33","2565715986054.92","3014824186005.61","2285044484056.59","1365163085114.59","2442602320357.96","2968761942924.49","3056155470765.2","3338343249846.98","3806904071722.04","3669787064968.15","3107969551011.85","3579912902298.59","4445651803365.69","4076872138404.13","4412267925004.76","5485443149179.01","6708741776738.29","9049281501128.21","10969115333763.7","12148928727496.4","15337641888754.4","10501235106070.4","11049989989599.2","14815908533641.4","15189360127684.3","14293005834446.5","12205514592244.4","8122286152695.59","6255972125778.94","6388476746916.33","6127977526923.52","4927426260116.35","2579699339370.77","2280301257404.6","2914205670383.28","1630997689450.07","160227273001.348","",
"Latin America & Caribbean","LAC","GDP (current US$)","NY.GDP.MKTP.CD","7450752896398.81","7985582349056.33","9112124481788.13","9252569697860.5","10285632025764.3","11402034168377.8","12565664135980.7","12954696976951.7","13967206334429.8","15578151138176.1","17853773476266.1","19878860454735.8","22527738274992.3","29431005581077.5","38756631231745.4","41823094245460.1","46372623836405.5","50742412408201.4","57936362511374.3","68314957949439.1","81515688253394.1","94191886553432.3","88876824788298.8","77880697813639.5","78238696154246.8","80197143849144.5","80924976442139.7","85591583353796.4","96876686701879","114318947981135","133628206945380","149202174278923","151186876232378","172305336462699","195826452118272","206925205501546","222622409975215","241311179767999","240166499170146","212128810593395","235337343303029","225072635215777","201540646494755","205805320492834","234027478429952","279132324422938","321383906713181","373068012519481","421864783507830","382195506502640","471148950681698","504606039334464","481867378403321","460804548909811","426566681464138","331984771109881","290559331625481","269889459334420","220009245928262","175943709638647","108740230838181","98118890014918.7","86299943932578","60487036581871","6146374383733.38","",
"Lao PDR","LAO","GDP (current US$)","NY.GDP.MKTP.CD","","","","","","","","","","","","","","","","","","","","","","","","","221397508945.35","298202770874.988","223880761496.977","136997077014.121","75461304361.5178","90039657529.4701","109063859694.417","129539841526.845","142336337354.506","165979981862.96","191391332849.755","216910549452.614","228553520780.097","211349585447.597","153620115382.258","173040898789.957","204254833078.283","206794744925.563","205146310824.829","234988265292.545","272272050016.648","307321672315.252","380438594748.13","456095880653.966","571888432240.054","595993657570.017","715609881898.462","812451010877.771","894915481303.985","999604321861.449","1013292857956.44","1006245135521.9","999006289195.791","898447313853.271","795006072500.844","668545855162.903","513424351939.344","395370119075.142","248267358998.507","158431557312.552","16502933121.0806","",
"Lebanon","LBN","GDP (current US$)","NY.GDP.MKTP.CD","","","","","","","","","","","","","","","","","","","","","","","","","4327342549.92319","3613215590.743","2817200938.23299","3298054318.78896","404251884887.069","337031837406.805","351972187329.008","563214804149.938","701684207927.919","953477462757.659","1184082835437.62","1434234521596.14","1662539849420.97","1898468168025.92","2062158197454.87","2044670404291.13","2028648522190.86","2057924376113.26","2213571747628.25","2306003224737.06","2420549857409.71","2407919611209.38","2425797337173.25","2674467260440.6","3067541498072.46","3594325432874.62","3827289239218.94","3808391965826.3","3934035195459.26","3904478962006.66","3702640166117.98","3501359877287.47","3188296090811.63","2810191637367.58","2431408928267.09","1870030976498.06","849783662470.897","475660135431.113","209924219488.081","38015876532.134","","",
"Liberia","LBR","GDP (current US$)","NY.GDP.MKTP.CD","16164654217.3374","15606752752.2906","16280582533.0887","16990639025.1984","19038312315.3832","20225658180.6103","21504389696.0218","22976523534.426","24408845706.9548","27006150564.2119","29270323054.616","30894413829.0201","33378325969.8383","35145787313.1103","44173281783.1659","52215096034.8543","54250103244.9423","61542226201.9136","65933124122.0537","74743863233.5926","78369808020.2662","77332273747.2626","79038747127.5081","75268199439.2185","77420387722.0516","77609606275.2626","76752516519.853","85799099840","90226200448","70117200832","30752000000","27840000000","17880000000","12832000000","10576000000","10784000000","12752000000","23672000000","28768130092.1508","35344000591.5975","78719401660.401","79370101025.4687","81245801199.4326","63327300493.1055","73624462373.0379","79890400728.0118","90806695365.7575","109538631892.964","130379906380.493","143865437914.802","159972068671.637","185648040364.085","204253076799.518","220790967209.791","212172587595.315","199488816800","190568068400","169890346600","147381115200","116516533200","83654634140","73684977820","64016752360","42918000000","4750000000","",
"Libya","LBY","GDP (current US$)","NY.GDP.MKTP.CD","9245440203.39972","10218253427.2807","14265454289.0998","20540475668.895","30877551244.6325","43115388099.3717","55237011750.5814","65139291306.941","91979487988.3449","104648250459.022","117907023868.95","134780530556.817","161407982782.9","221019219148.732","387225290613.628","376934388094.068","489316654178.545","574675243499.987","567196545092.027","782428036699.9","1049353244958.83","932011901357.055","865028649617.727","850689391010.757","755259721996.004","807900586463.702","619761985455.791","684107822780.906","390768398800.371","404612600799.475","3381705374953.14","3743269449581.52","3964074896139.12","3586968281098.08","3347458343668.03","2993811428819.2","3268294073013.08","3598252468893.39","3193448042267.32","3992889036045.83","4313412898416.25","3756330390409.49","2344100146399.46","2910671379424.27","3753089428861.31","5163891993604.15","6162879042851.83","7377348757559.85","9310202308658.15","6366252905079.53","6368367288905.14","3232306282504.51","6037377052461.42","4922215038938.71","2973886231494.84","2039224467649.15","1922963906674.37","2702544430065.68","2786295701498.47","2246948901850.56","1232953286421.21","853457252225.64","757746712139.077","472545667617.517","46636278901.9016","",
"St. Lucia","LCA","GDP (current US$)","NY.GDP.MKTP.CD","","","","","","","","","","","","","","","","","","2414684792.03704","2818377444.92593","9933756604.62083","18558002653.8274","21205548665.2052","20790600062.8859","22378601024.7947","27466301209.7475","28983337972.1534","34657151886.5909","37871550894.0932","43237663465.2693","49078101751.8349","59488854949.1188","63686143344.0559","70247860500.793","71293281473.2802","73359219247.6521","78860140573.7246","80236360702.7247","81958350702.7312","89340724926.4423","92814536068.825","95823333364.4442","90536170584.5813","91199149033.351","98484530533.2335","106189120781.473","111622203040.313","123348134186.231","131166049949.628","133821119319.188","128818810007","134991810229.512","135333590741.426","130504098856.933","128233828482.593","124757830497.466","119712722246.953","110608955536.125","101928844939.769","89477166209.8431","75876650541.9917","42090396462.7632","38103035565.2199","36657242263.804","24660611161.5053","2549062962.96296","",
"Latin America & Caribbean (all income levels)","LCN","GDP (current US$)","NY.GDP.MKTP.CD","7195429006452.95","7818065501004.92","8896319380911.05","8974594530310.36","9982364570591.22","10953730745617.7","12024155437436.7","12313703822352.3","13256251728453.3","14836125252684.8","16148129404712.9","18038231329582.3","20279291671992.1","26634584722496.2","34574028224539.9","36256055174499.9","40203411238584.7","44215553241097.3","50442431806838.5","59697877951538.1","71458762985288.8","82186504252223.9","78156368461051.6","69324660376863.9","69265523328560.4","70914828343278.9","71892364556597.1","75880200138271.3","85771777559364.6","100737359985491","118653571075041","134536960435161","135903867394006","156087631590010","179846048406127","192869647684444","208326496751986","228098125208465","229882807150115","207356207004715","231291181772616","223790772203630","200695890104530","206814771376831","238405883280656","288293226767278","337911689182866","398166571740619","462621378212983","434273679608045","532702794668900","568650433388285","550542377944258","528450007483447","492040090543646","380569291294025","335154216529042","313640604042696","253592045569698","204171093919834","129078689841671","116773827001020","101601543948951","71005834244736.7","7313631690222.71","",
"Least developed countries: UN classification","LDC","GDP (current US$)","NY.GDP.MKTP.CD","320689668896.633","337638891780.43","362870398289.309","407089173290.192","384304780083.924","769521889927.341","841969411837.05","862395529446.321","909265821994.664","1005110988705.4","1008656083350.38","1057615157306.27","1056029209336.8","1287977781449.78","1617698588725.7","1992507113673.19","1775220104476.58","1958899096210.34","2313096581589.59","2553470325525.56","11639639674224.6","12350805355245.9","12345111087367.8","11716365748707.6","11797483065146","14948294610460.6","15735554543997.5","17286883974783.4","17939849633535.1","18519941341023.1","19797722917052.8","20270517406219.3","17744260379884.5","17868892842580.2","16742776296281.5","18833349303799.5","20526710618723.5","21561993919060.7","21676519292292.7","21918091201980.6","24401552531159.9","23495069273408.9","25413515671706.4","28754267330101.7","33211084679383.3","38655525108140.9","44735559286034.5","53717505025762.8","65229478454144.6","64341320771356.7","72451903408471.3","78769691335668.1","72237220192874.2","73536385788963.7","73432347782718.5","65928581516268.3","60090926195273.9","56179446968378.8","47507653706405.6","40905373572909","31232819134478.2","26724732041287.6","22849271998782","15055175830547.5","1574172751665.07","",
"Low income","LIC","GDP (current US$)","NY.GDP.MKTP.CD","1412857482178.52","1436614553637.91","1533407388941.58","1783876325041.33","1749055275834.23","2367133240075.35","2370643485761.17","3197370383519.57","3353339651295.28","3757261961169.23","4979951458169.07","5261797820938.04","5532097721713.53","6600700465778.73","8116935339881.57","9278730433518.08","9201660998478.33","10457099099439.2","12291812743161.2","13887746706316.5","17912295054115.8","19185525847531.8","19401516964890.9","19027802679250.8","19087117661395.1","20004448444897.6","22330339482327.4","23996201873020.8","26321152864661.7","26382181401264","28639084583848","28535302287902.3","26760471659926.1","25951782648863","24001752939238.2","25748629328414.6","26861850707749.7","26496134214480.1","25422493657971.8","24211387387997.5","25413043388427.4","23901088375766.1","24428590474201","25842600481127.3","28424485997798.8","29949051184968.9","30857150144258.4","32962150141616.4","36718645613236.3","36321057871972.3","39186674988026.2","38169174613302.6","37689635199510.6","37405879863428.6","35622447667405.2","32335855016445.2","28349449179618.1","25926228050853.4","20966394540700.6","17128618055945.3","12312255516980.3","10093728056982.5","8435530892810.63","6328559747570.64","466541517790.093","",
"Liechtenstein","LIE","GDP (current US$)","NY.GDP.MKTP.CD","","","","","","","","","","","9370280986.06969","10908673140.517","12993780087.3022","17256604278.3044","20174190500.9005","25624382567.7977","28339022049.3337","31563067889.6027","45438932656.2041","52330823122.5154","55608859687.5084","53211927452.9447","54297735209.552","54498995056.4095","52272394847.9608","55023930233.912","81053592855.0714","109496016923.317","120822797785.756","116478931868.306","147835184295.044","154351880585.264","169643757868.084","174001619659.397","202604225459.019","252563928852.613","260418408886.614","239034057749.431","257889681921.305","277063076752.869","258327918573.968","259148150641.831","279617572659.545","319357388780.235","359255131098.872","380540241516.026","415363741390.106","477459215735.016","514757337645.5","462352018264.964","396423819990.443","447710910928.79","425919617920.685","428245872912.643","446099452692.527","357508029262.074","292903076318.125","233781492013.689","215964223029.035","155173047481.186","120835463680.775","121996449722.617","73644296797.7613","8287748667.20832","","",
"Other low-income","LIO","GDP (current US$)","NY.GDP.MKTP.CD","","","","","","","","","","","","","","","","","","","","","","","","","","","","","","","","","","","","","","","","","","","","","","","","","","","","","","","","","","","","","","","","","","",
"Low income, excluding China and India","LIX","GDP (current US$)","NY.GDP.MKTP.CD","","","","","","","","80067198976","84330840064","95202263040","110766538752","110161485824","116192051200","139293327360","193968177152","231878000640","251397914624","284062515200","321839366144","363153883136","451833331712","1241555442266.32","1217105384738.29","1116840235974.23","1119574561043.67","936885685263.615","952584346604.251","1026422843018.27","1053817660743.17","1011954527623.45","1051344565190.64","1060413485168.77","1038312410956.49","1031054519266.45","1025360645988.97","1160353984009.58","931456116211.526","585700474880","463829336064","","","","","","","","","","","","","","","","","","","","","","","","","","","",
"Sri Lanka","LKA","GDP (current US$)","NY.GDP.MKTP.CD","170660841865.147","174832378332.615","176465849354.106","158064693820.248","167501362681.43","208476818149.485","215266147034.7","228539658927.036","221002045716.352","241556165264.791","291617062985.43","300876302036.343","324334931145.468","365185279243.629","453938652567.691","481526013228.897","456087486694.269","521236807937.36","347114134776.977","427292500671.08","511116236609.416","560840230117.133","606199436389.813","656777516202.209","767382845240.318","759548931399.664","813921068263.98","849098741692.077","886861270564.392","887835780525.041","1020543700272.59","1143396999578.32","1232872495215.46","1303068927844.74","1453001444774.61","1602170149052.41","1695515329265.95","1825931897552.77","1894601042122.28","1863346433211.67","1927255944847.79","1842657015263.75","1939219965923.37","2166946731766.34","2351881818902.47","2729871313535.39","3107809425387.3","3493889481260.53","4274692834911.49","4290625801136.82","5529841907823.54","6127264455850.15","6061872524654.49","6296464737020.7","6240075111479.13","5822519901423.69","5281558471562.4","4768678080973.31","4006056827642.31","3119052150031.01","2251853970146.77","1852993860619.85","1187868340952.78","842927902984.882","98963185509.6499","",
"Lower middle income","LMC","GDP (current US$)","NY.GDP.MKTP.CD","8604660154307.06","8729293095888.09","8802717717234.22","9745901150859.56","11015500180098.1","15868646746840.2","14870195857175.9","15946882703781.5","17203804415431.3","19156832734408.4","21929002117722.1","23078734286471.8","25165931550338.3","30366231008681.5","38373452020182","42628078330607.4","46531188762592.5","53349512797950.2","60743446703734.4","70332527460084","91490307595764.1","101008641958824","102642805323110","100940062036308","101147852178239","106749814266634","113468307492927","123357709808465","129618928288939","134282576360303","144220672127378","138611779507661","143493295975157","141116197391250","144996407941641","159992457452294","175063566659171","179378467310932","165167298137656","170873100766242","180044603475726","179913637351296","189659276152224","212806243811144","240999919185786","269878683007644","308749143921778","369070943920304","394369831421390","378999578485892","449105766040053","478397855006071","473447481991878","461103673338852","447830819328506","402971667102326","377277247980705","339128436206954","289167094615660","247141470124218","182826513070012","158215404746859","122442462995550","74267137560425.2","7857490239272.01","",
"Low & middle income","LMY","GDP (current US$)","NY.GDP.MKTP.CD","37271398844757.8","35997205190567.5","37722205164063.9","40819578205569.8","45406068697595.1","51238393931607.7","53115971520363.4","54650849589808.3","57744199074786.6","64520467397974.4","70768830788505.7","76333315018608.5","85454206843241","108019005876232","140213686447698","155448082287298","167839689981049","189094006615843","206427998933338","245509421739455","288625194867586","315766902402633","311499735427261","303793095974492","308847792885869","323403282195281","335147649487046","345253361443592","371560610805745","393608665978983","443720004372357","450029364583015","458368879785763","487868476911610","531297774042295","598718762245824","649896066278102","681059053622815","655797636641083","634502933051806","690605732667053","684388559845877","695402225537484","777768402253012","911665069356092","1.06333793682272E+15","1.23645099183396E+15","1.49894512544381E+15","1.74308092327214E+15","1.66242191230036E+15","1.99943385085006E+15","2.21085550487622E+15","2.24366303972791E+15","2.23063676584397E+15","2.13694380770637E+15","1.86489217912544E+15","1.68903424812766E+15","1.55440649253742E+15","1.37135559911558E+15","1.1454595304671E+15","821731194722793","749314150509812","597787056072141","375194110652201","39216943108499.1","",
"Low-income Africa","LSA","GDP (current US$)","NY.GDP.MKTP.CD","","","","","","","","","","","","","","","","","","","","","","","","","","","","","","","","","","","","","","","","","","","","","","","","","","","","","","","","","","","","","","","","","","",
"Lesotho","LSO","GDP (current US$)","NY.GDP.MKTP.CD","4092543951.34096","4225095972.07726","4954132142.1649","5567185299.08354","6147100432.81559","6549943362.40863","6880447583.4347","7222530288.67381","7483483204.7221","8025328078.04264","8736704928.99354","9601567069.56307","10250135249.8872","15367133203.6787","18992217243.5054","19043110330.4238","18801425377.1781","24614436542.7419","33942010558.6687","36946983059.6806","54296382119.6094","54656227973.1701","45211864730.4391","48949387434.1336","42295961310.8896","34038287497.8371","39597475609.3777","50064375039.2467","58449491889.5951","61800025248.4072","74248917763.1676","84880521393.8558","100264683853.843","99946465142.393","103286811508.604","116074260139.053","110177429028.007","115657740186.82","106362490209.327","104119540531.427","99730919913.9878","91103817938.2936","84457833160.6132","124854008263.483","160279128074.311","174653114518.612","182557167969.881","181804917214.036","182042663452.44","179459767240.069","226663255408.073","249667240343.297","227371170430.347","204200480873.317","192276812815.731","159756084763.078","138251653675.543","128060131580.949","113925869496.136","86484681595.4143","55446494021.6064","50791806046.7509","37655702986.2647","20891930782.1117","2271541845.62002","",
"Late-demographic dividend","LTE","GDP (current US$)","NY.GDP.MKTP.CD","12604635376427.8","11629481101299.8","12034297064039.3","13034066689319.6","14439844919129.2","16169344749499.6","17911961446220.9","18006651750664.4","18320092610843.9","20468022922207.3","23265224683712.1","25858733392901.4","29649593758741","37766566847474.1","44403463677071.2","48692731501768.7","52640274089207.6","61111679446767.2","63865471289942.5","76517078873372.2","87451619910650.3","91981437668526.6","95757502581417","89923283882933.6","94331260499662.8","100403883478985","106228197489875","112198559075263","123459215426323","133111078471464","143505828599316","150738560718396","144838782245515","150764192344598","172203384710258","211483563156030","232900289012236","243827590516920","234823686912000","216966030135816","241718711065444","246336130516415","260991541954876","297491616766735","357594258583950","431535634167853","520792744768913","656068819879638","815548147371054","788322661868056","959995782947004","1.15371090387616E+15","1.25139391400334E+15","1.32941907153966E+15","1.37954445061132E+15","1.29269471358297E+15","1.16646358937369E+15","1.08879560499375E+15","990586838991715","828785442743109","608187711397242","563382052332063","449651523150355","284011176258492","29910723278948.7","",
"Lithuania","LTU","GDP (current US$)","NY.GDP.MKTP.CD","","","","","","","","","","","","","","","","","","","","","","","","","","","","62129950053.4128","77784421147.9355","85413383202.3061","513449250780.552","514480389443.506","416508347126.13","335340210366.102","312621997283.965","933386336130.97","992177142928.356","1188971862002.27","1312052403923.01","1270610062696.08","1321793643270.85","1392055945856.48","1607756197862.24","2096945247063.49","2578202504701.84","2918325870599.16","3317590701821.3","4269975820894.72","5007808847660.53","3805577091144.01","3693512184193.8","4120649955412.95","3851113210979.17","3898918134112.16","3781190421283.62","2941421306088.13","2705494838142.54","2524370622334.17","2363465663641.08","1970349533276.81","1534907784367.04","1399404916694.88","1134185489168.15","790084852348.096","84869215513.3648","",
"Luxembourg","LUX","GDP (current US$)","NY.GDP.MKTP.CD","82736718608.2167","82762628497.1146","87154225387.2048","92987665956.9687","106153813924.686","111182579434.079","116833281212.954","117591104576.824","128656893387.93","148976653295.232","180831480335.253","188400103292.933","235901263290.988","323748374559.535","394922573543.492","387440364648.213","424687004278.533","470054855318.982","585323424432.43","684368309063.722","746742713613.361","626893768943.735","570903855730.207","561217359682.868","550576026940.915","567794208426.403","829335509346.281","1032171163505.86","1168029773637.89","1244873488967.31","1583792227113.26","1712381457147.91","1923024891076.05","1972185998719.79","2179807289772.38","2568440034367.81","2557051237031.27","2303543596005.52","2386946870291.85","2588824309462.5","2467323374966.14","2445278937270.66","2692427949180.13","3369934533717.26","3926514833151.04","4182867838820.68","4666741633088.35","5491676482508.69","5923520602195.66","5284634548916.32","5369473471456.98","5702712840630.84","5156982495187.46","5316188564610.64","5012513146010.56","4154207422495.63","3823983522105.53","3415093634675.56","3119273572429.43","2531749556877.98","1988576340492.34","1799855101298.55","1307327811538.88","859369076204.131","93197329011.7078","",
"Latvia","LVA","GDP (current US$)","NY.GDP.MKTP.CD","","","","","","","","","","","","","","","","","","","","","","","","","","","","297820930333.625","354706842392.887","364597756245.276","398059205717.322","367945475589.367","247161707312.894","217632797455.105","235058271859.526","685583977596.349","707027340852.605","769618638073.33","834674420062.343","884216279565.819","935300432183.921","979242186628.623","1101458391983.53","1330471941521.44","1616627905367.24","1863183581826.13","2308039289052.33","3262810920916.23","3683780786474.23","2666038417739.27","2384746369946.58","2667015128508.67","2531116841613.14","2541612452046.06","2440613174880.18","1920455682501.6","1749904277024.55","1604400712092.28","1508302966799.46","1224933314126.41","917554818289.951","821692586670.924","636057158418.8","428319715967.849","43520773851.1219","",
"Macao SAR, China","MAC","GDP (current US$)","NY.GDP.MKTP.CD","","","","","","","","","","","","","","","","","","","","","","","136660038309.708","135802710097.992","156944340195.537","163122576045.411","183178491777.264","236085811117.782","275858483467.136","325540200353.061","390954522508.801","453005763289.107","588035933598.241","676897667661.325","753829066548.249","841522187938.769","835300895958.666","844921182355.579","780327587033.102","741837057036.813","759768293430.102","776988335520.335","831965178960.404","891537338789.047","1151190432502.57","1316700295875.52","1616130512054.36","1922461101778.84","2112415162842.04","2168424219809.02","2764032174710.01","3489086903063.79","3879210751726.32","4381217820257.07","4307602082915.82","3219151355607.92","2845691128171.46","2676654895799.51","2426326013945.36","1973515940194.06","610154138572.658","643154861965.556","385918846276.85","463065782505.869","50183212761.3484","",
"St. Martin (French part)","MAF","GDP (current US$)","NY.GDP.MKTP.CD","","","","","","","","","","","","","","","","","","","","","","","","","","","","","","","","","","","","","","","","","","","","","","","","","","","","16293436735.7853","","","16231446172.6605","","","","","8478678294.63444","","8439681310.36443","","","","",
"Morocco","MAR","GDP (current US$)","NY.GDP.MKTP.CD","246495517707.138","245108712551.883","287932704640.659","321527292132.562","338599498732.263","359695776795.858","350920354616.252","371653490646.602","399112838601.795","445497201134.09","502453749714.412","553292940067.127","644412877422.731","792756139351.078","974877134765.497","1141042826467.96","1215079791151.88","1403335097292.24","1681082075949.23","2020838637089.43","2621547314329.88","2138766437531.35","2138238430979.17","1953296773215.74","1782247099447.72","1800702508978.06","2352379703389","2615959631865.39","3095014009137.03","3173826515492.94","3622156606042.91","3885352710145.14","4026105619310.11","3758832540958.32","4178792520829.04","4532154661755.82","4985464603375.01","4492671203281.15","4957720537874.66","4892277988026.61","4532354882325.23","4576769967137.28","4864893298010.27","5947949166039.47","6749790796193.71","6945699796287.67","7540217267600.66","8532948251359.35","9751019722308.09","9555809834548.38","9384012083822.97","9731421188874.03","8948637228598.29","9198356512408.08","8745276386347.68","7346577373022.27","6657546483983.4","5978664270205.66","5371511358741.34","4481340010243.46","3217921503160.95","2967506190171.87","2104644233225.71","1430940112335.53","154430996472.752","",
"Monaco","MCO","GDP (current US$)","NY.GDP.MKTP.CD","","","","","","","","","","","29894229586.2614","33421163164.5843","41050844368.8294","53402403054.9717","57521970995.9364","72616872990.9781","75004467342.6026","82746820636.5617","102054898282.647","123409260033.506","140569940427.507","122927228695.065","116609201324.963","111440393249.237","105806315961.897","110451023406.897","154551705017.277","187587567000.054","204069207054.549","205031489588.074","253094120797.066","253012427230.47","279181981830.739","262592072177.014","277470952844.329","319290249772.017","320059142627.863","289698680101.453","299326344230.868","296431497812.996","270189475195.123","273469643264.362","297887402276.339","366454099072.542","418959192507.472","432973734175.454","471953727135.95","604507272647.168","681656791603.42","562750015087.186","487656469470.234","553369001803.651","269917906120.982","308096229821.281","332168547952.673","294280767279.255","304118581044.061","282800244912.088","294718518629.233","199521470586.999","155264814720.905","163698786376.346","114290603438.835","59972103282.73","","",
"Moldova","MDA","GDP (current US$)","NY.GDP.MKTP.CD","","","","","","","","","","","","","","","","","","","","","","","","","","","","22008453536","24606033216","27965432480","312680247348.348","231433185915.347","173819767279.262","178513596579.456","123429276693.229","224407152736.365","206881765798.953","233476779340.764","199854186867.763","139317100887.259","152032719741.188","173232560361.333","192732910989.185","227786754585.808","296186130552.8","334535415478.174","374719734420.478","475347334704.684","635733999538.682","554749890359.967","632335965841.259","727940419065.923","718141399791.548","745040988747.324","687936418101.961","517858218190.885","482362075584.046","496167988424.281","500332319302.773","427121450884.637","315286686852.385","287468180189.172","231907596958.055","165566835671.868","18200340853.6517","",
"Madagascar","MDG","GDP (current US$)","NY.GDP.MKTP.CD","81442450511.9282","84598139706.7293","89453233995.24","91880355399.9226","97099822316.1624","101694180007.513","109831670107.542","116684658418.605","125862997152.188","128878978577.321","141205118170.685","152336528014.144","170295812939.727","209937618802.179","243522068423.202","289945482386","277092383562.585","299582292870.809","339056807252.882","439870082535.561","555096700367.134","498466408372.104","493140322556.406","488262971055.53","408104732771.976","396957354890.712","453030884248.526","349136213126.816","337086613282.157","341643748585.357","421870803857.509","358904639044.314","408698925379.092","449614918528.58","388617931244.082","413157155055.707","521269891418.82","454855220260.829","472529692099.625","462561878854.493","484619863894.432","562747835722.679","544441335581.759","661856647299.109","522715474898.902","593906845798.784","638338691141.014","841493249738.385","1041603672930.25","915976828570.677","924957134335.163","1008010818442.13","960966731161.175","976601605517.512","909148986531.929","757460397578.633","705628577638.257","678124638782.5","601042240982.614","508170961333.76","354758708310.281","305368654467.526","242965627498.22","158947323371.272","17420814800.7045","",
"Maldives","MDV","GDP (current US$)","NY.GDP.MKTP.CD","","","","","","","","","","","193280383.158385","215664040.092255","251771375.369786","308620415.767564","391201712.376257","245408775.91601","223994671.226481","208537887.322749","243691091.45637","385233644.957223","5223019861.37144","5508119189.33626","5895222261.74327","7113063820.73287","13286079095.0656","15502881649.5444","17308765667.2209","17198898902.2199","20524941836.8687","23110544620.7747","26237423202.3946","29799491149.2997","34726903933.437","39307469467.4823","43421520892.8536","48402200402.8171","54381801090.6287","60992857142.7884","64537932544.3594","69582795380.778","73686245375.0983","95875994988.989","98176364243.8654","112560883850.301","128964005568.805","120224092988.319","157821229307.305","184444671409.945","220229671295.978","223338529730.038","241016369607.857","245772295864.8","243315095345.11","262324871668.299","275290675562.279","280393173764.419","270209355207.777","252344009241.186","234729189683.164","204188831230.804","101546272796.089","110508042453.638","98826776134.523","65945365811.7474","6975146349.42592","",
"Middle East & North Africa (all income levels)","MEA","GDP (current US$)","NY.GDP.MKTP.CD","154873947764.352","164641403848.007","162594931026.312","179838820897.998","200221304433.197","352499865297.303","377702983171.103","407248369971.73","3740251186374.85","4163926132242.57","4682425440385.73","5454888796247.77","6655107738081.62","8983300719905.57","16471303803209.6","18076460631728.6","22540043193740.9","26151648493727.8","27831212367219.2","36393583174502.5","46925218088171.2","48575344452551.7","48402535516140.1","49071328711391.6","49754372230228.6","50639878735635.5","51691687280674.6","47650875072070.1","46740040941926.9","48287999624179.8","62025702887063.8","55715929366555.2","60545203131147.4","60769630290768.1","63502864913785.6","71431105121501","80590369365321.6","83923915907397.2","81827494679551","87939713345951","99374807277823.3","98284620094926.6","97895366234199.4","109719589021170","128224137457819","154078977347856","180630147411144","213619395162771","266978091417711","238837033415218","271125120247885","309031525529566","310462413686231","298584858504984","274905597615215","220945731771274","199757138546879","175234981740727","156053744759872","128149171138447","85235967056613.7","79197660511582.4","71884193743534.7","43590682484768.8","5025772564328.3","",
"Mexico","MEX","GDP (current US$)","NY.GDP.MKTP.CD","1581937247152.1","1716198911122.87","1844126739847.12","2054439893539.52","2433617700101.64","2668782889326.84","2973788627152.35","3246122996465.08","3588909398340.07","3972445504211.11","4541664690039.77","5010713102111.07","5776341681879.47","7065682484275.8","9198840936127.75","11244359217944.6","11325616153359.3","10443153807783.2","13085514747946.3","17164753450879.9","25327727134814.1","32649767764644.9","22647628104583.8","19256692474507.3","22715294108990","23940022279082.7","16683588290553.1","18163275420932.9","23130612968807.6","28160848248893.6","33204184410982.6","39741211770146.3","45995624024522.4","59707746218869.1","61872671939615.4","41459477070708.3","47314332778080.3","56864544748973.9","59336072448310.3","67434855563124.8","79350144112822.4","84046420706803","85565891579861.7","82461923204228.5","88044047248711.9","97242067806546.4","106567888513764","113318339382757","116597912706885","91921331318008","105893514387607","112227841617120","108211633037651","108597714261312","102730309343046","83282294964717.5","68043471669039.6","61744738774674.6","54214897105378.3","46106404660557.2","29739505835472","27312478563815","23281447766944","17894918317747.8","1852722885258.11","",
"Marshall Islands","MHL","GDP (current US$)","NY.GDP.MKTP.CD","","","","","","","","","","","84084860.2056546","91168101.1000888","99736521.1528037","116073659.227134","152175320.90057","166913009.060868","181536470.280204","202100691.947452","222093699.317356","255453460.519112","267106529.570055","3718904000","4186172000","5004848000","5411898000","5260274000","6712076000","7550494000","8474352000","8740624000","9409468000","9889062600","10907357400","11903858800","12952061400","14407880800","13205284696","12722698820.1873","12803232460.3192","12839746812.92","13155802193.6145","13673708136.5379","14633138489.9209","14691497912.397","15019499480.4279","15519870582.0881","15843960832.3444","16287493559.7029","15926972695.5937","15475561785.4548","16270567861.0416","16416841360.4059","16447803824.0154","15983083672.3654","13821951898.7071","12206468518.7616","12450718044.2383","11155656431.519","9677166196.36504","6329628328.71094","5808704410.86426","5412457571.14258","4170825025.68359","2691800000","280357844.229802","",
"Middle income","MIC","GDP (current US$)","NY.GDP.MKTP.CD","34634065402945","33275864981584.4","34963866799128.8","37501706780631.3","42342146213791.2","47126608220499.9","49010046368035.2","50477418735292.7","53368648043618.1","59618910157683.3","65473027657770.6","70709220255692","79508417715427.3","100940683314481","128494802008920","142106676732636","154183309061165","173584811347328","190638190649846","227576296734111","277695039731308","305158069113111","300462127194959","292958247093081","298421488740889","312377494452992","323260908970187","332096631051763","358552101936549","381565540697515","433070933214535","439741353628736","449866543728907","475736817634315","512816266198919","573058818389455","623117827092302","654623455698733","630506107442637","610467267807544","665416398301864","660615033443499","671223044020099","752161663673501","883446351365170","1.0335318511263E+15","1.20558234258318E+15","1.46594970755645E+15","1.70623008559936E+15","1.62621516956489E+15","1.9599588560558E+15","2.17237719877564E+15","2.20583239207723E+15","2.19345755655094E+15","2.1016868403117E+15","1.83299562647436E+15","1.66098392047937E+15","1.528352075396E+15","1.3502482246333E+15","1.12817594714161E+15","809479168149499","739243541026500","589340079310426","368935828342298","38748293620690.4","",
"North Macedonia","MKD","GDP (current US$)","NY.GDP.MKTP.CD","","","","","","","","","","","","","","","","","","","","","","","","","","","","","","","545341527759.877","571842783352.255","289403554743.92","316911235646.124","419315274098.456","547566378817.031","540008480201.862","457510381849.394","436256108313.835","445848827484.051","437746483633.639","423381710504.041","457431110119.331","559753365286.562","639298217957.801","689141124448.497","742556750012.674","892242834753.9","1036898995396.9","956615006698.091","937532386776.391","994600549769.855","875277362148.728","914870187842.739","885639035966.741","714567197895.198","675100631094.5","599165424525.15","557741291230.065","453707877341.514","332708537364.716","292706743477.986","219819290503.389","153626661697.384","16685236492.0675","",
"Mali","MLI","GDP (current US$)","NY.GDP.MKTP.CD","","","","","","","","33549381487.9064","41931845086.2628","41440682833.7622","45530052360.6977","53112569359.0032","61575679450.1403","71363799206.4251","68206442820.9321","105169771153.603","118908487937.033","132912267018.269","154796060865.252","201984737679.353","223924157739.041","192278268548.036","168408401720.519","163421021869.701","159257575162.697","171658886516.084","225816761212.675","257471172537.429","264202869630.744","268333685577.121","327452256323.528","330191468323.32","360211528180.152","347860577563.171","242885685921.939","321317156286.174","331745537790.389","316231672484.904","336084810479.254","369232319581.306","324623484386.833","368655224368.352","426501857233.771","525548496330.331","598487970707.29","663283204861.531","725774352614.417","843417323351.844","994590263643.959","1004642363107.5","1032832606158.47","1180142080034.96","1082329576873.42","1092259031962.06","1103371765722.27","929213528072.883","886369848830.264","816586997067.915","755659676358.968","626207038275.049","474583879693.141","408350065700.838","304360010369.815","211550111730.312","26588067731.1692","",
"Malta","MLT","GDP (current US$)","NY.GDP.MKTP.CD","2693614979.67753","2800015608.44649","2721615136.72199","2699215011.08642","2755215341.17535","3099131915.45635","3457854932.16003","3694283355.24508","3593232417.61408","4132469370.49586","31238261349.2042","32985626891.9542","36769769702.2531","43070171364.314","46860840882.4968","59139361835.589","65780403852.131","77946291159.6828","98895383963.7778","124759384705.492","155780493168.351","154940410255.148","153820221228.257","145268828086.138","137323305443.207","139367007040.901","178859195283.269","218207089807.295","251624081083.381","263972752832.383","317394416515.726","342609749774.857","371025208333.129","332649266005.147","360169230394.747","427383973592.791","436683961378.786","440718972127.189","461319426359.02","471434493172.557","480339009566.909","476677620043.643","515587084889.794","607485183674.556","670489955043.855","696344191304.717","721528310749.891","821681148733.321","896134005436.672","852205708244.679","848874577525.079","899752124418.478","829366387345.894","858306797379.637","765188919817.604","721793706697.326","724391621987.838","698230851548.166","664896109054.563","561668463124.141","412753317504.431","384774607290.955","296389867637.824","217681917418.524","24322006607.9295","",
"Myanmar","MMR","GDP (current US$)","NY.GDP.MKTP.CD","7086279867.86945","15013876244.6065","15715110849.6595","15857588040.0786","11596474247.0588","10309571069.2375","8577788605.31228","10395938376.2371","14432785445.8166","14969779088.5955","21698328500.5309","21979172126.1294","23170637704.6938","25213499700.4301","40408645956.6515","39443668591.8484","43150920342.9179","37822598564.7407","39782895357.462","42648827180.7594","46614054809.9425","48167189516.7341","56043812271.3166","56760865636.703","55604353883.5831","59269414852.3576","68893562041.0808","75768565086.8969","80704686817.3148","113849343176.28","142335253355.022","161609731122.743","205128627889.32","174061746846.494","226854973466.371","212193646632.042","256208403568.556","272932369041.799","344169761042.314","492754389874.202","924707444216.582","871837567534.88","1126161853111.26","1723760795864.08","2111005565892.06","2632552065687.15","3401126294680.28","4831598450177.06","6898639725917.82","7961462015494.1","9730676785956.3","11781854628351.6","4852775253930.62","4678924594187.38","5053252489825.61","4398820050899.98","4007494020828.62","3507477622181.7","3082088782018.21","2655848098646.12","2126753183149.76","1383026531476.6","987413985329.319","659805840676.381","74079772652.4286","",
"Middle East & North Africa","MNA","GDP (current US$)","NY.GDP.MKTP.CD","204785424308.695","362366325366.41","369275907637.385","412673106764.429","461843056109.553","1196042326196","1250112727528.59","1351773290378.94","1577710038967.67","1762025640959.3","1958945556200.98","2239140314515.64","2701506871889.21","3634768794164.76","6199929966619.3","7172482364390.14","8805280098809.73","10184953657467.5","11135031068554.2","14070983755684.6","17001958058562.1","16661259770580.2","18181327755144.6","19967334895154.4","20893281973908.6","22405231981715.4","24183064832130.8","21015186076287.7","19751702170959.5","19931045288306.2","24447815906508.2","18207797697000.4","19425125603176.1","36051320903050.8","36765148700216.2","41820167526623.3","47490650123492.1","49206047816666","50048685051439.2","52575884377925.4","55112553568273.5","55163471551147","52970768731575.9","58225151217051.1","66745760195267.2","76870831335665","88091846509764.6","106356305751849","128721576224859","121060969735255","134766032390007","140904208125237","149109661863541","135892148821733","122622653038740","90993676517108","83660857824037.4","77215685783104.3","45874915088657.7","38443343769116.7","34831583837085.1","32234773525571.3","28003435989587.5","16981617523440.8","2153572215659.73","",
"Montenegro","MNE","GDP (current US$)","NY.GDP.MKTP.CD","","","","","","","","","","","","","","","","","","","","","","","","","","","","","","","","","","","","","","5029734400.22332","8542611607.14286","8289503273.53261","108186785954.673","127494083463.764","141189721352.559","187572125947.002","227763966447.919","247938683679.463","297377594633.988","397006393158.987","476926165746.55","423642725314.316","413166139235.142","430717757084.727","368616156610.383","379067087822.919","358009387837.042","287105805249.701","274443499755.272","256676964366.186","242103769690.147","199331314403.102","128836301489.672","122984995183.338","99275357153.3884","74801728109.3532","8069536125.80285","",
"Mongolia","MNG","GDP (current US$)","NY.GDP.MKTP.CD","","","","","","","","","","","","","","","","","","","","","17267055475.6","261094125495.033","288361365870.5","307796593521.833","238484153110.3","248093776881.8","327273751022.434","342346414961.2","362749452159.2","404232939282.933","283731094552.891","260832274735.441","149398673729.693","93734741547.5891","109097789874.667","169754710165.258","159333288790.186","139376636890.801","132025665975.919","122956776966.661","132075525239.775","145513258762.182","158929932575.652","180225828059.022","223551216787.374","278957074569.622","372251774825.599","454864337202.917","588611124792.592","466789674702.155","696952824765.023","960296767379.518","1082446855808.03","1061762097508.06","952194154963.457","831060053117.819","704444031887.671","607308282106.332","577941974704.061","508337772004.628","358922941595.386","320638438921.731","273336782099.408","201439449841.954","23586055802.4517","",
"Northern Mariana Islands","MNP","GDP (current US$)","NY.GDP.MKTP.CD","","","","","","","","","","","","","","","","","","","","","","","","","","","","","","","","","","","","","","","","","","","83460000000","80535000000","78650000000","68965000000","64350000000","60970000000","61035000000","51675000000","51935000000","47537000000","48680000000","50564000000","54502000000","59896000000","70630000000","74092000000","53660000000","31886000000","13776000000","5484000000","6576000000","","","",
"Mozambique","MOZ","GDP (current US$)","NY.GDP.MKTP.CD","","","","","","","","","","","","","","","","","","","","","291958044364.149","292426302368.226","299217085956.03","268096707402.436","279556742339.892","369412713292.188","434759097958.206","194719007766.568","173143971091.916","191307471343.411","208414845328.651","395080005221.898","285798047016.675","295686275914.414","303930477787.408","313049819705.945","427355453959.387","508971557952.333","576571003803.123","621027541050.113","584287820263.164","553155170650.274","576911827209.958","638388782882.868","771852402099.12","860568619138.001","910890656349.736","1023555191034.21","1214985996909.54","1133246613953.65","1043568165746.57","1296203666386.89","1392239332429.18","1398346471737","1351450967589.93","1100891765190.17","733006131545.721","692470086855.252","653122349085.17","553008471375.94","381797716514.266","337036929870.139","295703495615.066","208223717287.482","22416650343.4786","",
"Mauritania","MRT","GDP (current US$)","NY.GDP.MKTP.CD","739209662641.474","14913731342.4243","15369863075.7694","15721320435.315","21013508386.1416","24113666233.2669","25170715338.4332","26689428085.3796","29361138500.7323","27821042464.0996","30220036795.9829","32775789066.6319","38255041299.9645","48175319749.2385","59873973439.0833","68700215386.76","75700154784.785","78042583840.9506","78589594840.202","92973988386.1769","102352593618.669","107975753826.282","108296144570.62","113804436297.318","104935923466.001","98621538377.9344","115884417481.253","131308293618.946","138170958077.049","141645654771.328","147147906234.632","198785186055.724","206793587274.753","174434566708.088","182058665214.983","194267016944.086","197158508391.267","190702117584.388","182819359367.075","181118107094.328","164154901324.664","162980783785.26","165343675694.816","191026046084.354","221636829532.947","265340364641.809","360783372985.472","388842151918.632","451511460421.924","396417832726.716","464243535331.403","531258389464.899","507840234705.311","523599819537.714","461812162816.112","352689163169.233","357353778452.817","328975751517.484","305633005559.761","281657221965.255","220731339470.211","196325604444.006","156792931025.987","105720564622.494","10766731873.5407","",
"Martinique","MTQ","GDP (current US$)","NY.GDP.MKTP.CD","202753468.150097","238726513.116519","272836064.520148","306905169.362171","347779973.089734","386872270.276798","413041856.629778","431757533.000438","476723840.549807","497680070.124165","1152653169.33761","1317474904.22218","1642615575.72585","2144542128.39556","2167488111.61768","3133326490.76364","3128442168.29397","3578908204.44362","4405600116.39864","5207041586.79248","5775736028.84493","5332393495.02352","5401156426.98321","5308337909.95977","5043874074.79042","5598962055.99624","1995899520","2621726720","2836343808","2834796288","3548282880","3684243200","4418679808","","","","","","","","","","","","","","","","","","","","","","","","","","","","","","","","","",
"Mauritius","MUS","GDP (current US$)","NY.GDP.MKTP.CD","2420576438.60875","2863628174.29209","2952938080.01233","3790731737.78672","3269176816.94942","3435058890.14909","3397873392.51134","3560759945.93127","3084844784.65609","3308498689.515","4452488077.22039","4996497085.05807","6330702609.42083","8032075205.71623","13308949713.8086","13376741499.3768","80531521731.0375","94212902796.5788","116144949072.696","138538686965.654","144457041089.597","146238028070.977","137550760565.082","139108069638.419","133169135386.315","136339184796.263","184003311339.672","237123703150.736","270680780212.421","277411369571.659","333388295842.476","362112996986.67","405790088520.786","411851888038.751","438756088065.412","494147268137.229","536094908118.755","509807722181.87","500456915864.877","512596112074.97","543018255440.86","534719650486.003","554267618454.681","650983518786.664","734074490154.397","713881447643.38","754659031440.215","859594508862.323","1033419969411.63","920398040841.766","990954567514.411","1086971353403.7","1040230400652.43","1030560649021.48","1001796307729.27","835306860029.524","776851711850.175","711868569706.431","634833528004.34","513622602377.315","304069314472.368","240626306422.814","206800682592.832","144912328953.233","14952555414.8553","",
"Malawi","MWI","GDP (current US$)","NY.GDP.MKTP.CD","35408767750.6675","18330772815.058","19227466510.1612","20035960980.9134","20447558076.8312","24322546387.2569","27602157561.0853","28600193721.4265","25987375599.7835","28175250559.1514","32248153737.2695","40558225010.7437","45074528845.7033","49316776150.399","60896785265.8997","68065767295.232","74404658554.5853","89496427503.7202","104389913031.536","117469649001.333","166198752407.564","166202704269.793","158468293460.05","164258694210.163","162219009530.851","151922487896.61","158922751174.233","158713976895.164","184893326360.371","213060439616.01","252140839398.104","295776150212.438","241984130056.329","275682134399.249","155470312583.368","182469673709.553","295556458930.301","340711447400.802","222689162898.983","224442428065.088","218277500336.428","213315378408.009","388322078261.408","353815234101.771","381283220449.922","397915199519.741","434027328769.683","479751856537.467","560108449001.746","637851115080.809","698786574913.926","761736059392.928","552432080102.302","484819441226.558","503397939588.986","498929213308.243","381963642145.974","404893272540.824","385042024844.836","366563750881.376","324441426471.402","263340059898.108","206080199969.021","132610264741.945","11008925322.5134","",
"Malaysia","MYS","GDP (current US$)","NY.GDP.MKTP.CD","253431859107.842","251531525143.155","264446408043.475","309994099802.42","330914776934.884","368195309602.722","391648983039.283","400709684550.771","418272578398.235","460958963964.158","511583089334.938","552421693002.616","656420392994.848","997384904975.404","1235997597301.95","1210284146953.5","1438253881207.2","1710157557929.77","2090706773406.12","2711244745960.34","3129739719981.5","3195747714609.88","3425333691215.94","3867093168653.29","4338198384002.56","3987583800845.77","3544658143293.77","4082431903265.13","4474922883503.06","4925924399065.09","5581167824215.29","6224234767380.14","7503656844443.15","8406755324896.91","9220185453875.9","10906811375925.4","12300960208685.1","12106499025276.7","8661090284412.16","9418455877277.54","11024448203711.6","10803124686676.7","11641199194996.1","12616787869233.4","14189040017414.2","15938318318535","17770738055877.2","20782036595825.9","24099515367799.6","20537451978851.4","25233878178189.3","28095875185011.9","28156403115735.4","27375712606125.4","26335917735598","21247412163338.1","18875512999094","16857418220669.2","15770957359846.9","13141007631286.7","9105985898501.38","7842824746743.66","6513744984059.93","3996826298212.48","421972102253.57","",
"Mayotte","MYT","GDP (current US$)","NY.GDP.MKTP.CD","","","","","","","","","","","","","","","","","","","","","","","","","","","","","","","","","","","","","","","","","","","","","","","","","","","","","","","","","","","","","","","","","","",
"North America","NAC","GDP (current US$)","NY.GDP.MKTP.CD","58536248411696.7","60531065603355.1","64856557302448.9","68483715669012","73645371290967.4","79950894028784.4","87755128586077.4","92879655607787.5","101555688462364","110002594232386","116700079392406","127077451365494","139998529401889","156568623330388","171582588710798","187025460710573","209331761838846","230851516827061","258746538435459","288938496222546","315207404535871","353556169835802","367816358824057","399823126517392","441869350847934","473195674660326","498926931444983","532352296747739","578370657794489","624732288894805","666569614763316","681112308902800","715585004918549","748035177788463","791245355289027","829467716539573","875618826250936","929210088565827","975890964756755","1.0377375781566E+15","1.11795682757569E+15","1.14012107997795E+15","1.17783380330707E+15","1.24445127569844E+15","1.33387284253326E+15","1.43079819806634E+15","1.52312034721539E+15","1.60253450184895E+15","1.63759767196312E+15","1.59064040696485E+15","1.654757102932E+15","1.62603137049797E+15","1.62155961125794E+15","1.56412463336468E+15","1.4856765594329E+15","1.38151957956979E+15","1.27459727644757E+15","1.12145274181256E+15","981388731811164","834769569294318","615096274657768","534499781301707","446372793135873","297296420352365","31435123430970.3","",
"Namibia","NAM","GDP (current US$)","NY.GDP.MKTP.CD","","","","","","","","","","","","","","","","","","","","","295574995118.414","272367503980.327","254950489050.674","275162327848.68","233444044547.39","192949643559.603","217085456317.625","275432051101.512","300087756768.651","304875255635.114","336415067997.682","359291008437.768","409857757448.931","388583138149.558","435228025537.909","467994682966.121","464486563782.508","479905812021.422","444818241487.198","440844620244.986","453779811469.136","409714345611.411","364591900064.018","559640580708.536","742144347995.937","802456386009.592","868626612611.047","942488764091.116","901977368782.165","908772443130.1","1134202063094.82","1182120482975.29","1173651770694.15","1058366085648.83","987634908284.356","813654332771.204","682867706135.882","690603070197.321","606673591563.833","449869455570.604","286167372517.276","260106896065.853","202241997060.344","123567496157.422","13372354268.5446","",
"New Caledonia","NCL","GDP (current US$)","NY.GDP.MKTP.CD","","","","","","19151339232.2495","19704784569.065","21604412221.2788","25860859686.0177","31573060285.1647","43057881849.8745","49644554872.3507","60729097114.3863","65075348385.1073","76488102512.4587","97997847183.4132","95797333736.436","100514091769.658","101520842192.743","125667029962.583","141895019804.267","111844846034.716","104030782668.745","98860551938.2167","95523410795.5867","102578788101.732","144152917689.003","178573133673.161","248729246968.908","262208980623.522","300991031467.392","315800286414.639","347924035744.739","358655250787.667","361608255152.04","431784903700.462","429229174709.601","391677748987.021","386134130424.552","377958973323.617","334971046974.067","79145636241.8488","89761363893.7059","117968501625.515","141480226879.687","149727121519.391","167499719152.801","211678036677.857","217622890259.253","208906504537.453","224744388250.021","248434723258.762","231819651684.984","243633201920.776","255240874725.296","209716887400.126","209389661486.457","220172993374.086","237117809507.135","227115524164.832","198451721072.215","191355650631.646","125103143338.09","","","",
"Niger","NER","GDP (current US$)","NY.GDP.MKTP.CD","8870789541235.21","57811039146.6508","63279490869.4725","69772216847.7379","69358263200.4232","81322720756.9211","84870630697.5934","80462245673.9081","77645833317.4565","75749395200.6837","81776531273.8634","87226017526.2264","93540311749.1869","119244583578.731","129293308324.832","132135410666.466","134128570662.993","162723627586.949","223569325049.002","265769909210.103","316249727270.615","273533690860.695","253898266287.279","227035975789.474","184113689972.516","181511910676.111","239914717969.033","281359916228.928","287288678789.021","274607083755.425","349800682908.539","327897201720.708","333050087778.691","247779232863.841","205760553310.042","244662615315.234","255612162804.024","237527691114.972","267428278902.207","256779800298.841","226356761309.09","243773877643.757","271573505065.223","334842385705.823","369120492882.54","412644077512.821","437130253767.528","510274101316.887","628923743958.508","613217293806.367","639674557203.98","684541384633.524","703979348405.175","734012589613.658","728085323571.468","593124418688.834","569641970978.63","540658271161.119","536036124145.092","464651325951.64","370887132432.322","313286941995.62","242274180630.924","168071320758.111","19537639288.0633","",
"Nigeria","NGA","GDP (current US$)","NY.GDP.MKTP.CD","503536948426.858","536070296704.38","589123227740.093","619865915785.917","666346471154.626","716681385760.988","776750702136.674","634784216809.134","634510941035.188","809372932443.46","1593326944078.7","1192944562003.97","1581342119553.54","1942981753853.64","3186803638237.16","3575426543195.91","4657990642425.49","4656789731472.12","4740147111789.61","6120941159040.96","8298026097919.15","12682507706737","10895105995937.5","7599713644023.46","5995423351817.25","6020530819245.6","4320842111663.91","4396159915946.7","4224526386871.85","4027100509300.05","4940016266732.2","4663829807088.42","4764490588661.95","3179929655288.25","3811423353496.75","5492485651394.75","6782443686597.74","7134159547512.59","7046053962110.8","5338318614299.42","6512494673004.62","6659284143090.94","8453474686328.44","9462066124314.93","12189498365014.6","15510130664650.4","20262915067590.1","23146476866505.2","27955860679039.3","23111084368469.7","34456429186873.9","37525408358005.4","40656907170736.7","43824591280096.9","44123667706402.7","34671739167180.7","25495549184412.4","19914679581612","17947320370184.3","16554687130179.2","11670129505456.1","9257430207589.24","7604950942427.02","3634337803792","187759703099.801","",
"Nicaragua","NIC","GDP (current US$)","NY.GDP.MKTP.CD","23264241024.588","24996687162.2164","27570599760.2431","30441509646.0638","35539844141.3303","59344953537.8937","63729781509.9547","69000995446.7135","72877789561.7885","78664686723.254","85603463416.3979","91043579829.8358","96651630015.0719","120186357807.308","167310019982.971","174248271659.775","202142207769.384","244787772174.505","234017528394.687","170802065662.608","237720062402.687","271122837868.538","270408814199.659","302476785092.285","342434368408.826","295212396561.084","317433781559.997","423632625828.292","300955389108.167","128641043627.892","130731220784.765","191728375451.522","228155662524","222317651174.835","440173085923.881","469266638285.581","486286558913.294","491547918851.674","518949811761.636","539496727893.551","566808363128.826","588261580664.897","577194525887.577","584073089412.687","631497287104.89","679029568890.549","717759230006.219","774665201339.17","862324866727.725","826087260354.939","857792642963.511","920109502594.743","947300583701.721","933669248353.333","925428756030.546","903812686359.288","835560987543.267","731312469224.243","574145252673.377","454523256278.326","341593175466.432","296445902810.338","250513298400.303","178268794515.867","19693982967.5926","",
"Netherlands","NLD","GDP (current US$)","NY.GDP.MKTP.CD","1458924043061.88","1603560882290.97","1740606061526.03","1888460745477.06","2222170372225.79","2578707719732.79","2807913567677.63","3080556269420.12","3415784177910.28","3946923068620.03","4591648802271.85","5359151655922.35","6580354231717.72","8649475108717.18","10414209804684.9","12050668819018.6","13131215604441.2","15312237868985.9","18771033344055.1","21594840051662.9","23437110101635.6","19689917218905.6","19035075266875.3","18440793692519","17273604494846","17295257448922.7","24152494579506.5","29467252937189.4","31481583271379.6","31057568699914.5","38296485014841.6","39381385654596","43637944344181.6","42491901856416.2","45245261379070.6","53944241324290.4","53366442798469.7","48951432994388.1","50918223258839.8","51570730630782.2","47795918079615","49113288900227.8","53277362563102.1","64891538784196.8","73058644299876.8","74949482338445","78757931348919.2","89431817673430.7","97403329994044.1","86815376729724.7","83069847781465.6","84673445148123.9","74589451221495.7","73863325200800.1","69171647583642","54113947465668.6","49300899535151.7","44188609106491","40306200216168.6","32852748259921.4","24730357281783.7","21644532065019","16318379725111","11398666831933.5","1227543925316.41","",
"High income: nonOECD","NOC","GDP (current US$)","NY.GDP.MKTP.CD","95457853922.9259","109753456267.494","159047633382.107","177593709939.509","198708890461.098","477286976937.925","522739894026.605","564419285011.906","837806198889.898","941159722132.984","1066786228646.77","1263360188519.92","1551419343892.67","2076678299331.11","3751029616267.17","6788276188950.82","8160295631556.42","9445785551192.96","10353968848183.2","13636733749655","18050832770860.5","19709922879553.3","18526262695032.3","17844233055616.1","17552299863832.1","17257651114673.1","17432868571208.2","19776684006919.5","22251911922745.6","36954888622915.9","40912222407070.8","43593276543790.2","46986603790123.1","48669586142692","51495760132022.5","55893276315781.4","58940114308731","62092417380934.5","55668426382629.4","55871172630005.3","61607715084707.9","59732269699418.9","59508600287289","64364260423436.5","74402390580449.4","84729414336054.7","92606566361160.6","105990095924440","119058506526527","85964181610096.1","100862356129662","112299977156874","104954405021105","82190881781114.3","43245233993799.5","","","","","","","","","","","",
"Norway","NOR","GDP (current US$)","NY.GDP.MKTP.CD","610256455438.639","665711278443.092","717067206910.182","769458479203.264","846159106885.985","983409811356.164","1061238707620.63","1161064610411.63","1239828062833.69","1350038127728.76","1582617001514.64","1799394423320.49","2140310417655.05","2777827103286.27","3345750196658.63","4053975387263.95","4432143249568.36","5117180232981.13","5734882259457.45","6550749848459.51","7948449461279.41","7839091355124.13","7718159897419.67","7587418789921.82","7636826086420.7","8042426618473.11","9662546710205.3","11570867008822.1","12517544811972.5","12606629345627.8","14716441421363.5","14976734591478.9","16069988175508","14803648384460.9","15503506503878.9","18536170472155.1","19780868224724.1","19362103645909.5","18349969165274.6","19156943541447","20071994082626.7","20228219817405.8","22535860560382.9","26157838157659.5","29941514897074.5","34379403144405.8","37778750041366.1","43033066759007.3","48313679607326.3","39223323168671.3","42699295031460.7","47241741937295.1","45808833940266.4","44424257106383","38962503274266.1","27461244291826","23317542223022.6","21176384525488.6","19226200061481.7","14626542272727.3","9866585538543.23","10412987892898.7","9443762849960.99","4851557115809.42","483727398216.364","",
"Nepal","NPL","GDP (current US$)","NY.GDP.MKTP.CD","61194994799.5112","63836477486.7621","68892367182.3973","62249036062.0629","63449679150.7649","89704422204.5529","110633324535.847","102722936007.05","94211089313.709","96216272170.6216","109981081589.935","112113502901.133","130063080460.855","123422205620.544","154656647478.416","200031559068.82","184439881023.192","175564800000","203722364386.061","235108901418.3","247131356878.334","288937148964.666","304170596293.862","310672832367.63","327606799860.573","332418623995.808","361155124232.49","375112594475.968","441938943531.025","446554898267.191","459724490452.671","494693256552.744","431769252333.844","461052908418.53","504038260120.842","541056088750.921","551399472170.511","595183847176.911","582601483298.912","598959861379.59","648293685467.458","696491344659.544","698282584306.309","725183757255.832","826452709037.561","908524488305.727","993964319239.525","1114224197727.87","1317889973694.67","1311308217817.97","1583023919794.07","1868819058361.68","1778997286445.02","1716678308365.85","1630173912814.94","1596249830958.21","1424052352888","1430874757650.19","1388212275792.58","1198799355749.43","904049954280.563","772241614385.985","656798879824.708","409220432632.709","42914268286.7109","",
"Nauru","NRU","GDP (current US$)","NY.GDP.MKTP.CD","","","","","","","","","","","175703661.174636","190094333.205595","217342686.288854","265298166.705895","359945113.506819","401067757.876077","402874270.019936","404447017.180861","417541471.347025","444313300.468654","469471242.38255","516896363.851508","528777425.412951","484390931.036562","473632312.330941","415487405.479759","399393907.634001","401184098.732305","459311337.250388","537367860.808912","555723755.034807","525337885.566282","511331231.254326","435420882.518269","397425112.417849","399697059.69706","374588012.139605","373315072.781343","296644509.258631","273286126.080962","269309803.429002","226132875.389074","210174236.082043","247781595.806639","305875657.988334","300918834.77376","291986861.215931","861440011.44542","1594610532.58924","1814655158.94356","3238779227.43035","4619226870.46734","6772224925.47554","6846901651.06928","7304657000.46988","6198818093.57795","6313481939.17617","5872669708.22818","5548305706.39398","4369301474.48576","2911050045.22684","3293959171.81353","2459214864.78313","1538818607.11879","160350639.549467","",
"New Zealand","NZL","GDP (current US$)","NY.GDP.MKTP.CD","632725007850.005","653387273399.02","700617446127.842","765042159544.177","838075456573.038","692298542165.549","717920261239.573","729880201452.49","633571668875.945","704625157562.157","449743155397.298","978262688014.128","1182672978062.97","1580044820731.71","1725887141764.1","1602538846778.09","1682770590571.17","1897603309753.46","2279275613372.22","2556320639121.39","2862100731380.53","3014867148840.96","2979834008180.79","2990487707252.38","2691721787075.45","3016643822126.39","3752098083086.29","4926468228283.41","5562497301761.19","5404223271982.17","5582616054506.77","5263002256542.44","5119254498372.69","5726596894467.66","6716474192427.66","7776958303311.57","8467825142763.3","7961179154312.63","6694077555837.33","6940156113078.65","6171163295424.26","6254986041142.76","7640912072949.92","10045581720065.8","11761355700245.6","12744862925600.5","12198566259060.4","14763863974358.3","13816704389868.4","12354685921544.7","13847409795282.9","15233132337391.6","15437608361422.1","15972594966275.2","14867465644470.6","12567393170607.5","11850468739986.7","10900439223395.3","9234024597678.64","7606531282264.95","5729351561188.05","5319724963196.7","3956118974854.61","2529935316152.54","260235932558.996","",
"High income: OECD","OEC","GDP (current US$)","NY.GDP.MKTP.CD","48697174793227.4","51507256479248.5","55686149954276.1","59953688308141.8","65475300576500.8","75516756841120.7","82866029631717.8","88866626064536.6","96233399778938.1","105492371440865","115053212828969","127456102525125","148006204568337","178969817120978","199624493384164","223818816856703","242923916393231","274603133066272","330249671502983","379294106482460","419958600768146","425181598942873","422339506231060","438387805323356","458302431666720","482804322847854","589767682052142","682580927603544","768753837709085","802057462648878","899355207146461","949446606451230","1.01905403265992E+15","1.02648610615015E+15","1.10010618050944E+15","1.21436387750014E+15","1.21964031160074E+15","1.1746436146336E+15","1.15879851551126E+15","1.19528505452365E+15","1.18958725084693E+15","1.15468526481938E+15","1.17999261121157E+15","1.29722614858671E+15","1.40980547292673E+15","1.41567580165133E+15","1.41994103234361E+15","1.47391300718685E+15","1.4382111305521E+15","1.2376889802769E+15","1.20750001545026E+15","1.07694601242682E+15","855758388699425","639927198736950","326925841223731","","","","","","","","","","","",
"OECD members","OED","GDP (current US$)","NY.GDP.MKTP.CD","107756112451711","113493042048071","122575386761347","132072198504256","144361000925106","156728959766595","172042321859442","184549442951660","200072817708942","219791379003715","248847536394079","275624129442475","319952418753112","386769181283088","433489301036408","485983132991987","526880186826181","594139975662356","713976367796287","824218115352068","915071909679673","931742269853152","917742067663561","948246899282314","991755239401446","1.04496218400462E+15","1.2662498780051E+15","1.46545479729849E+15","1.65240367450742E+15","1.72940603694825E+15","1.96522859048875E+15","2.05918769047214E+15","2.21355421762002E+15","2.22562870935064E+15","2.32110689555842E+15","2.55414123349597E+15","2.57497222780221E+15","2.53672910576505E+15","2.56237034982864E+15","2.69240574453782E+15","2.77679733956965E+15","2.72437483810669E+15","2.84338514576395E+15","3.18484637638183E+15","3.54485547389771E+15","3.7463950772297E+15","3.95176362708631E+15","4.32349226597855E+15","4.58113427182343E+15","4.28666236827548E+15","4.45098667029898E+15","4.50629415448141E+15","4.31747751956184E+15","4.08865364116122E+15","3.83033768373347E+15","3.29154140596271E+15","3.02644316296254E+15","2.66222833465569E+15","2.34326933016775E+15","1.94042944700229E+15","1.4204596943977E+15","1.23220124362496E+15","963158571662059","644931776190218","67687054565878.2","",
"Oman","OMN","GDP (current US$)","NY.GDP.MKTP.CD","2300233965.06956","2373026550.35467","2926247036.29779","3115506796.43307","3217415910.34976","7720583507.85923","8267173481.48517","13072573209.3965","23042503612.4835","29278911758.0005","32551397227.2922","38228533930.2783","46592788794.0495","61347721649.6509","209031500396.194","266280797211.956","325147886595.998","348128671841.9","348018268355.936","474135928084.677","759683667230.911","921908191058.189","959449300028.357","1007432665331.11","1120318751507.5","1270708574611.81","930149682358.274","992020309930.866","1054177047299.37","1176685882385.57","1477651294478.28","1433732706631.75","1565250538836.24","1568562240516.59","1595339669024.32","1692231208977.62","1846197665060.92","1913167233211.82","1702329677903.21","1847793746189.9","2311453858726.5","2289843310114.68","2354125190134.21","2483488641794.97","2816056734182.73","3409532047221.67","4036464382913.33","4409611292326.42","6259056471365.43","4952187448811.89","5691569059726.75","6717318064320.52","6923670970135.64","6956413122371.14","6595118398318.03","5129823324215.13","4370055816977.04","3994702909894.44","3774103602124.97","3020315787653.08","1802813085372.09","1842175741742.52","1816245513654.1","1082720156046.81","106942782834.85","",
"Other small states","OSS","GDP (current US$)","NY.GDP.MKTP.CD","","","","","","","","","","","122327275136.16","145210633490.455","175803137520.897","254665743762.193","469379356009.384","884255309194.209","1144360749739.2","1294005517167.95","1430015510104.54","1851738371592.7","2794841974516.73","2784479967623.51","2639182717395.61","2512188461120.14","2520253557910.07","2393212235853.98","2450002284840.85","2914712203060.93","3280627720478.33","3437794952204.48","4192021429399.9","4266981122856.17","4646587941950.82","4432853807814.82","4635484760840.71","5317144609556.35","5598791357799.22","5790756742170.47","5663467813344.72","6069176877105.97","6858987441614.85","6737091284908.16","7237187918332.2","9014286902665.6","11154701076009.8","13385573371364.5","15551990822476.5","18924245943693.3","22935520226833.1","19689815925542","23138708891476.9","27749559414375.1","28705550781465.8","28929299581027.5","29119355790352.3","23717993921826.9","20915272950561","19008216906525.6","17072180994608.5","13216358514235.1","8183706167620.33","7059701200886.69","5399059116079.63","2337618926773.15","205790426259.972","",
"Pakistan","PAK","GDP (current US$)","NY.GDP.MKTP.CD","446367709266.102","488859258620.891","510747610354.565","548116039197.886","618334705883.997","719537565923.334","792328434904.964","905451060980.929","985259578078.266","1055023925799.58","1273455457727.58","1348759688620.86","1186069530486.82","805367964059.362","1118716603895.1","1436241848708.78","1687853111858.3","1921009768324.55","2262843730625.14","2502208036041.34","3007322462170.18","3568790229920.66","3902192696114.05","3643870103472.47","3956281365577.69","3955416491734.47","4051198997101.8","4235649131760.86","4886040869279.34","5101732374922.79","5081395956532.56","5780357737269.24","6184947735322.98","6501898737940.48","6451328768099.12","7460591084802.15","7728585619877.2","7554217071723.75","7464354816878.48","7475992928743.2","9201214908816.7","8915311548343.37","8877554197682.44","10142465195922.5","11832148417936.2","12976965693695.7","15203184518544.5","16686545204183.6","18176323240038.9","17311055616886.2","17971022499182.8","20494813112484.8","20549182466492.3","20033174587580.3","19412251974024","19594381399117.4","18320791069478.8","16874083527714.3","14707856152583.8","10914931709886.7","7887589085840.92","7312978026074.35","6002183964028.09","3380920860038.19","373071855731.539","",
"Panama","PAN","GDP (current US$)","NY.GDP.MKTP.CD","58002733755.8097","64684629990.502","70417942885.2517","78048409891.8865","83809622850.8992","93566268283.6408","101945967188.356","113530097539.945","122136661220.648","134046901700.994","151734530859.313","171174233364.867","188015018564.669","215035222740.93","245830116719.336","274287392824.137","291422056220.209","308596291795.665","365744888932.831","418014189100.217","537566719988.456","607745869372.421","671376922852.322","689237040656.311","719384267404.668","761404048563.12","791480603351.211","795703076607.568","687753292952.591","689696336711.089","749598803547.787","824186246911.43","935724516336.21","1015148934251.68","1068485434211.77","1085554353739.31","1165184220348.42","1242431694780.38","1347667162176.45","1402647785888.82","1414714204808.57","1427908355911.96","1473658318091.06","1540602026047.66","1675398007100.37","1798209978643.4","1959363121308.7","2258082417177.28","2587633232248.97","2695793766095.52","2889904244053.16","3231059854843.48","3581604021484.03","3829380105990.87","3863343146508.34","3816643796641.73","3632132211463.48","3308344683366.69","2897655265341.26","2453338058149.9","1503857933112.73","1396471167455.23","1222881818064.36","833438661400","86260400000","",
"Peru","PER","GDP (current US$)","NY.GDP.MKTP.CD","284443168046.992","320636874120.014","363431952833.31","398172621619.556","481761781631.59","586427446460.927","693890957420.356","703809077085.112","651281309384.197","729042679487.383","880037772473.565","981555005741.1","1088105286711.89","1301832965003.15","1640966700509.85","1997982802973.43","1889860493441.64","1730342897365.78","1479584257198.22","1890046571602.77","2283001157164.15","2738656427158.6","2848994863400.52","2253644239933.49","2348311514929.07","2163416748134.04","2179313942172.28","3036306831059.91","1865188698876.67","2828445695837.14","3368888887692.6","4285714455922.96","4557593133442.61","4430167808007.04","5568871558566.88","6564218241649.1","6753178043946.12","7058135536026.53","6690769707928.19","6000801967460.68","6141304754654.74","6138477761595.39","6408159851625.35","6832165138484.22","7689667049808.62","8585349048980.22","9831087973985.92","11157116218906.1","12819102417133.1","12450586414793.8","14885360734193.2","16358690612419","17380751888424.1","17118344486706.2","15690087050770.6","13477496292387.6","12089638170586.6","11185918196826.1","9785328764374.81","8207490530501.47","5446394066537.94","4722071530106.84","3920253757836.22","2675387958735.26","289221969059.853","",
"Philippines","PHL","GDP (current US$)","NY.GDP.MKTP.CD","826162080575.578","897184835785.166","543961995133.238","603105172376.026","652140982371.434","727007320733.836","801117402962.654","862455054386.993","961005610752.796","1063412793289.05","870294447341.084","964397076776.142","1043169160122.52","1311860786557.11","1793826879767.81","1939983109678.34","2227043342368.64","2558623877445.88","2956093406135.09","3581215245887.41","4227198404377.31","4643566671558.29","4839954269426.81","4327411491317.62","4092574318628.72","4004820369430.85","3891942645466.74","4325820207117.74","4937923548897.63","5550208479365.12","5775984547339.91","5920328030570.93","6906055073187.43","7033642595970.7","8164218631132.82","9369493274310.43","10391707326947.9","10245571802537.5","8579280991464.71","9810381118689.44","9560839284952.05","8946234333383.83","9472116041620","9698868329096.39","10488708169389.8","11648356826556.9","13591844814532.8","16326918539971.4","18500447005433.1","17432757922293.5","20275059186122.2","21659606582329.7","22935950312537.7","23543358059917.3","22664485907558.6","21274621136852.2","19702805969357.5","17156622835282.8","15133593203081.5","13565390085779.8","9765709947372.87","8275829806264.82","6469239656312.84","4371372981813.91","461617509782.355","",
"Palau","PLW","GDP (current US$)","NY.GDP.MKTP.CD","","","","","","","","","","","115630410","127068740","139564740","153318890","168487591.88","185211121.96","203644198.84","223081041.76","245300148.2","270042509.96","297280538.2","327265939","360275828.84","396615300.72","448142591.72","510306368.68","581093141.76","661699049.64","753486149.84","858005429.12","6205419030.2","6767738000","6654430000","6126181000","6753867000","7738534000","8817864000","9077614000","9387078000","8967715943.54925","16772631984.947","17671952097.3589","17859818951.3528","17301426655.156","18615015032.5237","20473129567.833","20632652987.036","20832579000.4309","20556071670.1326","18861415911.1012","18460328667.4153","18842107650.3752","19445101713.9198","19271025126.1434","19147058927.1564","20246689897.8516","18888510299.2188","15233840456.6406","12612233605.8984","8856114654.00391","6172219337.10938","4339459217.38281","2502881251.36719","2743177347.36804","","",
"Papua New Guinea","PNG","GDP (current US$)","NY.GDP.MKTP.CD","27659524026.2408","29379844244.655","31342084734.1416","33116164719.4996","36637445646.8886","41987721893.3223","47699035910.2356","53888583048.4794","59189994136.1258","67251378078.6165","81983602072.1584","91161205779.9043","109021714303.52","165012499435.679","186404879275.399","172302103406.023","192016989650.102","208384167861.761","247404666946.974","291300033094.82","323359990521.74","317283490361.561","300850494048.371","325515053497.966","324297684766.734","307733374405.158","336302929482.387","399260616694.19","464332946011.537","449096734558.297","408930617652.051","481003202998.632","555243917648.199","627803923855.983","679743958176.931","571286376515.258","629868905698.756","596587387551.719","454509122606.937","414072755971.033","415180842071.914","359784393738.9","347295038359.586","406128346784.187","447975676758.824","546194912980.067","770665390923.696","866941938043.003","1050122387082.92","1022609430780.09","1225129502179.32","1509365309112.32","1724655079449.11","1642724303618.69","1625542642228.1","1225824744534.65","1170761965933.65","1187423088758.9","1052941454551.72","892536490609.295","647235300006.855","551356253555.546","503015240945.396","308192566663.331","32538480023.9998","",
"Poland","POL","GDP (current US$)","NY.GDP.MKTP.CD","","","","","","","","","","","","","","","","","","","","","398371088084.182","377197209593.863","457285014799.529","528305808378.217","530613330235.734","2840263794067.46","2956020949189.21","2555347064387.05","2752676834505.63","3288497824864.94","8077148597032.14","10445021255562","11527235221233.5","11655787160877.5","13226055670541.9","17143245253842.1","19193340988418","19079485609533.6","20776031777888.6","20058330210065.6","20226769318694","22271347798991.1","23016182991475.5","24982624220740.4","28969180390713.2","34193053067765.7","37813106467232.9","46229559593805.4","55892545620392.5","44635498536999.5","47689609331615","49958792049280","44814518221412.9","44361735260066.5","42400333318940.6","33900852514981","29705325902573.2","27877278956437.2","25892314551900.6","21486788848997.3","16193876423182.4","14329200777372.9","11061603044520.9","8103371020714.29","914696430325.391","",
"Pre-demographic dividend","PRE","GDP (current US$)","NY.GDP.MKTP.CD","1034071531666.24","1073689368860.69","1168953341322.69","1338215908965.17","1286396464993.56","1431873983883.91","1570393211076.5","1496341192808.27","1581963742422.69","1783816012905.34","2155812626275.17","2102472557263.91","2451679076607.28","3010572290441.48","4270318609972.92","4875017287403.06","5751053855458.56","6340675298862.85","7083315382635.14","8943272821083.8","11032182844249.9","14166481507780.7","13352068777043.4","10876308999547.2","10155831202818.4","10445399492830.7","9959628773473.29","10999270543749.8","11360815323861.8","11375634741538.3","18542323294461.1","13207087915121.1","11616045131918.7","10727572061111.1","10250081738778.7","13123366216907.8","14891788146185.2","15980048655585.9","16430537955186.5","14922027079144.7","17444663286881.9","16560437898051.5","19362771844833.7","21732059119623.5","26722662374581.6","33270235826812.2","41901551300894.5","50864882569933.2","64116989860299.8","58187897318765.3","72814055813819.3","83308924628417.1","92538614287475.6","99982434321602.3","106172769547350","92246060047405.2","75963666531785.5","67495878967779.7","58966910730599","50821033535300.8","35318553147739.3","30137066091993.2","26143194084245.7","15611972050593.7","1426898998276.72","",
"Puerto Rico","PRI","GDP (current US$)","NY.GDP.MKTP.CD","203027991750.853","223811996425.314","251124489241.796","279787793605.196","308456291150.714","351561995392","386774397568","431646804864","482604998784","544205405568","624298804608","700201003136","784787597824","868291797760","952916402048","1016590793856","1112108790912","1228952187136","1384459989120","1581000004352","1790075807360","1978508586112","2078759595776","2142300810880","2376164788608","2515859604352","2726397693472","2969001021760","3257526208704","3499276369536","3794882415584","4003590619488","4289782846656","4570767003488","4801949131264","5159191730888","5440688226272","5780754906272","6328106693768","6767395673168","7205974087440","8084501354840","6974240626000","7287446684000","7776794008000","8125333290498.29","8451242308469.16","8669288881270.06","9069575892000","9335090406000","9520735316000","9022084350000","9126380982330","8625659006000","5634519000000","5683796500000","5742973200000","4558039834000","4443470200000","3781615800000","2784261700000","2022056500000","1816557300000","1179495700000","125841500000","",
"Dem. People's Rep. Korea","PRK","GDP (current US$)","NY.GDP.MKTP.CD","","","","","","","","","","","","","","","","","","","","","","","","","","","","","","","","","","","","","","","","","","","","","","","","","","","","","","","","","","","","","","","","","","",
"Portugal","PRT","GDP (current US$)","NY.GDP.MKTP.CD","375528966473.695","402082121394.236","431283382203.042","459883497642.799","498732494730.996","570770302891.951","625311891617.548","698962055583.635","773728555256.714","848585263704.677","1008020567723.77","1144074589630.71","1397258089837.15","1876148749472.87","2177166557944.85","2405446506212.55","2527890618224.41","2665424144858.48","2920126160806.99","3309828655638.44","4089403078266.37","3975096739190.55","3795414134528.01","3386450515648.14","3135138867031.12","3371216271590.07","4817025459312.19","5990336247572.87","6999453479005.88","7528580334862.45","9779746297782.26","11092454198450.8","13382514948424.8","11752114221934.4","12071385803180.7","14303012297381.7","14755599817245.6","13970181715654.5","14690436722931.1","14991414472643.6","13811654281118","14072659827555.7","15415880758957.7","18762679592009","21331619845017","21846219216575","22695552243967","25667345637433.4","27290065714379","24686491344727.8","23635483057731.7","23175431251360.1","19442941191643.7","19214563007762","17922266635291.9","14148515502370.4","12974094335700.3","11685037089527.4","10634514709118.6","8623662468416.88","6191560970484.14","5347790055568.74","4083604805701.52","2883588465235.94","308683317392.68","",
"Paraguay","PRY","GDP (current US$)","NY.GDP.MKTP.CD","6256362773.51208","7009295431.98729","7935330779.21743","8445927897.00693","8983705646.11751","50474601761.3164","53074674682.149","56366221220.9885","59335413844.8583","63769367805.4244","71165405409.8333","79354833978.1023","91506599355.1175","117884798713.326","158261745894.178","179044832536.823","202172216523.956","249604016946.751","305852855124.838","408152618208.449","536236917677.088","679574411151.958","651492145217.693","676765223798.9","531456541046.756","386198900939.05","439896214135.422","472293429473.11","505963919057.626","582850989216.889","712853049405.274","859798166706.729","882670924797.337","899800032719.755","956022757721.641","1091792826105.48","1170605689965.77","1179812006592.45","1066908551213.93","991281072952.42","970995730296.175","905602965391.946","743514765576.34","783600513488.8","963754025649.66","1044614154607.86","1274499188932.74","1652206099669.53","2202337000459.62","1906697281980.43","2324525309769.06","2788338181953.53","2626644391076.38","2916960680449.93","2853361065524.24","2356377811687.19","2134390403673.87","2013485376373.37","1774561126462.31","1367181370211.49","956999358214.906","835674315103.944","669862880354.733","429724425070.075","44458118399.6669","",
"West Bank and Gaza","PSE","GDP (current US$)","NY.GDP.MKTP.CD","","","","","","","","","","","","","","","","","","","","","","","","","","","","","","","","","","","340737676400.798","391174147322.793","406734729677.931","447170092995.654","481192608724.484","500710336013.188","500871566618.775","446833598237.334","388964567111.367","428381539090.029","465785051475.387","519120388620.181","441896016698.171","479482169339.611","579676200000","635043000000","771541700000","900046820127.978","973938056748.649","993904943371.208","1020026491841.94","928721599984.854","908883500000","820556100000","696242000000","462604500000","419533500000","379928000000","306326400000","174537100000","13711100000","",
"Pacific island small states","PSS","GDP (current US$)","NY.GDP.MKTP.CD","","","","","","","","","","","4249079879.09294","19486219625.0963","23338416454.0857","31684389916.8092","44568187851.347","104911321568.116","105162332268.416","109813148894.211","127193762943.561","160959059276","184378835960.164","190075257893.345","185818975209.534","177741716345.779","192194342998.939","182274495289.883","198187122840.257","194189967742.235","201940833172.637","210440987440.123","231951477650.695","244384217275.465","268271590785.3","283309400869.036","328631475780.065","355473789427.626","381259801071.446","381201588326.639","327059587523.009","357417446420.62","334369431687.404","324440008107.718","341128586425.663","401354093204.374","462934571520.47","509661928095.297","535631503249.675","590294335420.117","633494074686.719","562529785277.828","629580908839.358","716362140287.907","728984705473.719","704960924761.708","694272378805.531","619911188248.769","586198394453.457","534807814586.951","467660210537.636","383868637385.68","255990536577.472","200191795883.238","164941706272.783","111851283309.121","11977251413.7163","",
"Post-demographic dividend","PST","GDP (current US$)","NY.GDP.MKTP.CD","73030112346475.5","77297492494051","83506497245748.1","89912772144157.2","98138455008641.8","106626775142296","116907219684004","125394169479316","135961687345341","149393917395927","163719618145036","181595732961736","210713533766881","254509211271116","284273425731249","318539321733568","345610290585631","390618270566304","469726828300182","539952852832973","597792410080578","604607190534155","601857904053259","624578419556211","652745604761738","687632147812317","840177998765882","973817481772845","1.09696476779525E+15","1.14594843624448E+15","1.30454566773468E+15","1.3568912928164E+15","1.45621520505239E+15","1.46672084323653E+15","1.57162251196009E+15","1.74236582451985E+15","1.7509326308776E+15","1.7173345867507E+15","1.72479785249484E+15","1.81075292455857E+15","1.86790436349421E+15","1.82446357090644E+15","1.90306786058933E+15","2.13438674671613E+15","2.37165017812878E+15","2.49599665793029E+15","2.62635872962259E+15","2.86560615118616E+15","3.03047261012131E+15","2.85407830377685E+15","3.01885328842812E+15","3.19615609659009E+15","3.23679879507396E+15","3.22218974233154E+15","3.28633861928586E+15","3.10808709944256E+15","2.86416969314821E+15","2.51454241387552E+15","2.2152287031158E+15","1.8326596163319E+15","1.34417362899091E+15","1.16307162431522E+15","905844694899350","602372275749290","63040640005163.5","",
"French Polynesia","PYF","GDP (current US$)","NY.GDP.MKTP.CD","","","","","","20978811764.7556","25628286903.9401","26261082802.0761","30848862905.6992","28870669465.4948","30188833973.5972","35253901335.497","38734577341.9748","51248847962.4308","65994668197.8467","82035490442.6635","87022625159.7598","94260634786.303","119499074371.37","144390544585.816","161195421646.576","146337514345.204","146982474157.201","157883466699.484","162975114591.71","178121293147.922","271998346579.245","305000422480.467","320281425834.588","315339802701.793","378021962636.917","391528629679.136","429944918273.337","438513670134.657","425386181601.497","481640935625.961","478654995613.059","431912781864.552","452507694667.166","454015474118.385","410680097989.516","67902361827.5951","75342706736.5852","93627837409.0834","105718096111.884","108395998159.203","111681956469.603","125991982688.102","135598094596.361","125106597023.381","115646245875.053","117874850317.642","108164305888.217","114604719458.4","116887941769.737","111842781956.089","115437770121.866","122500400449.244","128837448020.681","126376683945.66","120747882817.384","116363436524.976","75590595715.7708","6402221222.32749","","",
"Qatar","QAT","GDP (current US$)","NY.GDP.MKTP.CD","","","","","","","","","","","37422121646.3694","48074858242.9932","63272272891.1491","98441680583.4352","297773996966.003","311585042789.574","407252931242.65","448579689860.89","502448053104.033","698491447058.902","970808860542.712","1073996690179.62","941991191274.304","801980196839.708","831345071849.646","763008755628.901","626574715756.442","675357149704.763","748735183264.873","804501088671.515","912694480785.378","853556036575.982","947261851851.481","887689581011.849","905960456904.983","999384045861.124","1087120838970.67","1351627454665.1","1210148401268.34","1461604926290.47","2091073879898.21","2034246960960.22","2243428274208.85","2676804374693.74","3550050791761.6","4901918379010.34","6423182091601.84","8278665050488.3","11723638495991.1","9977316965267.06","11904298747556.9","16025306877827.2","16325772003485.9","16959835923638","16133376989382.5","11562235578469.8","9570743281208.5","8664731801218.99","8165005335329.9","6370807084202.4","3904993486917.91","3773720721845.76","3777999203227.86","1278016855991.99","217982967032.967","",
"Reunion","REU","GDP (current US$)","NY.GDP.MKTP.CD","","","","","","","","","","","","","","","","","","","","","","","","","","5694072473.98918","8168272547.2113","10929826277.4096","11887123209.0403","12043792764.0349","15632263514.4195","16663574963.4277","19889743900.9","5952798720","","","","","","","","","","","","","","","","","","","","","","","","","","","","","","","","",
"Romania","ROU","GDP (current US$)","NY.GDP.MKTP.CD","","","","","","","","","","","","","","","","","","","","","","","","","","","","38413636363.6364","40809523809.5238","42105263157.8947","38995454545.4545","28998684210.5263","25121666666.6667","26362894736.8421","30074440483.3837","37662075750.123","37182938696.0752","35838588169.6429","41976002703.9207","36183003978.3474","37438527799.5302","40716836998.0386","46174557555.5892","59867801204.8193","76216441462.1442","99697566667.8107","123533036667.853","171536685395.563","208181626900.631","167422949529.4","167998080493.408","185362855081.021","171664638717.49","191549024910.604","199493490982.921","177954489851.961","","","","","","","","","","",
"Romania","ROU","GDP (current US$)","NY.GDP.MKTP.CD","","","","","","","","","","","","","","","","","","","","","","","","","","","","4737681781547.48","5031886443252.42","5172517207230.63","4820482639892.08","3613518141461.46","3136527190179.18","3269917974555.5","3690469651724.32","4458958107074.82","4381504969772.83","4256708360361.29","4976706699750.73","4231806956946.4","4359406871726.33","4689826383081.84","5292682733335.08","6712026095747.3","8528412993767.41","10984804118688","13363987905881.1","18456586782396.2","21794498052561.1","17131711194690.4","16504317140554.7","17455883020387.8","15390358398073.9","16019069315756","15369461064729.8","12448606130369.9","11790915327961.7","11190787812213.5","10645797885575.5","9022493828072.44","6771230056075.92","5996792757275.92","4779551026719.77","3508665457009.82","382767571329.158","",
"Russia","RUS","GDP (current US$)","NY.GDP.MKTP.CD","","","","","","","","","","","","","","","","","","","","","","","","","","731334279168","825630687232","2360794995299.58","27708456536209.8","64713843566564.4","65783729451309.5","65045404235711.1","57649885938768.6","53881942319288","48399431743252.2","48284593575091.8","47985227516045.5","49139915514954.7","32549977160920.1","23513407307795.2","30636960276703.3","35879119394105.6","40055111135112.8","49504795799060.7","67360756400947.1","85572963953480.1","108892028545886","140322000782396","174385292375840","124724992581199","152079203146719","190638814705306","194572827081598","191230461857303","159203181079562","96661863399265.7","80618222688331.2","83498780352200.8","73034564110510.8","60978989901135.9","40234932214591.6","38329017532556.8","36128409884608.2","20264299009349.3","2173835806671.66","",
"Rwanda","RWA","GDP (current US$)","NY.GDP.MKTP.CD","14280002876.5863","14640001927.0873","15000000977.5883","15360000028.0893","15599999322.4567","18153597558.7576","15192135770.7558","19466322146.2481","21008402146.5894","23021404402.6349","27927400653.3373","28309957278.0038","31303443398.8109","36904937814.4955","39193716147.15","72507821245.4619","81999261805.2503","95699696739.119","113879938424.143","138313499765.003","156150019923.718","175688069729.849","178837070938.777","188880175143.14","201634187053.926","217877126598.333","246936224853.707","273799394890.991","304056198781.025","305448458406.813","323934114797.526","241694700730.774","256134794687.209","245307953159.43","92666132851.7408","158882704030.823","168672959062.289","224090231450.655","238825083032.44","230485683848.041","216373618622.59","205743885538.943","203849399073.352","220196441035.971","245246360368.54","297550042213.439","347881803562.641","416355414573.284","516441442003.649","555510848377.591","586369250443.052","629437974334.348","668068201827.345","652665836693.282","631770228969.247","595789659784.863","540993965431.323","488441009396.667","423012451122.342","371751468345.717","275705237130.115","232383491999.107","213034461325.93","141211639651.944","14251642231.4932","",
"South Asia","SAS","GDP (current US$)","NY.GDP.MKTP.CD","5368641798118.38","5672434740967.12","6048439372553.42","6801778244522.51","7797009421527.99","8588803102558.58","7209097121786.15","7935631518782.11","8329746530735.77","9150570190141.02","10723058919792.5","11407243140978.5","11490745150273.2","13150533982096.4","15900604347324.5","17018592794484.5","16620122485444.7","19232518580429.8","21887961127635.1","24516980622240.1","29565563144453.4","31308873693270.9","32389599057391.5","34297596932329.5","34192460094948.1","37130723539966.1","39335552653306.4","43688536927120.8","46932409948308.8","47338293075837.8","51409469294449.9","45424636280115.8","47118145650351.5","47349552219046.2","52956761772109.5","58362318005729.9","63090577715047.5","65705717515568.3","66109918291725.6","70149958503155.3","73445396518312.6","74035708625855.7","77187259504135.6","89371568669741.2","102908913738399","115865671725083","129807403499263","160891609047472","159210944835109","170187258281570","206375027907345","214119509896038","207018508520672","198273363630585","199057274648810","188837945207810","185209532289889","178408717460487","153098494580358","130383918074292","93190473888815.7","85254709218397.1","69132697687119.8","44587485939355.6","4514924632400.27","",
"Saudi Arabia","SAU","GDP (current US$)","NY.GDP.MKTP.CD","28565524796.2208","31387350417.0176","34815546365.8572","36070291846.6937","38756952405.9857","43269377499.1114","47723990635.2117","53222017446.7772","507082482064.994","543548515925.045","663554530021.58","885603775038.523","1206253595695.33","1977712553707.58","5661736066453.9","5916729506366.8","8034317810429.26","9291612624471.4","10097279769502.9","14152058876263.7","20718238782129.5","23068372132609.4","19120516652991.7","16159780733111.6","14960748763579.2","13005589477749.3","10892878411826","10749796324839","11075248695129.2","11972920118074.7","14743063872051.8","16567759211155.1","17191826497578.7","16210582261345.8","16476531739074","17468619135238","19074394819943.6","19945213695458.2","17504932376737.8","19162743973441.7","22289370833898.9","21487288860800.5","21938564927879.7","24751853143386.7","29286961415175","36473849190075.3","40669227371353.5","44319788802407.7","53857866716649","43061236584149.2","51417569846848","63246524082009.9","65461713147398.1","63564791315583.4","59104267338115.3","46644328628654.9","41006278286692.5","36909777128270.4","35746101535166","29379945462462.7","19499565549320.2","18245997211607.3","17866379886511.6","10826830933333.3","1237529866666.67","",
"Sudan","SDN","GDP (current US$)","NY.GDP.MKTP.CD","144387000905.402","156763856743.59","171817099955.482","174790094762.465","179579628861.695","188607593601.356","193422108205.352","209429292047.381","218434189853.122","240373889219.56","283422972562.246","308349797029.283","334705319541.45","412489997846.707","532259212584.233","648313903715.552","807678122608.857","1007852737245.77","1004209863877.11","1095058979766.49","984211260572.237","1246847950982.92","1151420077545.52","1053867885740.54","1260793447695.76","1471155609108.4","1849743236464.06","2354184564407.15","1870388055259.84","2021710795965.34","1982306895743.26","2080984418893.87","856464022747.574","1053308933451.03","1473669990545.92","1574412207043.87","1082198339281.09","1402218932861.52","1347650147280.32","1269316088212.42","1445590031406.89","1606347002224.22","1801338394016.05","2121171264800.48","2572683276315.32","3197279469552.32","4172990318875.91","5288771466142.28","6008129713549.94","5424293781244.85","6482685073895.47","6157325392929.06","5315465870598.19","5367058889668.61","5589754503473.62","5780841385282.42","4831192814310.96","4458643821331.38","1472239319731.31","1082494823520.45","709952224274.923","719302513184.027","826642204281.879","1023533899730.24","49909807029.6996","",
"Senegal","SEN","GDP (current US$)","NY.GDP.MKTP.CD","103647981648.559","109356863863.569","112093471185.624","115879646854.556","122776918830.094","126529642916.705","130453374672.948","130443161114.336","137209811145.501","130433523970.547","140058766899.477","144555381083.028","175098156217.909","201388298546.467","226892411548.354","305896518720.258","310148334016.896","317529971903.421","354490475219.2","441468844397.906","481615398460.96","432608203704.939","426407437990.44","383242584954.24","372412037767.84","408179434205.493","579188158840.86","698102109118.757","698239446027.46","684173078505.154","801328041368.927","785781106503.208","839428608380.178","785250264566.299","529842948867.83","660309640185.101","680479214780.403","623809918062.684","666709272630.228","674960667677.843","610687501438.991","638438074237.437","690071506592.397","875514040471.587","1011798505595.94","1082267854868.12","1141918380733.78","1352221787221.65","1569843291216.46","1465004209390.95","1444629394007.07","1529906347876.21","1440865695333.34","1455262914001.75","1408213849170.79","1162960890164.56","1130022129244.27","1085988800859.56","1026312776201.52","843498031892.736","663619413074.239","578749603432.828","442464728737.363","308993942431.054","32267254425.052","",
"Singapore","SGP","GDP (current US$)","NY.GDP.MKTP.CD","82737510531.3842","91106498473.5495","96673415734.3526","107785081165.458","106000988696.608","118675930192.113","133482393761.243","150695650208.223","173527793045.054","201999636028.503","237485055064.107","280196431751.445","344946655020.843","476543838625.653","646566071284.176","701302842747.027","771485322257.019","820504799959.573","946581790564.018","1161174915366.73","1472444280615.49","1752287135024.32","1970691434015.21","2196888063510.98","2420717115830.42","2330083108715.71","2289911316865.42","2590611188419.45","3156759564304.5","3776040993222.2","4532007019321.81","5549151480670.15","6364968326114.16","7445110641239.81","9005249089428.64","10629989417694","11639897341643.1","12068023138017.3","10336466194484","10185165647401","11251185595683.4","10418223424726.5","10609003781073.8","11070316523106.9","12909560727700.9","14145922007152.3","16085229231273.4","19233202339984","19985236808081.9","19572987468159.2","23482832852676.8","26023241421694.1","26219011706738.6","25902172659474.2","24344742038079.6","21599293537228.6","19782047772143.1","17967805405440.5","16443462189435.2","13501546293687.5","9351384635790.41","8871312202920.71","7796019609367.99","5018287014798.55","547386645891.847","",
"Solomon Islands","SLB","GDP (current US$)","NY.GDP.MKTP.CD","","","","","","","","3075697770.78617","3427396841.48867","3491402937.64422","703596827.396914","6018387783.50244","4878397233.61157","6646319828.917","10150047504.7406","8967437601.56865","9975719610.59877","11190497810.8603","13344614339.0068","18175056018.1183","20694201400.6323","22686215663.7128","22751729659.7583","21655098611.8375","28063954960.1791","25748191409.6345","23274039142.2354","25972182281.8853","33002439685.5986","34787851288.5162","33561054118.3592","35681402925.9656","41913716487.6469","44342273792.2958","52175113581.4933","58881942519.0976","63724303713.328","64507286000.8266","53845516908.0435","55444923861.452","49070457052.4173","45679664002.834","38571386960.2239","39135389004.0205","43790071667.5493","48990660821.3402","53747285930.6456","61332259781.8819","68993284764.0015","66887660738.4426","74117149475.8364","90216489104.6227","97973600517.3228","99026206224.0361","96287538971.3036","86525421759.7334","82019218549.8229","74696078419.3323","68056942403.1845","56974922451.847","41569956522.0175","32894657587.6664","25242352235.8915","16352640341.1502","1760767447.17461","",
"Sierra Leone","SLE","GDP (current US$)","NY.GDP.MKTP.CD","38384445118.0142","39078823672.5317","40853385123.3356","41547786004.3181","44325346158.8159","43814442833.9545","45777302359.4228","42639093802.1439","40315738683.3681","49787773609.506","55026883287.9702","53269739592.6747","59026179660.7313","72380885954.9173","81880710197.481","86312779751.046","76045305834.515","87541484146.4231","120606114431.862","139920134458.069","140273766246.207","142686565558.208","165323124610.792","129700135590.797","140061813759.479","112728733996.375","68478299078.2265","88527826642.629","135720453402.844","120046732322.724","84817729146.1936","99121393626.585","86497439293.1521","96775815773.0131","113291945892.11","107245568189.722","114884306185.13","102816734359.527","80683236388.689","79612191031.8608","75016954316.0316","122982361508.494","140512414197.743","153523190243.608","160685364275.512","180256027758.058","204903375571.925","231687933688.44","263088740605.338","252298632665.774","261364451686.285","286667438148.066","353769998664.943","431434253133.751","406888159269.748","315935600143.563","246782775337.869","210553958846.894","193321937933.177","161262253594.2","124867297860.59","106019271467.127","83293130342.1642","53710464535.3506","7547843281.27425","",
"El Salvador","SLV","GDP (current US$)","NY.GDP.MKTP.CD","20644799890.5207","20995919888.6587","23300639876.4368","24623278141.4229","27140518128.0739","104448678182.4","110612880742.4","116167799628.8","120161449888.6","124878600371.4","139036161139.4","145578918892.6","155104841689.2","177076199385.2","204638118278.8","231467690292","286240770388","361597252538.8","384585879622.8","425965466136.6","439575028255.4","422839821748.6","418262200627.085","431611553668.883","451017102395.346","468288497317.726","465002817628.737","488295206975.757","516901116130.323","539541297914.985","602870999959.166","668047677290.09","744567532375.493","855191118515.899","981792371756.994","1137871170662.41","1220342293995.93","1299106783942.77","1384023613712.39","1420729183963.78","1478393791635.38","1534905380171.84","1572517039307.04","1634441125168.92","1691232332164","1786909240216","1906271317024","2009769545220","2072470624400","1947033112000","1984602543557.81","2046412433300","2014744207000","1943710307100","1824673660800","1681250433600","1547308677500","1321923826400","1146075400000","969118700000","669591200000","610823540000","514702720000","339994520000","35364960000","",
"San Marino","SMR","GDP (current US$)","NY.GDP.MKTP.CD","","","","","","","","","","","","","","","","","","","","","","","","","","","","","","","","","","","","","","5859640161.42357","6289896769.22164","114954204281.484","104223053766.629","110429262228.68","119302204074.239","144712216470.814","169931039367.595","177053579481.021","189699967803.082","213717297427.713","229513770759.444","123695748893.526","112643888272.003","108438824162.774","95572430180.3143","99609559553.3263","98391281469.6711","83542685860.0799","85978366063.3531","82944029088.3296","59522203105.3362","43638527149.2723","32393806382.1536","29686204329.8479","10990203462.5342","","","",
"Somalia","SOM","GDP (current US$)","NY.GDP.MKTP.CD","16060975132.9952","17057775491.5369","18114387246.2407","19237036880.3398","20428213786.8178","21935285972.9969","23163783295.2093","24460319756.5645","25804736560.2201","27320936939.9636","30636317370.1601","31614208175.3179","39918749558.813","47934328907.2891","45469189782.9462","67992574695.8657","77331956461.3008","47362477715.0477","53669576247.4441","56081298112.3621","57330552805.7719","66417529922.5088","73571392053.5585","69735697043.8505","74880437911.9227","83251400053.0043","88242942900.5737","96022131367.2431","98770757388.0163","104667033084.397","88261448149.6387","7179749297.63158","7092975785","12601329557.8746","14812050979.8113","15347561345.5022","17922342973.9194","21917490135.8124","29620475644.1651","30457515276.6005","34127974502.0112","22528474646.8608","21926841345.9273","28367243515.616","38595928131.0255","46832464541.0048","50267432820.4251","54307137288.9074","59136202929.0573","29485945524.4952","26878070037.3935","29060000969.3249","42354830515.4684","349132085596.272","371022255118.229","364976065266.965","331132781481.744","290696436949.239","232580841309.725","212343775179.429","205099750487","186128408826.248","158531708834.072","112530302980.609","12108515109.9996","",
"Serbia","SRB","GDP (current US$)","NY.GDP.MKTP.CD","","","","","","","","","","","","","","","","","","","","","","","","","","","","","","","","","","77499644878.5308","81208581357.6068","1265759435028.19","1611203314711.87","2629091570940.99","2003661197584.8","2002377754299.46","741779093443.76","1356537408604.16","1792383229705.79","2345673587203.63","2758263755279.86","2931858722709.87","3431096550340.54","4465253602061.36","5290345384556.79","4429812748133.42","4031112104964.1","4519513173746.88","3766552568292","3999022539040.9","3583806464437.43","2755121661805.34","2523295389416.76","2326822586175.14","2240282856501.2","1867881171599.42","1454433878170.13","1343295160479.27","1036234480520.27","788804466221.189","89083506277.2344","",
"Sub-Saharan Africa","SSA","GDP (current US$)","NY.GDP.MKTP.CD","3618091921499.87","3764416960764.48","4070291325748.81","4638161872417.83","4579388717508.27","5108753402791.89","5514222667776.96","5481619226366.83","5857251208841.95","6691741324600.76","8158338216812.64","8322800599100.24","9377913002611.6","11989912824696.7","15628639001880.2","17224890362274.9","18721020360520.2","20588378978791.9","22902334129937.2","27472139175324.4","34682074723407.3","39762942304913.1","36936669732321.6","33722720623129.9","31074864565860.3","29119553893155.2","30630764287924.2","35459344651194.9","37120518237760.6","38071078282300.2","40742918966261.3","41727553959619.6","40751384976985.6","38604583996082.1","37360456698907.5","43129421401964.9","44946051880082.2","46381611327228.8","44151732604214.3","41908035136358.3","44306102961204.9","41563105336235.5","44375505647748.7","55688728632207.3","68608528948341","79632678321885.3","92085473971173.2","105108443794078","116970835636420","108899463740167","134165843008856","143380040388636","144936325643843","144830289186347","139536703799967","115075719192660","96601489575325.5","88005332403342.8","76553327658312.7","64585504885409","46095436539871.1","40397773097808.5","32873467719935.8","20160353811582.8","1745534471319.04","",
"South Sudan","SSD","GDP (current US$)","NY.GDP.MKTP.CD","","","","","","","","","","","","","","","","","","","","","","","","","","","","","","","","","","","","","","","","","","","","","","","","","1278902149545.56","1037354947022.93","1282857332419.71","1537606554811.11","1003409462950.82","1345409982636.34","1079609600094.94","789468977048.85","35349689171.3055","","","","","","","","","",
"Sub-Saharan Africa (all income levels)","SSF","GDP (current US$)","NY.GDP.MKTP.CD","3051639135203.11","3177179465796.31","3434554959552.99","3905213175254.52","3869340509893.52","4291641821506.3","4631863865540.52","4601859642863.03","4919326509851.89","5616343821756.38","6583631764989.26","6696669326690.53","7550565283743.07","9662067081805.17","12575963335266.7","13849237087847.2","15050699760212.5","16526472912691.2","18344932879121.3","22017572573493","27776200505720.6","32952416720098","30537342882570.3","27586474431877.3","25265494477934.7","23691225279328.3","25004003471331.5","28967300474454.6","30319548848628","31076477299960.9","33421625311709.4","34234951628827.1","33216678010189.8","31749997188751","31249524363906.4","36554312806609.6","38364387094381.4","39876875295301.8","38347608732697.7","36470358165660.6","39062042441359.5","36740774580526.1","39603516822289.5","50164391833748.8","62417237752885.2","73688509153311.8","86652437257941.8","100539438869738","114733619761217","109412741808572","134737043701716","144010911400913","145494314100872","145322232507138","139920310029901","115347955498414","96877807732268.2","88288670938050.8","76837334777816.5","64870286102931.8","46236751343025.3","40538627958796.3","33030311024924.9","20345527349504.5","1957702634760.35","",
"Small states","SST","GDP (current US$)","NY.GDP.MKTP.CD","57775922703.2542","62807332449.6563","86642354379.4875","91126693027.752","100196816409.501","109240515290.41","118101356869.985","126875162407.922","127519241280.103","139326174129.88","670349246176.955","750413467535.501","879938465735.793","1086907543653.73","1644041246219.37","1881001864100.57","2128186548685.91","2411432342442.28","2584314401352.89","3183799221936.14","4185736144883.77","4310432604818.36","4318827856256.73","4213370487997.09","4167724120819.77","4021410222680.53","3965728059026.81","4514620787498.68","4969597683502.09","5165013872226.9","6056676352671.14","6108801191957.45","6478484739434.83","6390808606590.39","6735877031308.39","7613498221623.73","8097170916422.43","8620407346036.26","8645153449886.43","9246390296017.7","10262616810412.8","10183502095184.9","10861839865567.9","12925637807293","15449036367495.6","18234123806539.4","20982764394541.4","24954977199129.2","29740543035831.5","25490969567538.9","29472552135932.9","34412545385273.5","35341542837282.4","35256333432954.6","35049815332464.7","29006216308015.8","25477075614082.8","22971857685521.1","20477174414418.4","16005107972293.5","9906122073880.54","8475227020450.23","6642080519619.94","3008836270437.56","309361541400.629","",
"Sao Tome and Principe","STP","GDP (current US$)","NY.GDP.MKTP.CD","","","","","","","","","","","662407216.598327","664273318.986674","737502253.068836","997056568.989085","1029211572.24903","1069873383.16405","926353540.910529","875945843.081744","979846597.030026","1170517452.21045","1453672581.50261","1421267875.64283","1452605679.68746","1397143327.73285","1380230897.20449","1470500432.53589","2058301885.73417","1935311779.86689","1674474580.59492","1630024015.09596","1965206646.054","1864699519.57686","1583581990.34007","1915554138.06133","1986351940.81809","1628177426.11175","1845583445.59965","1402161324.58727","1131096175.75307","1195410230.941","2437591962.10015","8583554014.67356","9665744545.24527","11234454109.3484","12322205830.6404","14109717280.5997","14892505435.3819","15833695700.5326","19508787673.9761","19554009816.6517","19683763726.4306","22390311960.1648","22660061787.0816","25336370483.2428","26306609292.261","20484614801.9766","21200025608.5606","19346132556.8281","17888745581.4314","15161892868.4326","12744605197.6189","11071340462.6758","8683706855.28102","6486820584.82944","764274042.735043","",
"Suriname","SUR","GDP (current US$)","NY.GDP.MKTP.CD","11704264444.0696","12423003302.1356","13305177427.2","14258529354.44","15478196072.9162","17902870844.2086","22098654459.9942","25627458583.2582","28300646415.4749","30148506961.3197","33228652826.7457","36396936816.6412","38913914519.862","41699202749.2828","50345816213.5139","61090435967.56","66385736798.3965","84203955761.7749","96590893370.6768","102805349854.652","104417048855.01","116787236310.831","120208234700.682","116067374761.161","113436596868.602","113604450508.316","116032399878.45","127613527310.472","151143266197.841","69528856516.6215","50381531094.2149","57383006254.944","50209458825.3297","53112265444.6312","72143231148.0451","82306041188.6189","101659136524.189","109825927112.525","120666599931.298","104504932348.916","107791875039.331","92660078376.2166","124910478432.396","144955067472.848","167513818109.922","199379829382.794","280857374591.693","309916182486.857","365973090620.387","384488233150.998","414919090468.907","401726934939.464","448076001549.899","438549275962.228","392665636616.213","351747178975.384","207027821082.462","179380063782.212","167289001847.948","143319171503.075","81169351293.7456","63849852690.3553","58958500502.1022","35860626869.2114","4714267822.2233","",
"Slovak Republic","SVK","GDP (current US$)","NY.GDP.MKTP.CD","","","","","","","","","","","","","","","","","","","","","36080049376","37449020096","172316163114.924","174202435992.605","162052683205.612","420914401848.987","522511201121.275","619036737392.723","610217573048.346","600734982235.704","1650296866910.85","1706108338339.23","1850736918745.46","1992216722233.51","2384303031567.97","3031639503589.6","3256404522174.95","3222491882699.43","3444060095725.88","3459617731058.42","3304631394349.74","3458751816551.63","3936259399761.92","5206361935752.72","6349345225882.98","6869228314301.2","7643814069361.95","9232879285583.27","10488539572999.3","9047463864716.06","8955950282160.19","9344449129826.75","8429061650668.47","8273253050612.48","7878350140131.17","6257833768671.74","5657656845312.12","5065673133511.86","4664579205974.62","3798200917304.83","2873404040969.59","2488796999540.94","1850657861239.87","1329613101793.98","141775733420.114","",
"Slovenia","SVN","GDP (current US$)","NY.GDP.MKTP.CD","","","","","","","","","","","","","","","","","","","","","","","","","","","","","","","1150368292204.87","921087481719.54","915514172059.807","913250490338.785","1022207985103.19","2581394468377.53","2583037748858.45","2475936883655.73","2621208388126.13","2668865744462.86","2372762814395.74","2418220665330.35","2705173930957.09","3382594311908.29","3895055653562.42","4037733264205.41","4326011382581.76","5167066152449.06","5815716895278.93","5106441103068.85","4787794293188.69","4863665546342.92","4168084193372.25","4039226631774.41","3883638511226.26","3052685027873.48","2810318074664.21","2572368212582.84","2379311381829.31","1949417142370.79","1445989653936.67","1295545276561.55","966363848786.687","687757936146.016","72485008929.2766","",
"Sweden","SWE","GDP (current US$)","NY.GDP.MKTP.CD","1788388841233.92","1945528562278.84","2127432271690.7","2302686505761.33","2567922974664.94","2894710529798.15","3148777827504.1","3417778621038.54","3626847865621.34","3938696761445.58","4576259177243.27","4993882426820.86","5881309570947.69","7136904350641.95","7930827956560.91","9957914508403.13","10736092413991.2","11349596550235.9","12547953236613.7","14823840579922.4","17070415648057.9","15582000735112.4","13741960318222.6","12620436306555.7","13121965866587.2","13719040205419.6","18106379362986.2","22026171166093","24900122077321.4","26226013039139.1","31479933040892.6","33004358851032.5","34205638348172.1","25676624456473.5","27428048336682.4","32000618231945.2","34657148699487.9","31558398605068.4","31575018279457","31788044126336.7","30214030128058.4","27632865391594.3","30195871072304.2","37538105145940.9","42882410425555.3","43034694918112.3","45642085573303.1","52074366435325.3","53434353052520.2","43602082019821.2","48640582715699.4","53589288100324.6","49124108658024.1","49446048657046.1","45028730073054.3","35576318566598.4","32422010649780.6","28596545524145.4","24405063626555.5","19177044408471.9","14705507772003.8","13373562032116.7","9373455078212.55","5883363151159.3","610117791237.089","",
"Swaziland","SWZ","GDP (current US$)","NY.GDP.MKTP.CD","4243773993.31211","5205502859.98402","5602523708.09263","6602979158.8536","7926652734.32086","8643368159.82325","9451824548.1388","9195557314.35472","9736616173.76075","12866387837.3308","14320520380.4387","17414003747.4338","18632593263.5432","27871985876.2223","33280016609.1203","36600105283.1879","34579241534.818","38592885253.2253","43394209455.6621","52463603254.9846","69230008106.038","72647302784.2296","68287311232.547","70536945448.9185","63095458694.876","45977534779.2776","57076708422.7998","74170005683.4008","87925181816.3244","88667497259.108","136502537305.486","141511118747.803","156945137596.887","164356214982.922","170476594061.805","202400672846.786","190717719548.726","203117339469.376","185624502215.172","181680071604.185","192239627707.131","169391986403.53","155047426416.978","235834869944.467","298077538737.718","328800672440.205","343404598057.986","355954356712.596","333566125405.145","347948181635.429","419263219457.307","443522953289.048","423507077564.744","379971230302.212","340760422381.586","287464860910.452","238511286787.342","234198205473.203","205763913845.236","161668820327.561","108193798121.099","100788822951.297","76316988077.1458","45209974447.9593","4891883720.15742","",
"Sint Maarten (Dutch part)","SXM","GDP (current US$)","NY.GDP.MKTP.CD","","","","","","","","","","","","","","","","","","","","","","","","","","","","","","","","","","","","","","","","","","","","","","","","","","5129832402.23464","5353743016.75978","29954860335.1955","31547709497.2067","32732960893.8547","41363326182.5245","42240933175.648","42561279538.6","40232539776.2769","38893628143.7297","22681775474.8659","19794403220.6768","21743834409.8459","24696846061.6519","16259324428.1564","1735210227.92581","",
"SUB-SAHARAN AFRICA (excl. Nigeria)","SXN","GDP (current US$)","NY.GDP.MKTP.CD","","","","","","","","","","","","","","","","","","","","","","","","","","","","","","","","","","","","","","","","","","","","","","","","","","","","","","","","","","","","","","","","","","",
"Seychelles","SYC","GDP (current US$)","NY.GDP.MKTP.CD","10569420440.2618","1391044331.19739","1517044873.277","1670765375.38235","1847165941.57897","1903571646.05547","2006051953.71067","2029108947.47964","1961031233.99475","2007147305.9312","2340771742.94121","2790683240.39162","3891796769.36755","4685841252.1841","5477980851.62617","6070993261.59538","6258518413.54041","8193913366.77564","10865769654.1376","16163841651.9175","18865323534.1707","19777784367.735","18928262723.9398","18782666151.6025","19371618967.0044","21621751222.5527","26610128109.3243","31912166149.5262","36336595557.8955","39153386234.729","47214280746.0333","47950167876.8475","55018051738.7492","59562150321.2426","60235967875.0799","62533516180.6693","61972934893.1875","68670301621.5659","73471188839.27","74685254968.1138","73177307112.2199","73324736544.5783","81638500519.3087","81858252224.6574","93657100609.6507","102076714912.756","111153294439.927","110840355726.994","100999189243.884","86005229149.2882","97022510837.228","100874329098.933","97686210310.9894","115275982638.014","107628612501.785","99700091640.1026","91821360866.9562","82113264723.3686","71948909897.69","61783995067.8377","33665945792.6805","29595345630.0379","30070597137.8116","21460431294.9156","2167239562.46013","",
"Syrian Arab Republic","SYR","GDP (current US$)","NY.GDP.MKTP.CD","102924531103.59","113429398762.867","134378470880.05","145254139913.539","162078809389.185","177597742778.134","163463918989.827","190876865546.592","211276857837.675","267613605021.631","266784877734.345","322020396784.961","379564025740.076","402171251587.556","642455468749.848","849383472956.5","952435536538.548","966001350606.14","1163625558878.93","1261069669332.44","1658927393272.64","1988175139103.66","2087135001379.39","2248998949357.86","2246584153193.21","2150454132858.62","1858581489287.15","1738785573302.84","1427246453597.06","1378491673784.75","1733934600051.66","1872287071121.94","1908227015599.49","2008906266854.93","1759375879819.53","1980567681021.2","2345856774851.31","2489257631307.05","2601566914458.82","2691890898396.99","3123179010355.53","3367864662720.41","3453034575779.82","3550309323796.48","4080168902927.64","4696336456476.79","5359574357920.77","6312505610330.14","4537048908402.2","4490483574619.38","4917985866444.51","1623428833380.47","1258290810788.47","512005146098.201","516408144214.13","397604569908.408","301345095377.725","392046258450.715","515373604082.37","497099374477.292","217097547511.325","148948016146.045","141736962477.028","19993439949.5435","","",
"Turks and Caicos Islands","TCA","GDP (current US$)","NY.GDP.MKTP.CD","","","","","","","","","","","","","","","","","","","","","","","","","","","","","","","","","","","","","","","","","","15784771200","16135147770","18029159080","21366347370","25460414520","31763225490","34033547780","37958079310","30939734550","30218663570","32066742290","31857825240","33024937240","36802487680","40868259800","44442754120","44325180048.8","48230730160.7736","38310534905.5269","23608181023.8367","21633522758.1795","19326121733.1609","14257142518.5261","1745378000","",
"Chad","TCD","GDP (current US$)","NY.GDP.MKTP.CD","37538697225.4719","39979877594.6586","42812237075.6096","44503880842.1137","46955585604.4626","50231571829.0734","52176675301.7098","54247982263.5699","54837216124.5748","56942270430.1164","58218514263.9559","62233715463.8607","72687417480.8292","80397493235.0983","81712443538.9689","108268718423.336","108448734500.611","117128962403.241","139488565008.221","125764504684.23","129356180905.76","109813607751.215","104482772713.364","104238061940.547","115021673289.29","129318957631.633","133669342130.212","145621595148.143","185564947616.582","179439897385.233","217529917375.818","234836608087.142","235478188822.799","182793069715.147","145404950492.632","177081802575.426","195689761285.818","186683204976.135","209141934600.535","182725324718.735","163590976565.395","199759692250.923","230933269643.677","314367532018.846","503015423442.694","718030219772.684","791503334306.737","903278887529.627","1057474835066.51","915983031151.628","1039365882996.17","1144535087854.62","1121115686304.71","1109428812514.67","1090804591604.84","780142340281.114","629928500161.587","532669964304.547","498971068481.72","410928810963.935","292007405276.713","252471561694.532","205624675639.134","137451613267.516","20625711664.6472","",
"East Asia & Pacific (IDA & IBRD)","TEA","GDP (current US$)","NY.GDP.MKTP.CD","5628406492819.21","4946429754073.41","4526277304521.79","4900470230628.45","5673770536608.78","6616771933256.41","7240489833418.08","7020885842308.13","7093158982876.44","7964960468707.36","8870589046680.46","9537670405568.41","10823758908575.1","13625921543547.2","15396315565386.3","17302286021563","17574758482428","20298066010004.5","19890016500620.8","23054202364158.2","26662607281749","28372247450092.9","29710743173652.5","31123007866485.1","33670646180005.7","36699086891681.3","36587671786878","36312194058092.5","40404252926002.1","43703463161699.5","47264485601618.8","50565015370227.1","56768877978695.9","62590927863452.7","74675803602286.1","92160505802906.1","105872610885257","109645822849811","100359248772260","110491411217837","123433409679848","129576021302633","143611605264857","162800809330584","189000492110886","219060981645371","264017550853606","334232681764611","423292439360677","459338844131429","565034665471921","680724677273172","761193332717964","827996957428259","891565896802950","927771848882157","852682602585662","783824362948954","727709084973134","618469344545175","471672496192938","437071618651091","338372651903491","211797426599763","22233410782170.8","",
"Europe & Central Asia (IDA & IBRD)","TEC","GDP (current US$)","NY.GDP.MKTP.CD","","","","","","","","","","","","","","","","","","","","","","","","","","","","","44806714294854.3","67456252396665.1","72704970797702.7","70737065997726.8","66072740607927.6","65290748532261.1","58613471470970.9","64561821002224","66463083987402.9","68593581959648.8","66259906216736.2","57428547048475.7","63353874875432.7","63568211687555.4","71411581517928","87864747129313.8","113662583052747","142346504583240","172211022509990","221360570390891","273978107619722","217197228981345","258569776166244","309715110372090","327276661263931","341634888896653","323449460103801","251818048348820","219134147430982","206953263788082","179252272762360","149682381020900","105182528343805","96735387553664","83457140629433.7","54910884654802.5","6097876994310.88","",
"Togo","TGO","GDP (current US$)","NY.GDP.MKTP.CD","4766925030011.72","15825309205.1593","16688859453.8278","18079415540.9392","20962953297.8651","23783506827.6725","27461329236.0366","29448693522.7902","30797455817.4817","34063009681.7339","33533646444.2749","37815810644.5225","44367605429.0033","53748154456.583","74105832200.7047","81608615637.896","81877801525.9793","102776844354.103","108969074472.279","117892203348.164","150228015988.114","127221740219.645","108620272628.227","101230172427.898","94937891148.1449","100783096404.363","140251763878.279","165129418724.76","182283091525.144","178857476896.098","215316288658.268","211894228809.518","223395303719.946","162007960941.77","126872145887.009","167798467318.179","186369224740.573","189145634796.277","197970178721.181","195131656446.375","170168025731.8","170385372294.135","190615368124.66","225865261527.47","250026575850.276","256756305158.504","261613936697.345","295928970846.946","357899614109.923","352942627628.902","350080319364.556","385456069786.15","372930124252.8","388543031242.351","382745542707.746","319220879921.259","323122886958.844","297451043135.974","281641617223.503","240598559817.17","201949926094.965","175819918183.777","131097755655.779","91712618365.6767","9925732119.72034","",
"Thailand","THA","GDP (current US$)","NY.GDP.MKTP.CD","331290294701.672","364085237428.38","400378459906.998","428388818221.229","470584745137.78","535450394623.899","644066162364.9","687892296786.667","741883154101.488","816831064788.231","899990267657.41","936625003853.088","1038590775244.33","1374948535556.22","1740282609455.36","1890111798639.38","2157123625224.89","2511975076010.69","3048836973956.29","3476200221981.01","4108711014127.83","4425459486865.41","4645968967913.42","5084968049123.81","5307692841706.01","4938835040642.79","5471839980982.2","6416175893475.84","7831748211454.35","9175836142059.84","10840034116373.4","12476820875162.5","14152426487406.2","16041696898408.5","18072086909132.1","20759032684191.1","22278273087392.2","18195293905898.4","13563094512674.7","14893125138234.1","14753993242163.7","13873927859434.4","15274332796500.6","17128118351752.4","19262635510452.1","20715827097491.3","23869333174216","27857166264125.8","30018579829971","28245733935674","33552110793430.7","34722266863481.8","35303484514505.6","35395255545983.5","31629466087013.3","28423770515273.1","25955521734833","24167725637852.7","22280075845421.4","19581960542404.7","13516087195789.3","10625715902985.1","7928743403924.85","5150529755470.27","526411265427.683","",
"Tajikistan","TJK","GDP (current US$)","NY.GDP.MKTP.CD","","","","","","","","","","","","","","","","","","","","","","","","","","","","32357405918.9106","39887871457.0087","41103395857.5313","341246578303.469","314472618272.173","248440091829.611","213748377377.974","180857290803.763","156927007650.61","130811075036.835","112706334419.107","159696744548.333","130085503041.129","103032427605.726","126576393298.502","141791266330.217","178778495036.85","236669734340.002","258980878646.428","311134672623.855","401649464380.389","541800019358.052","507888308642.471","564207247720.972","619656052811.489","685019341474.555","720513094086.684","715024680221.194","568903760560.858","439075066294.835","389480549096.373","337545273128.026","297171293904.814","219978303436.017","186736238736.241","170087992330.757","120789587372.43","14204575548.5536","",
"Turkmenistan","TKM","GDP (current US$)","NY.GDP.MKTP.CD","","","","","","","","","","","","","","","","","","","","","","","","","","","","282272860963.583","357367302025.473","360604682059.686","415130445623.266","383505647183.713","396951372617.923","401236432888.748","324771548677.517","319330911602.108","296970878097.62","295935785602.809","313248151902.288","294942514372.552","346988455456.944","417963735596.184","520947151666.405","687213786627.218","777451423141.169","924427851801.997","1153824251601.41","1362418868974.05","2005601456804.99","2048475438596.32","2231536280701.84","2757101473683.21","3161808421051.69","3363072631579.64","3425545964913.23","2548135843315.15","2279052742857.14","2036668000000","1793606000000","1218233714285.71","732465714285.714","650096571428.572","749632000000","603322482233.403","64239891739.3311","",
"Latin America & Caribbean (IDA & IBRD)","TLA","GDP (current US$)","NY.GDP.MKTP.CD","4554028922800.31","4996373840992.85","5656648957298.48","5706650740129.17","6347392863630.34","6797551820938.27","7463397108065.24","7621454322227.11","8188734312097.49","9160321365999.55","9964681924512.14","11097679696654.4","12455668990271.2","16514151846162.3","21637460698996.4","22611100965686.2","25083112541395.4","27631558149732.3","31525185702840.1","37312611555912.3","45084552071902.2","52042811680771.5","49592194512628.1","43555072791580.8","43530075761151","44517101382120.5","44853610919555.8","47367671012940","53513394259114.6","65221396714287.4","77631595376298.3","90677889283989","89563739090087.8","104198470680501","119967287562173","128519013070539","139474126529181","152975461765989","153939667559204","137823048683848","154530826402031","148245658438755","131878645985422","134691305611318","156014582698782","189948112386605","223376528824516","264569880399001","308973322554722","289382898720086","366556161657311","412150335505052","422087985850916","426481041630534","433155370208812","365075491726875","320725933395988","300890810073003","243038067598643","195232759147451","122490746523141","110634985835674","96316139420957.3","67794533907444.6","6977493595927.05","",
"Timor-Leste","TLS","GDP (current US$)","NY.GDP.MKTP.CD","","","","","","","","","","","","","","","","","","","","","","","","","","","","","","","1282101419.04676","1477130000","1878915000","2169144000","2390405000","2943199000","3437469000","3583227000","4818898000","3604076000","42132667332.7581","50012229244.0552","48959826353.654","50363571942.6135","57469671986.8573","71541162451.6788","83041537247.1793","93910677695.68","127347636519.029","115528868524.846","137921378639.094","175305394760.681","195615577137.892","179197977309.457","152455425335.049","133624559190.193","108398553008.46","103194649741.109","75990957555.8656","71633068972.2291","56038188760.6802","72748648007.2213","51174808875.1055","21452073043.3413","1881265333.4187","",
"Middle East & North Africa (IDA & IBRD)","TMN","GDP (current US$)","NY.GDP.MKTP.CD","110991523741.028","181430709323.814","186290349835.439","207811265278.695","231626989654.134","610438298884.946","640626043889.332","695575678018.615","775180007978.916","863571660500.479","970388615623.782","1112375367449.54","1324737013612.38","1752688923314.41","2690041494312","3103769203846.75","3836225322866.34","4436210840667.24","4751253522481.8","5939227542609.89","7157328835376.81","6939275659378.12","7878175760431.55","8802417811746.49","9255784414856.58","10049052136053.1","11098152790594.3","9649317579095.99","9016028503257.18","9044917636664.55","12649763994332.9","6949083268144.36","7483544160635.05","20333110118921.6","21157945104524.9","24103473598688","27757608507562.6","28789862692217.9","29300244115199.1","31371110297983.1","33285304435585.9","33675496248793.5","32686395175383.7","36437282082604.3","42579316644093.3","50152131450630.6","58405681317318.3","71921109875008.2","88804441649526.4","85913574103717","100541830212499","110906557363621","122032312267730","113080589416094","110928475388790","90147290362632","82825991344004.6","76388277746713.5","45352004140003.9","37979943536873.1","34411280975164.9","31854831137471.1","27697203195077.3","16807195822576.7","2139861115659.73","",
"Timor-Leste","TLS","GDP (current US$)","NY.GDP.MKTP.CD","","","","","","","","","","","","","","","","","","","","","","","","","","","","","","","","","","","","","","","","","368000000","452000000","444000000","453000000","466000000","491000000","463000000","559000000","694000000","827000000","943000000","1148000000","1293000000","1312000000","1399000000","1441718600","","","","","","","","","","",
"Tonga","TON","GDP (current US$)","NY.GDP.MKTP.CD","","","","","","","","","","","","","","","","4046526668.31751","3734995809.27001","4246220104.69006","5147644076.5231","5546790164.1433","6591686800.13633","7725374629.60416","7755813778.68997","7572662019.71565","7990499403.52666","7507647013.10475","8488840226.78827","10076078490.8122","13048480283.1608","13220754287.4861","14075974399.2931","16419350527.3916","17027013893.9091","17073461845.1195","23083827068.2903","24283300898.7049","26026340128.3266","25018279772.4465","22180582132.8541","22733719651.1335","22687548704.4402","19994555129.2805","20613326959.0339","23011715574.0491","26148467906.9373","28892421748.1227","31775032690.5365","32106283419.2296","36148063511.4959","32288539125.5913","36738212361.8808","40183978304.7135","42287204978.9825","38214189491.7041","34393576345.8002","29226390334.2142","25862341737.6143","23731084788.0116","21058367013.9131","16282447843.159","11727676319.0612","9209343927.89887","5110179832.96187","508735107.033734","","",
"South Asia (IDA & IBRD)","TSA","GDP (current US$)","NY.GDP.MKTP.CD","3290844430528.07","3510899338543.15","3747534881526.92","4214130632834.06","4826104554434.13","5182245682765.61","4346245275930.17","4784673001809.91","5022154092972.37","5518689632411.69","5973589969096.47","6351971548816.29","6387740279431.46","7309632779931.02","8851624900555.71","9481016016110.22","9250407176265.47","10704652014406.6","12181209455681.3","13643832000705.1","16460068939871","17448771689566.4","18050890942854.6","19110975017254.3","19020434683192","20685309578983.2","21908837919293.8","24328191687190.3","26138922782570.9","26378104839690.1","28812545907493.7","25252890145077.4","26816839791051.2","26557867841623.7","30132142162395.7","33456856366119.6","36606574482542","38404985947598.5","38943858778344.8","41729187698561.5","44519055663001.1","44996052953532.7","47245967449881.5","55162873011210.3","63963287932263.4","73246646028206.9","83577014064058.8","105275728380939","106985369223080","117611617210184","146111366972910","159093949004517","163296809430577","165221991768019","180883540670696","188837805207810","185209532289889","178408717460487","153098494580358","130383918074292","93190473888815.7","85254709218397.1","69132697687119.8","44587485939355.6","4514924632400.27","",
"Sub-Saharan Africa (IDA & IBRD)","TSS","GDP (current US$)","NY.GDP.MKTP.CD","2130973071764.14","2221690156699.86","2399472889560.12","2717383299280.77","2711574938925.7","3001809350305.1","3239318431632.02","3227452547853.52","3448568408637.49","3930547003234.75","4599079298172.74","4679163505626.24","5275336817108.02","6747685902719.99","8775725139612.01","9664575216153.92","10499037187351.1","11523095989196.4","12756308070902.4","15333006174196.4","19360363069328.2","24512999226055.1","22649327039982.2","20226581671333.9","18252349791127.8","17154384169905","17777956570152.3","20431233481592.6","21339679999504","21737460880871.2","24066667225424.2","24588512693751.2","23636877853827.3","22645920170752.1","22361902189427.3","26352513560007.5","27786316041221.4","28930693439017","28029137997545.1","26113890361070","28198117873265.8","26400067147450.4","28620298893312.3","36138853805717.7","44953438299519.6","53215892216522.5","62783061059274.3","72866506872890","83130535822755.9","79475916254312.1","99155889142580.9","110248138290304","116952447301089","122332587676902","127751468630202","115343775498414","96877807732268.2","88288670938050.8","76837334777816.5","64870286102931.8","46236751343025.3","40538627958796.3","33030311024924.9","20345527349504.5","1957702634760.35","",
"Trinidad and Tobago","TTO","GDP (current US$)","NY.GDP.MKTP.CD","64281954904.2479","70197026390.4353","74939404380.6524","82068429448.6086","86141145154.045","89863524231.1179","88297833240.1978","92960910133.2813","92585794938.8616","95062399998.8312","104375099390.767","113890771273.559","137590910943.85","166216124496.711","259339193362.487","310218673202.359","317548508769.776","398610759870.128","452416239054.401","584506855668.635","791950961854.137","882135523988.092","1027652147096.26","987641539863.537","979066085118.678","936745869955.04","608890236417.331","609316292746.945","571069708628.558","549027278367.53","643639845333.494","674259078046.347","693065006570.001","583205090866.198","613249261147.367","655266828874.738","702164816565.248","694841348512.568","725889703361.436","810395393684.057","961450777956.074","1033020315742.1","1045168567502.28","1293749764426.85","1495817136148.93","1783242162351.4","2024569701368.91","2334083415961.57","2910981700466.97","1966590813864.09","2170625044222.58","2365595465995.14","2300597693643.17","2298874148069.91","2095122220850.77","1799329583390.92","1419822107769.3","1216054491509.58","1057919025879.5","856765738578.566","569178151967.908","507679615612.966","472849831642.301","274910581055.965","26428963758.1307","",
"Tunisia","TUN","GDP (current US$)","NY.GDP.MKTP.CD","","39843150579.6754","40481276927.1491","47229930160.7646","47189873085.6939","120907809489.788","126996190515.778","132457143080.361","148189332825.664","157368381029.306","182796963146.445","214027560505.277","284151885713.018","346820868867.374","450299821507.17","549782415830.079","572510489918.278","648906156445.73","757973307772.636","912952126771.193","1110438256543.82","1070420083444.92","1032954185823.8","1059496933311.06","1047459508390.37","1067575101804.17","1144575664171.85","1231277958112.6","1282342099917.92","1282973008799.02","1561364346049.73","1660668335902.74","1969202655022.39","1841385764444","1938646178618.64","2217327061329.49","2389579594020.65","2467833819210.99","2572854293691.12","2685736654447.73","2493408349279.27","2542197707248.74","2646653165271.91","3115380075364.86","3506136730676.56","3567349563498.5","3739247598296.79","4165684599856.48","4679656921053.52","4426150663908.55","4463362696795.99","4413136600967.53","4113767881692.65","4000328767507.82","3638837021327.09","3126204546558.65","2699126047209.25","2169877406636.74","1820307208842.8","1471928862344.06","1135358078408.12","982247932524.172","725072122580.412","484962640533.827","53409988744.5968","",
"Turkey","TUR","GDP (current US$)","NY.GDP.MKTP.CD","1359786861093.11","836839606064.975","941334143853.286","1092557739916.74","1179211170367.86","1261242704654.7","1488939796145.44","1651920573921.48","2131186884321.38","2371972000985.85","2192170743728.37","2116586778264.37","2656163278006.95","3344833775278.52","4616641774388.51","5818654851559.78","6432236918003.34","7400799423954.96","8354203947765.1","11301464472976.8","8682470848103.48","8939256771960.68","8154961581553.84","7802062444469.22","7583785980634.5","8482818258372.31","9549332734492.41","11135412473310.5","11590942876490","13669135840718.7","19236468201159.9","19226399047783.3","20278456017286.9","22747767995903.8","16351322033407.1","21066691123378.4","22340112558661.1","23198389284755","31893860277484.2","29397317085921","31233135611127.2","22794304126931.6","27015905047783.8","35061535265676.5","45100507898134.5","54938669958389.8","59643552254293","71911859225908.1","79095892365619","64728776690396.6","75862607551152.3","77437137147811","76572517640997.9","78215375473550.9","70988324770807.2","60053692434377.7","54569460130123.9","45377719160553.9","34158564014002.5","27366774714365.9","19446212715070.9","17203000624691.4","14510503131878.2","11141607272855.6","1323254808058.74","",
"Tuvalu","TUV","GDP (current US$)","NY.GDP.MKTP.CD","","","","","","","","","","","25859558.7411804","27169895.8449994","29684579.4392523","34119154.3882127","41223286.6617539","40147480.540762","39190722.2992563","36694195.9164946","37987818.6329799","40656594.3428377","42061281.3370474","47730175.3163822","41189451.6164625","41525503.0416472","44819779.0255389","38628518.8310194","45747062.115277","50205134.9920593","70110593.7136204","84545232.4729256","871991378.800374","925419566.156646","962717010.278107","951660832.09414","1075781251.65917","1101110232.81913","1231144184.5719","1267596743.23301","1274424153.78268","1367969687.38417","1393699081.70146","1332839154.78965","1560740485.79899","1832799214.92348","2158864359.3398","2181659549.11377","2286079982.4137","2700886657.95014","3018540967.41352","2695702229.7609","3148358138.35577","3688429189.31826","3501153360.38138","3236966423.4092","2831795351.69106","2366799275.19264","2386151161.25945","2242348939.68822","1986860193.09147","1846158862.6962","1396352286.49593","1278647182.39226","948905931.238371","622803115.852172","","",
"Taiwan, China","TWN","GDP (current US$)","NY.GDP.MKTP.CD","","","","","","","","","","","","","","","","","","","","","","","","","","","","","","","","","","","","","","","","","","","","","","","","","","","","","","","","","","","","","","","","","","",
"Tanzania","TZA","GDP (current US$)","NY.GDP.MKTP.CD","26517298073.8256","28261790312.3858","31015899926.5486","34565792934.314","37488409250.8026","38172265462.1975","43779988251.2483","45651320475.0554","48952518240.5555","51420668114.8008","33755822916.6471","36114735173.1229","41111872660.7464","48928602410.7542","58912936967.7966","68162735195.2964","76522524870.6127","91382577982.956","109151749098.335","115828577212.402","134645103011.506","161038641975.88","170944764880.31","172549131330.797","158446689467.344","186428356409.483","134925648611.185","95780343677.1764","662061691017.866","575648414863.556","552936418263.634","642771721905.711","597806214996.738","548042449026.645","573205415421.635","667280383439.025","819947205772.937","963066162153.476","1233842775708.47","1270433618709.28","1326577639397.13","1343292492973.8","1387424581988.21","1481870070008.08","1615129154066.9","1860250906316.49","1908035360455.91","2200244383476.77","2726025612670.31","2776070350197.76","2988737548605.32","3091410227620.43","3422781306175.88","3762059079191.52","3841119829629.78","3315871065275.92","3092889580302.57","2815422184559.81","2523428122574.77","2217527036940.02","1743606722658","1469563401513.28","1212024547217.56","791007568275.399","78779864877.3018","",
"Uganda","UGA","GDP (current US$)","NY.GDP.MKTP.CD","51619036308.9053","53878463698.453","55241299076.2972","63500851985.8528","72470677046.6162","109707195233.415","115113686277.41","120561504991.309","129526977799.898","135579575152.905","146137466757.83","164426984230.439","172987002569.411","197449701949.688","243543490971.911","273708444673.377","283886800768","340630587752.67","280750260826.383","248126900192","158175610448","170650449776","276584998656","284535232830.934","457248614392.141","445281506081.666","498539047772.318","792669320843.334","818720981618.285","665424237404.249","543703518930.377","420440102765.262","363618704691.293","406663850635.828","494887636245.911","707849313756.224","737602736461.934","758986481618.247","790551219347.951","714518686373.653","727699480248.282","681540431765.739","713362612500.68","737224761424.946","897589480500.927","1017669150217.47","1093164542301.15","1306337057564.52","1505031912253.95","2051459809054.38","2171751802426.81","2125372857890.73","2202503970376.21","2229917705573.63","2318547231713.5","2115491362463.92","1708822027168.31","1548200697230.61","1404395700863.42","1267284687676.27","1014555306814.14","850818105769.665","729032852108.257","489705264030.363","53651874313.9836","",
"Ukraine","UKR","GDP (current US$)","NY.GDP.MKTP.CD","","","","","","","","","","","","","","","","","","","","","","","","","","","","7790997498341.69","9348215528648.94","10330303167541.2","10413213435478.8","9379333391086.22","9597086019966.23","8388582591984.95","6616219917598.54","6004163363638.53","5471952772331.48","6074361372062.23","5028904785386.52","3765175065849.32","3716119309928.01","4477025333694.39","4953230277171.51","5808628839575.56","7451404085862.1","9712549986192.79","11946652867809","15548791665390.9","19092535530637.1","12051027946474.9","13746971570875.8","15661917853934.2","15992170762143","15704830439942.9","10394591487280.7","6459870768503.31","5880057381883.99","5943367089719.36","5758867102559.44","5539010737979.9","4222215846376.13","4196681433437.43","2582911636673.33","1790034713241.02","190741263731.535","",
"Upper middle income","UMC","GDP (current US$)","NY.GDP.MKTP.CD","21300833642888.2","19548027961978.1","21699480566517.5","22853751316552.5","25791084567750.7","29245629985986.1","32213688420553.9","32807504660548.2","35565190756684.8","39803678640575.1","43749765338271.2","47930917307424.6","54769392178424.1","71333097905851.2","91805715288099.9","101206276755356","109315075233487","121864996570632","132414922089899","160644543107718","186702405690571","204103325213681","196987903942596","191273515414552","196785247171162","204812526782474","210780449107784","215079731703152","236967234552188","255994744946927","292988514536900","307859973317152","313262921842309","340721834373517","372358721467338","416842320477337","452201911383628","479685568889754","469692512534256","443715623385219","485384434334313","485268467945341","486127617467445","544498181968497","648619166725268","771084167714775","905767296283961","1.10782153119347E+15","1.32526210007949E+15","1.2601563620754E+15","1.51087804532672E+15","1.71282728423012E+15","1.73224610760007E+15","1.75361135389754E+15","1.67577535972195E+15","1.45018459698934E+15","1.28333252568807E+15","1.18900353215966E+15","1.06105564718691E+15","880948810556806","626654765649132","581054154423619","466908866274973","294682881392710","30891808644564.4","",
"Uruguay","URY","GDP (current US$)","NY.GDP.MKTP.CD","143897785970.525","179907003846.387","198643336022.415","178614309253.875","231104164371.879","225793594083.151","215523735330.248","196330423201.332","194100596860.398","245226331851.11","272357344833.168","355390639967.84","277616959534.896","496339528962.266","511914514068.501","448939935721.938","464865107124.542","522009574780.668","622988824142.015","911642225301.621","1289968870594.08","1402547434154.57","1164834493665.15","647455582020.24","615548446710.696","600700879831.412","746302153809.859","934842161978.091","1037781352611.97","1071228496393.81","1173240650368.63","1413051476861.79","1627138849061.01","1869420259451.66","2147375422976.99","2356717744631.21","2494739556441.62","2860464727447.87","2996276424107.18","2813217371476.48","2662448137094.79","2417312914432.08","1563578687919.01","1376673888537.46","1555930050472.76","1939789939086.03","2157457309844.66","2538625066305.42","3210020172339.92","3221027558210.22","4031203524597.59","4575529181206.8","4644865928205.33","4938247966317.18","4534215693375.51","3854319129004.08","3443370916555.32","3239765791112.25","2767475990249.84","2172470873341.81","1448155277847.74","1272657430498.57","1129139137718.41","773159147573.704","80961511073.5797","",
"United States","USA","GDP (current US$)","NY.GDP.MKTP.CD","63223954725225.5","65522802805222.1","71017465371405.6","74942305896582.5","80487384276293.9","89418004205085.9","98006357242376.6","103604512221343","113280977105237","122499437588747","134423036000896","145928338652096","160344494834816","178824865586880","193878578839744","211453854971136","235286769803072","261604660760256","295558683665088","330176467282240","359167543400192","402930004607488","419631296905344","455904544416320","506547856767872","544123196005568","574585950396736","609693720262016","657367379874048","707629909690048","747931744043072","772069461606592","816892267441280","852935196926272","886216548862464","929003917686784","974272695729472","1.02777092835547E+15","1.07718970037274E+15","1.13569112081636E+15","1.19856912767017E+15","1.22727584272142E+15","1.25820751203404E+15","1.30784600376216E+15","1.38280173530713E+15","1.44976989700273E+15","1.50928175339314E+15","1.55182284101119E+15","1.53833923715437E+15","1.46643806185965E+15","1.49321322454502E+15","1.473229382745E+15","1.456730396557E+15","1.425633064359E+15","1.364038973967E+15","1.290223547773E+15","1.177842353894E+15","1.033665884847E+15","905360339997877","771815836760120","570357786183000","492291075040000","411724990000000","275767994000000","29184890000000","",
"Uzbekistan","UZB","GDP (current US$)","NY.GDP.MKTP.CD","","","","","","","","","","","","","","","","","","","","","","","","","","","","181100385342.456","227186518187.872","252825981244.346","1661449958512.71","1832220176098.05","1704780967649.75","1715798720257.53","1670831726060.71","1674640691808.47","1734563218606.93","1798271992023.97","1798090710566.05","2016144040156.19","1611688921102.48","1329982596738.74","1122039199338.97","1164940875620.29","1371282379238.49","1602038555219.15","1893789443994.99","2409609492610.32","3041123965792.95","3404340919519.54","4306109448503.56","4868122078658.07","5226333520748.9","5451547315759.89","5613349446555.01","5510692991445.1","4979845084561.19","3160219699683.17","2310652289022.6","2180329474381.95","1653289555418.59","1506241025426.34","1347489975730.79","974157324987.405","114965293466.611","",
"St. Vincent and the Grenadines","VCT","GDP (current US$)","NY.GDP.MKTP.CD","1568025041.30381","1680026829.59129","1757552718.10766","1658734488.73456","1785786489.07868","1843245452.5213","1964230684.55882","1931902804.37318","1872699999.97698","2031299999.97502","2287799999.97233","2486458639.72093","3420624316.52887","3740489320.25078","4082645932.06108","4119897808.29672","4062135361.75844","5486968251.5803","6839735753.38293","7994516093.27032","9127110468.35332","11315179666.2764","12715221195.075","13778417393.5459","15195874026.6101","16454120322.9794","18331973214.9179","20142044069.3785","23106799527.1463","24783060031.2533","27730699097.5825","29513981033.356","32259911828.8525","33165204248.7953","33375050842.7292","36460977704.0458","37792986608.7899","39292852348.2964","42322781309.9349","43887496567.2511","46243028393.3421","49430589666.8","52403662570.2245","54137467727.2347","58377461274.5918","60698618935.1652","66409832534.8649","72418451900.9668","73105247595.523","69355633586.2647","68726661029.2418","65154761900.994","63251934156.3033","62171778862.8279","57670938343.3642","54101558723.6748","49504541651.675","43035405209.1746","37236192595.5976","31497138230.8288","23113374985.1955","18464150933.9511","15378975509.3791","10665903703.7037","1157207407.40741","",
"Venezuela","VEN","GDP (current US$)","NY.GDP.MKTP.CD","997189928428.015","1039602528268.13","1154974119012.71","1251617164021.55","1059266709455.02","1117096237534.63","1170742988709.37","1221001457531.92","1332812531537.49","1378879473194.37","1586053332230.42","1775747923755.93","1938172218444.34","2365861922550.07","3565136311954.55","3816398961446.02","4393695513650.53","5107187335765.93","5588410827215.44","6754911907743.69","8178297236108.36","9189865279782.31","9352219520829.96","9497726449992.58","7347798383298.33","7599413166233.74","7574289693169.2","5920107290284.17","7530347107066.89","5436556200472.22","6068416978017.46","6676116073408.21","7546470916637.47","7437706421139.02","7119191558063.97","9351117977719.11","8451840253165.27","10408078785809.1","10986058314348","11684636356596.4","13838717301104.5","14388779769307.7","10779444106116.5","9616815531982.52","12809300474762.9","16284298998638.6","20185894110346.3","24839279433057.8","33124981389237.3","33600960368185.4","39324054891876.4","30065807463175.8","34316898820646.7","30526036784903.7","29024373424553.1","","","","","","","","","","","",
"British Virgin Islands","VGB","GDP (current US$)","NY.GDP.MKTP.CD","","","","","","","","","","","","","","","","","","","","","","","","","","","","","","","","","","","","","","","","","","","","","","","","","","","","","","","","","","","","","","","","","","",
"Virgin Islands","VIR","GDP (current US$)","NY.GDP.MKTP.CD","1815000000","1927500000","2804400000","3146400000","4088800000","5187000000","6559800000","9001200000","13556400000","16481400000","17520000000","20560000000","24568000512","28128000352","31631999776","31984083936","35200000000","36943999776","41031999488","48536002432","58224000256","65743999744","66608000256","73351997120","78831999424","79232000000","82848000256","91824004864","96368004864","107512002176","120481902336","128682400000","136359297760","153692000000","","","","","","","","","212317000000","224205000000","246887000000","288271000000","292280000000","311739000000","276106000000","273147000000","281675000000","275151000000","266031000000","243990000000","234098000000","241919000000","168442000000","168270000000","106027000000","98713000000","88329000000","58150000000","28032000000","","","",
"Vietnam","VNM","GDP (current US$)","NY.GDP.MKTP.CD","","","","","","","","","","","","","","","","","","","","","","","","","485066037760","1768469933391.85","3251797849306.73","4527462545118.08","3139995672043.57","780369529647.162","802495837360.419","1192057820402.18","1223508661230.09","1632012584646.72","2014204267367.5","2547589952362.92","3001824511766.43","3247082643502.59","3265016542594.5","3413350419812.91","3755017985991.13","3903747369284.05","4156817487505.64","4642725344353.76","5301611128383.71","6340372752337.7","7175579847859.7","8221361656863.97","10258493090875.4","10682657016181.1","12130059952860.7","13572081025209.6","14830685742750.2","15447280257609.3","15516143867978.1","14689343623707","14004653493000.2","13069885926888.7","12148546291813.4","10942541394126.9","8899134898661.72","7685260827174.19","6559175764537.7","4301310402794.52","476388230307.175","",
"Vanuatu","VUT","GDP (current US$)","NY.GDP.MKTP.CD","","","","","","","","","","","","","","","","","","","","15026695312.196","14539668859.642","12923086879.7996","12889568425.1129","13964368877.1797","17243258686.2307","15773596482.0487","15122278547.6542","16623648437.3809","19062896486.9257","18554693988.7583","20278608227.3411","24121769142.7482","25012396463.3331","23767204684.6623","27459095498.4408","28934457789.4042","30339141784.8518","31304608377.2198","31229264648.22","31538964079.3917","31615000957.2549","29820997264.1867","30071299743.1444","35733629683.3786","41169582337.2371","43953895063.727","48045749524.0065","56385985603.7922","63229274291.9966","61686853136.2325","69238821331.3412","74628848291.8901","69478078729.7455","67182614992.9525","59971737563.7556","49647043595.1737","49558452236.5289","46397195503.3052","40130497319.9293","33601065586.3203","24244056774.1376","20201661338.669","16348811650.7557","11263133592.1923","1161251868.03498","",
"West Bank and Gaza","PSE","GDP (current US$)","NY.GDP.MKTP.CD","","","","","","","","","","","","","","","","","","","","","","","","","","","","","","","","","","","2843299990.03686","3282799986.7167","3409599993.73375","3759800011.59521","4067800005.26302","4271199990.33746","4313600004.90521","4003700002.37772","3555799991.55726","3968000000","4329200000","4831800008.91325","4910100004.48853","5505800004.86843","6673500000","7268200000","8913100000","10459845726.257","11279400010.3737","12476000000","12715599988.8203","12677399994.8544","","","","","","","","","","",
"World","WLD","GDP (current US$)","NY.GDP.MKTP.CD","161157525974221","167870756146670","180120955117086","193964826655222","212543254303004","237422129835491","257659020233574","274140935318077","295758069190707","325819774040540","362388923783115","400239489582764","461898394362114","563444612741884","654565894525907","729602019896118","793511234059754","897354386975640","1.06681499421241E+15","1.23844292803491E+15","1.41666427176742E+15","1.45898314650556E+15","1.44426350634583E+15","1.47677293240491E+15","1.53311864075895E+15","1.608893571113E+15","1.90044597579744E+15","2.16128926828027E+15","2.41821365653376E+15","2.5323599517635E+15","2.83947339263434E+15","2.98517884064602E+15","3.1817075003361E+15","3.21034627969021E+15","3.37359769162428E+15","3.74549825847682E+15","3.79924856026299E+15","3.75781099495632E+15","3.71584343553287E+15","3.82301379934051E+15","3.91420968151182E+15","3.85877599557905E+15","3.97538043090992E+15","4.42723647027558E+15","4.94513141628444E+15","5.26301853340484E+15","5.60518705793792E+15","6.20627093833785E+15","6.63302493518053E+15","6.11623933104959E+15","6.56974264842152E+15","6.94210288240288E+15","6.72832321655169E+15","6.54665054143452E+15","6.17808830949402E+15","5.32063301488667E+15","4.80306360015146E+15","4.30521608026953E+15","3.80197919866506E+15","3.16078836154068E+15","2.30200565212602E+15","2.04196671877412E+15","1.62096052497187E+15","1.05956927870038E+15","111326370011523","",
"Samoa","WSM","GDP (current US$)","NY.GDP.MKTP.CD","","","","","","","","","","","452083378.590483","537195688.779719","625661164.845658","824529856.519102","935496107.60936","934892823.612103","850030776.249099","982956708.262372","2651982082.29216","2995995741.72873","3081421090.8813","2896345136.31481","14830681762.4185","13685796043.3798","13383502890.5411","11746378895.5821","12504243581.7875","13841426076.9294","16735578503.3704","15561457593.2283","15977812369.6901","15940437918.0822","16508625926.9634","15954100782.3822","25753318929.7219","26257984531.7814","29248707998.6356","32975516506.2431","30840625993.5022","29636209680.9179","30440577616.3747","30722923426.0807","32232375211.2778","37740225165.5371","46108779875.5524","50731197897.3579","53940787662.5001","59520210402.1162","64935516417.9148","58461001847.4892","64541551064.4832","69297140949.772","69775360298.6426","67031147549.41","61483807162.9493","56777226886.2105","50920359278.804","45303701094.8365","37337793744.8084","31826698674.6646","22965766392.1402","17610866829.5942","13325552369.4005","9365538008.08497","1068025243.63929","",
"Kosovo","XKX","GDP (current US$)","NY.GDP.MKTP.CD","","","","","","","","","","","","","","","","","","","","","","","","","","","","","","","","","","","","","","","","","142388098318.075","195220689655.516","201275285674.006","245354970034.026","278361929629.727","286183863374.389","304820216024.36","374346376034.676","573100201333.168","552464407129.199","562077439788.046","618271384868.404","569311898226.637","585690605967.656","561056951740.806","447049637335.466","421669269647.594","381615845040.309","347799533782.47","284789415305.217","208043927362.062","196856664324.755","150064919778.633","104562722367.012","11148602232.663","",
"Yemen","YEM","GDP (current US$)","NY.GDP.MKTP.CD","","","","","","","","","","","","","","","","","","","","","","","","","","6225400000","6266700000","5959100000","6400000000","6661700000","786878819217.591","841957607975.21","949092300051.309","877149907594.117","819543733531.488","636056698636.596","713811650097.273","826871556110.045","756748824518.518","904608336798.554","1132865948730.18","1145237575878.87","1225602518348.75","1340645216210.64","1577553790571.02","1871791186643.99","2097463607560.72","2412575281277.37","2887300878970.01","2622848077764.8","3009262888336.34","3068432061163.45","3126949224452.92","3355001733800.01","2896116133440.54","2719859956521.31","1850958439800.79","1264694289922.33","1032118225834.23","156680638404.074","37681023816.4968","42123383259.0738","","","","",
"Yemen, PDR","YMD","GDP (current US$)","NY.GDP.MKTP.CD","","","","","","","","","","","","","","","","","","","","","","","","","","","","","","","","","","","","","","","","","","","","","","","","","","","","","","","","","","","","","","","","","","",
"Serbia and Montenegro","YUG","GDP (current US$)","NY.GDP.MKTP.CD","","","","","","","","","","","","","","","","","","","","","","","","","","","","","","","","","","","54514470213.6789","111702626668.586","113568753223.804","129800345334.355","110196146486.21","90432261885.6763","76740475718.676","91895175961.2222","109000560259.546","124058438765.167","121050661269.148","79489738752","27816792064","","","","","","","","","","","","","","","","","","","",
"South Africa","ZAF","GDP (current US$)","NY.GDP.MKTP.CD","920766399855.366","969082572649.451","1033464629849.64","1145669853398.77","1259738145588.13","1398379705018.39","1523402797968.83","1698654331196.54","1837350740366.31","2069000079132.99","2360817973135.13","2606990366167.39","2733581721280.03","3743971224295.16","4695668806485.27","4860103557457.84","4665204133033.07","5172773073636.23","5938355330982.45","7313896753656.89","10506236590367.8","11120647503274.5","10242431493387.6","11188624984166.9","10543656431178.3","8188240953712.61","9552841724089.06","12515970377273.4","13658481007765.8","14608754304302.2","14622666952036.7","15675112047642.1","17003984834701.4","16964540814001.1","17427339590698.7","19271195361832.9","18181132794768.6","18676116705576.6","16751019956643.9","16467463543969.4","16302484358759.2","14423301585977.5","13548791586735.7","20392957424417.7","26340253098974.9","29209865748088.8","30288064899055.7","32729475853375.1","30495659404256","30727995479382.2","38304447597306.7","40380126099789.5","36452132449969.6","31892780628378.8","28087592984347.1","23216369306548.3","19305239087098.6","19287730417610.9","17081342306413.1","13549332622372.9","9004586878400.75","8820130772589.72","6496025133644.59","3795322034832.43","400260724226.067","",
"Congo, Dem. Rep.","COD","GDP (current US$)","NY.GDP.MKTP.CD","","","","","","","","","","","","","","","","","","","","","","","","","","","","","","","","","","","5840530472.68908","5647034074.07407","5772020526.10602","6091061291.30501","6215716712.29467","4711259427.27273","19088046305.7971","7438189100.33333","8728038525.14034","8937567059.87754","10297483481.223","11964484667.9102","14296507096.4135","16364029327.3456","19206060270.2521","18262773820.8055","20523285374.187","23849009737.6669","27463220380.0054","30014813755.7719","32782281736.251","","","","","","","","","","","",
"Zambia","ZMB","GDP (current US$)","NY.GDP.MKTP.CD","84704370965.6338","82718714333.129","83038485875.6654","86101942186.8059","100563508436.126","130787263043.576","152700168104.846","165226758625.776","193955093541.704","237418566899.904","229400470671.268","212020873856.351","239757626798.474","300717588404.143","380456322932.389","319165188748.161","345770893047.145","317781535913.917","357096092814.028","424477239560.901","490495985554.462","502110640826.21","497932857481.229","416412847930.61","346396454320.748","287529401772.113","211255095896.411","287361652196.912","472498578613.882","507872631066.042","417846600945.878","429442467660.938","400968480450.81","413389692526.062","440725613953.436","455166697891.484","425946977200.152","505353174056.965","413223035741.193","395004079305.237","411644884190.829","463209894696.095","470039518643.526","545663878739.823","684223794293.251","899327509713.426","1346405640174.48","1451687574043.8","1804253695008.68","1512967157792.93","1953219901992.15","2176348712669.54","2250064196563.48","2353186900126.59","2116835639773.93","1506010206666.97","1312263300472.18","1370802190437.81","1163753996391.59","838141852867","492886692419.145","462545391170.073","468482529987.7","278118262643.178","26325775287.0226","",
"Zimbabwe","ZWE","GDP (current US$)","NY.GDP.MKTP.CD","126150113045.566","131380203832.146","135008252133.693","140071065528.186","147032422424.997","159735063912.093","156119226211.075","170157286522.131","180217853639.649","212909278247.42","237052590098.061","274104908619.26","336886072380.898","416350873761.378","500997021491.868","549954541680.827","543295644061.875","549084199542.204","547476273119.438","651377785455.422","840270462999.396","1007913366853.24","1074382274382.68","976799639512.287","799162866719.28","709230183236.3","782161223009.403","847963581414.168","983601382175.467","1041336569237.13","1103611931308.45","1084080603537.51","848821003958.62","822246802896.691","850814851183.834","873629610414.7","1042613520736.13","1031089915817.28","761767271045.444","796959771249.554","800351858104.407","848992469066.862","964830967150.734","668523415281.83","642342474124.764","618089624690.337","553881786694.278","533392033048.379","445817686244.469","865411263690.833","1047157808231.3","1192163110128.66","1355644692778.88","1437856085832.31","1381557253734.49","1310996071331.05","1229722828375.71","1234091886599.45","1264922101998.59","778307342819.595","581395719882.264","584704639473.085","450338972924.481","317541302768.062","44187704410.1191","",
